Gene,HRA_CD4Naive_LFC,RZV_D14_LFC,RZV_D74_LFC,RZV_D365_LFC,Direction
A2M,-0.036,-0.7,-2.5,-2.5,Concordant Down
PPP1R2C,-0.026,-0.8,-3.6,-3.8,Concordant Down
PPP2R2B,-0.066,-3.7,-3.9,-3.5,Concordant Down
PPP2R3B,-0.446,-1.7,-3.9,-1.9,Concordant Down
PPP4R4,-0.015,-3.7,-5.5,-0.6,Concordant Down
PRDM11,-0.005,-1.8,-0.0,-2.2,Concordant Down
PREX1,-0.29,-0.7,0.3,0.4,Concordant Down
PRIM2,-0.029,-1.3,-1.5,-0.2,Concordant Down
PRKAR2B,-0.014,-2.5,-2.5,0.3,Concordant Down
PROB1,-0.008,-1.3,0.3,-2.2,Concordant Down
PROCA1,-0.083,-2.5,-3.6,-1.8,Concordant Down
PROK2,-0.375,-1.7,1.1,-0.3,Concordant Down
PRRT3,-0.013,-1.5,-0.2,-2.0,Concordant Down
PRX,-0.061,-0.7,1.0,-0.3,Concordant Down
PRXL2A,-0.271,-2.9,-2.6,0.1,Concordant Down
PTCH1,-0.089,-6.3,-6.2,-5.6,Concordant Down
PTPN23,-0.055,-0.7,-0.9,-1.4,Concordant Down
PTPRK,-0.272,-1.7,-2.1,-2.2,Concordant Down
PYGM,-0.026,-1.0,-1.5,-0.2,Concordant Down
RAB20,-0.123,-1.9,-6.4,-0.3,Concordant Down
PPP1R13B,-0.127,-0.9,-0.2,0.3,Concordant Down
RAB31,-0.418,-1.0,-1.9,-0.9,Concordant Down
PPFIBP1,-0.006,-4.8,-4.0,-4.9,Concordant Down
POPDC2,-0.039,-0.9,-0.2,1.4,Concordant Down
PITPNC1,-0.319,-0.8,-0.1,-0.7,Concordant Down
PITRM1-AS1,-0.016,-0.6,0.2,-1.1,Concordant Down
PJVK,-0.78,-2.7,2.6,-3.3,Concordant Down
PKHD1,0.0,-0.9,-0.3,-0.8,Concordant Down
PLAUR,-0.421,-1.7,-5.6,-1.1,Concordant Down
PLB1,-0.165,-0.8,-0.7,-1.3,Concordant Down
PLCD1,-0.069,-1.7,0.8,1.6,Concordant Down
PLCG1-AS1,-0.077,-0.9,-2.7,-3.5,Concordant Down
PLCL1,-0.152,-2.4,-0.0,-1.5,Concordant Down
PLCXD1,-0.068,-2.0,-0.2,-2.3,Concordant Down
PLD1,-0.053,-0.8,0.8,-0.9,Concordant Down
PLD6,-0.018,-1.0,-1.2,-0.5,Concordant Down
PLEKHD1,-0.006,-1.5,0.7,0.8,Concordant Down
PLEKHG1,-0.246,-1.4,1.4,-0.6,Concordant Down
PLEKHN1,-0.006,-2.2,-1.4,0.2,Concordant Down
PLK2,-0.07,-2.9,-4.3,-1.0,Concordant Down
PMAIP1,-0.44,-0.6,-0.4,-0.1,Concordant Down
PMEL,-0.082,-2.2,-3.6,-3.2,Concordant Down
POMZP3,-0.175,-1.0,0.1,1.0,Concordant Down
PPBP,-0.301,-2.2,-1.2,1.2,Concordant Down
PIK3CD-AS1,-0.058,-1.2,2.2,1.3,Concordant Down
RAD51B,-0.228,-0.7,0.8,-0.5,Concordant Down
RAI14,-0.01,-4.1,-3.2,0.7,Concordant Down
RRAD,-0.031,-1.0,-1.5,-1.9,Concordant Down
RTL5,-0.041,-1.0,-0.0,0.2,Concordant Down
RTN2,-0.033,-0.6,-0.8,-0.4,Concordant Down
SAMD4A,-0.032,-1.4,-1.0,-1.2,Concordant Down
SAP30-DT,-0.429,-0.7,2.2,-0.4,Concordant Down
SAP30L-AS1,-0.082,-1.3,0.3,0.8,Concordant Down
SBF2,-0.777,-3.6,-3.8,-0.1,Concordant Down
SCMH1,-0.025,-0.8,0.5,-0.5,Concordant Down
SCML2,-0.005,-3.2,-4.2,-3.1,Concordant Down
SCN8A,-0.022,-3.1,-1.6,-1.8,Concordant Down
SCOC-AS1,-0.066,-0.9,-0.9,-2.5,Concordant Down
SELENOK,-0.366,-0.6,-0.7,0.0,Concordant Down
SELENOM,-0.002,-1.2,-1.2,1.2,Concordant Down
SELP,-0.034,-1.4,-2.8,-1.3,Concordant Down
SEMA4C,-0.019,-3.2,-0.6,-1.1,Concordant Down
SEMA6C,-0.031,-1.2,0.0,-0.5,Concordant Down
SEMA7A,-0.018,-0.7,-0.6,-1.0,Concordant Down
SEPTIN10,-0.05,-3.2,-2.4,-0.5,Concordant Down
SEPTIN8,-0.095,-1.5,-1.9,-1.2,Concordant Down
RPGRIP1,-0.042,-0.8,-1.7,0.1,Concordant Down
RAD54L,0.0,-1.1,-1.7,-1.8,Concordant Down
RNF169,-0.165,-0.9,-0.2,-0.4,Concordant Down
RNF130,-0.219,-2.2,-4.2,-0.9,Concordant Down
RAI2,-0.014,-1.1,-1.6,-1.0,Concordant Down
RALGPS1,-0.048,-4.3,-2.9,-1.9,Concordant Down
RAPH1,-0.086,-1.2,-0.7,-0.6,Concordant Down
RAPSN,-0.066,-0.9,-1.3,-1.6,Concordant Down
RASD1,-0.008,-0.8,-2.0,1.1,Concordant Down
RASGEF1A,-0.08,-4.2,-0.5,-0.1,Concordant Down
RASGEF1B,-0.005,-1.1,-1.7,-0.5,Concordant Down
RBFOX2,-3.59,-1.6,-3.1,-1.3,Concordant Down
RBMS2,-0.099,-1.0,-3.5,-2.5,Concordant Down
RBP5,-0.0,-0.8,-1.8,-0.8,Concordant Down
RBPMS,-0.035,-2.7,-3.7,-4.7,Concordant Down
REEP6,-0.056,-0.8,0.0,1.8,Concordant Down
RELL1,-0.2,-3.0,0.5,0.2,Concordant Down
RELT,-0.244,-0.9,-1.0,-1.8,Concordant Down
RFX2,-0.174,-3.2,-1.6,-0.2,Concordant Down
RGMB,-0.103,-5.2,-3.2,-5.4,Concordant Down
RGS17,0.0,-1.4,1.0,0.4,Concordant Down
RGS18,-0.11,-1.1,-2.4,1.6,Concordant Down
RHOD,0.0,-2.0,-2.8,-2.3,Concordant Down
RNF144B,-0.062,-1.1,-2.3,-1.4,Concordant Down
PIGQ,-0.062,-1.3,-0.5,-1.4,Concordant Down
PHLDB3,-0.146,-0.8,-1.8,-0.0,Concordant Down
PHLDB1,0.0,-1.8,-1.0,-0.6,Concordant Down
MYBL1,-0.056,-3.2,-1.9,-0.4,Concordant Down
MYO15B,-0.158,-1.4,-2.7,-2.6,Concordant Down
MYO1D,-0.079,-0.7,-1.2,0.8,Concordant Down
MYO5C,-0.017,-0.8,-0.4,-0.1,Concordant Down
NAP1L5,-0.041,-2.6,-3.7,-4.9,Concordant Down
NAPSA,-0.018,-0.6,-0.4,2.4,Concordant Down
NBPF10,-0.006,-1.9,-1.0,-1.8,Concordant Down
NBPF3,-0.09,-2.9,-2.6,-1.8,Concordant Down
NCAPH2,-0.123,-0.6,-0.4,-0.5,Concordant Down
NDUFB2-AS1,-0.003,-0.8,1.0,-1.9,Concordant Down
NECTIN1,-0.073,-1.1,-0.4,0.1,Concordant Down
NECTIN3,-0.102,-1.8,-2.5,-1.6,Concordant Down
NEK10,-1.055,-1.2,-0.7,-1.8,Concordant Down
NELL2,-0.056,-1.0,-1.6,-0.9,Concordant Down
NFIA,-0.07,-2.3,-1.1,-0.2,Concordant Down
NFIL3,-0.238,-0.8,-0.2,0.2,Concordant Down
NFKBIA,-0.838,-0.7,-0.4,0.0,Concordant Down
NIBAN1,-1.396,-0.7,0.2,-0.0,Concordant Down
NIPAL1,-0.012,-1.2,-0.1,-1.3,Concordant Down
MXRA8,-0.0,-2.4,-0.5,-2.3,Concordant Down
NOMO3,-0.069,-1.3,0.9,-1.0,Concordant Down
MTMR8,-0.169,-1.5,-0.2,1.3,Concordant Down
MTCP1,-0.011,-1.3,1.4,1.6,Concordant Down
MFGE8,-0.008,-2.0,-3.4,-1.7,Concordant Down
MFSD12,-0.363,-0.7,-0.1,-0.1,Concordant Down
MGARP,-0.024,-2.5,-1.8,-2.3,Concordant Down
MGAT4A,-0.371,-0.8,-0.4,-0.4,Concordant Down
MIB2,-0.143,-0.8,-0.3,0.1,Concordant Down
MID1,-0.035,-1.4,-2.0,-0.2,Concordant Down
MIR22HG,-0.524,-0.7,0.1,0.1,Concordant Down
MIR3681HG,-0.04,-0.8,0.5,-0.1,Concordant Down
MIR3945HG,-0.109,-0.6,1.0,-0.1,Concordant Down
MIR4422HG,-0.007,-1.0,-2.3,-0.6,Concordant Down
MIRLET7A1,0.0,-2.0,-0.4,1.4,Concordant Down
MISP3,-0.016,-1.8,-3.4,0.4,Concordant Down
MLANA,-0.017,-1.6,1.2,0.0,Concordant Down
MMD,-0.158,-1.4,-3.5,-0.6,Concordant Down
MMP19,-0.007,-1.9,-0.5,-1.8,Concordant Down
MMP9,-0.115,-0.6,-0.4,1.0,Concordant Down
MOK,-0.116,-0.9,-2.6,-0.5,Concordant Down
MORC2-AS1,-0.074,-1.4,-0.5,1.0,Concordant Down
MORN1,-0.02,-1.8,-1.2,-0.9,Concordant Down
MTFR1,-0.092,-0.9,-0.8,-0.5,Concordant Down
NOX1,-0.133,-3.4,-3.4,-2.6,Concordant Down
NPL,-0.041,-1.9,3.7,1.3,Concordant Down
NPW,-0.105,-1.7,-1.8,-3.4,Concordant Down
PAPSS2,-0.001,-1.4,-2.5,0.1,Concordant Down
PAQR6,-0.034,-1.0,-2.0,-0.6,Concordant Down
PCAT1,-0.068,-1.5,-3.0,-3.1,Concordant Down
PCBP3,-0.163,-0.8,-0.8,-0.8,Concordant Down
PCYT2,-0.108,-1.0,-1.5,0.7,Concordant Down
PDE4A,-0.018,-2.0,0.3,-2.2,Concordant Down
PDE4B,-0.102,-0.7,-0.5,-0.0,Concordant Down
PDLIM7,-0.329,-1.3,1.7,-1.4,Concordant Down
PEAK3,-0.022,-1.1,-3.4,-0.3,Concordant Down
PEG10,-0.012,-3.3,-4.1,-3.1,Concordant Down
PELI2,-0.118,-2.2,-3.4,-1.1,Concordant Down
PELI3,-0.054,-3.6,-1.4,-4.5,Concordant Down
PER3,-0.01,-0.9,-1.1,-1.3,Concordant Down
PF4,-0.053,-3.0,-3.5,0.3,Concordant Down
PFN2,-0.26,-2.1,-0.9,-5.0,Concordant Down
PGAP3,-0.062,-1.2,-2.7,0.5,Concordant Down
PGBD1,-0.023,-1.9,-0.5,0.7,Concordant Down
PHACTR1,-0.042,-1.2,-1.5,-0.8,Concordant Down
PHF7,-0.135,-4.1,-0.0,-3.2,Concordant Down
PACRG,-0.014,-2.1,-1.3,-1.3,Concordant Down
P4HA2,-0.048,-0.6,0.3,1.1,Concordant Down
P2RX5-TAX1BP3,-0.052,-0.7,-0.0,-0.3,Concordant Down
OTULINL,-0.965,-1.7,0.2,-1.5,Concordant Down
NQO2,-0.05,-0.6,0.0,1.0,Concordant Down
NR2F6,-0.037,-1.1,0.3,-1.7,Concordant Down
NR3C2,-0.068,-3.6,-4.0,-2.6,Concordant Down
NR4A1,-0.106,-0.8,-0.6,-0.1,Concordant Down
NR4A2,-0.767,-1.5,-1.3,-0.2,Concordant Down
NR4A3,-0.008,-1.0,-0.6,-0.9,Concordant Down
NREP,-0.014,-2.2,-0.2,-3.6,Concordant Down
NRIP3,-0.004,-5.4,-2.1,-3.0,Concordant Down
NRXN1,-0.015,-1.7,-1.7,-0.4,Concordant Down
SETD7,-0.189,-1.3,-0.0,0.1,Concordant Down
NSG1,-0.083,-1.0,-5.0,1.6,Concordant Down
NTM,-0.024,-1.4,-1.4,-2.5,Concordant Down
NUP155,-0.089,-0.7,-0.2,-0.6,Concordant Down
OAF,-0.019,-2.6,-4.1,-1.6,Concordant Down
OBSCN-AS1,-0.069,-3.1,-1.8,-2.1,Concordant Down
OGFRL1,-0.44,-2.7,-1.8,-2.1,Concordant Down
OSBPL10,-0.09,-1.1,-2.6,-2.8,Concordant Down
OSER1-DT,-0.391,-0.7,-1.4,1.7,Concordant Down
OSM,-0.092,-2.0,-2.8,-0.3,Concordant Down
OTUD7A,-0.072,-3.3,-2.0,-1.8,Concordant Down
NT5E,-0.205,-2.5,-2.1,-0.9,Concordant Down
SGK3,-0.267,-1.0,-1.2,-0.4,Concordant Down
SGSM3,-0.205,-1.9,0.4,-1.3,Concordant Down
SH2B2,-0.164,-0.6,-4.1,-0.4,Concordant Down
TUBB1,-0.087,-3.8,-3.5,-3.7,Concordant Down
TUBG2,-0.011,-0.9,0.5,0.6,Concordant Down
TUFT1,-0.026,-1.8,-2.6,0.8,Concordant Down
UBAC2-AS1,-0.098,-0.7,-2.6,-1.2,Concordant Down
UBAP1L,-0.034,-1.9,-1.1,0.0,Concordant Down
UBE2E2,-0.003,-1.1,-2.4,-2.8,Concordant Down
UNC13B,-0.015,-1.7,-1.4,-1.4,Concordant Down
UNC79,-0.018,-1.4,-3.0,-4.2,Concordant Down
UPB1,-0.033,-1.9,-0.1,-1.5,Concordant Down
USP21,-0.11,-1.1,-0.9,-1.0,Concordant Down
USP3-AS1,-0.34,-0.8,-0.1,-0.6,Concordant Down
USP31,-0.053,-0.8,-0.8,-1.1,Concordant Down
UST,-0.091,-0.6,-0.7,1.8,Concordant Down
VLDLR,0.0,-1.5,-2.9,-3.3,Concordant Down
VPS9D1-AS1,-0.029,-0.7,-1.8,-1.3,Concordant Down
WASHC1,-0.065,-1.0,-0.3,-0.1,Concordant Down
WBP2NL,-0.098,-1.5,0.6,-1.1,Concordant Down
WDR86,-0.218,-2.5,-1.7,0.4,Concordant Down
WDR86-AS1,-0.13,-2.8,-3.2,-1.1,Concordant Down
TUBAP2,0.0,-1.6,-0.9,0.0,Concordant Down
WHRN,-0.19,-2.4,-0.6,-0.1,Concordant Down
TUBA8,-0.032,-1.9,-0.7,0.3,Concordant Down
TTBK2,-0.09,-1.7,-1.2,0.4,Concordant Down
TRAV23DV6,-0.031,-0.7,-0.7,-0.4,Concordant Down
TRAV35,0.0,-0.8,-1.1,-0.8,Concordant Down
TRBD1,-0.025,-0.9,0.3,0.6,Concordant Down
TRBJ1-2,0.0,-0.8,-0.9,-0.3,Concordant Down
TRBV21-1,-0.016,-2.4,0.2,-2.5,Concordant Down
TRBV27,-0.012,-5.4,-1.9,0.3,Concordant Down
TRBV30,-0.048,-1.2,-0.3,-1.5,Concordant Down
TRBV7-2,-0.006,-1.6,2.7,-1.4,Concordant Down
TRBV7-4,-0.043,-3.4,-1.5,-0.8,Concordant Down
TRGV5P,0.0,-0.9,-2.2,-1.7,Concordant Down
TRGV7,-0.025,-1.3,0.6,-0.7,Concordant Down
TRIM3,-0.038,-1.2,-0.2,1.0,Concordant Down
TRPV3,0.0,-1.0,1.7,2.3,Concordant Down
TSC22D1,-0.089,-2.2,-1.1,-0.7,Concordant Down
TSNAXIP1,-0.097,-1.6,-0.4,0.7,Concordant Down
TSPAN13,-0.004,-2.1,-0.6,-0.8,Concordant Down
TSPAN18,-0.025,-3.1,-2.8,-2.0,Concordant Down
TSPAN33,-0.121,-2.4,-2.4,0.9,Concordant Down
TSPYL2,-0.944,-0.9,-0.8,-0.6,Concordant Down
TUBA1A,-0.184,-0.6,-0.2,0.2,Concordant Down
WNT10A,-0.028,-1.5,-3.6,0.5,Concordant Down
WNT7A,-0.169,-4.8,-4.1,0.9,Concordant Down
WWC1,-0.022,-2.8,-3.5,-3.0,Concordant Down
ZNF532,-0.021,-1.0,0.2,-2.0,Concordant Down
ZNF563,-0.037,-0.8,-1.7,2.0,Concordant Down
ZNF610,-0.024,-0.9,-0.8,1.9,Concordant Down
ZNF696,-0.015,-1.4,0.9,-0.6,Concordant Down
ZNF704,0.0,-0.6,-0.7,-0.9,Concordant Down
ZNF710,-0.099,-1.3,-1.4,-1.8,Concordant Down
ZNF711,-0.067,-2.7,-2.2,0.5,Concordant Down
ZNF77,-0.054,-0.7,2.1,1.6,Concordant Down
ZNF787,-0.224,-1.2,-0.4,-1.3,Concordant Down
ZNF790-AS1,-0.128,-1.3,-0.0,-0.2,Concordant Down
ZNF852,-0.097,-0.6,1.2,1.1,Concordant Down
ZNF880,-0.273,-0.8,-0.9,0.7,Concordant Down
ZNF883,-0.048,-4.5,-4.9,-3.9,Concordant Down
ZNRF3,-0.031,-1.6,-0.3,-1.0,Concordant Down
ZP1,-0.083,-0.6,0.3,-1.0,Concordant Down
ZSCAN18,-0.192,-2.8,-4.4,1.0,Concordant Down
ZSWIM4,-0.013,-0.6,-0.4,2.8,Concordant Down
ZSWIM5,-0.171,-3.1,-4.0,-1.3,Concordant Down
ZSWIM6,-0.73,-1.3,-0.7,-0.5,Concordant Down
ZNF525,-0.017,-1.7,-0.6,-0.5,Concordant Down
ZNF516,-0.193,-3.1,-3.9,-3.0,Concordant Down
ZNF496,-0.097,-0.7,-0.7,-0.3,Concordant Down
ZNF483,-0.009,-1.2,-3.2,-1.1,Concordant Down
WWC2,-0.042,-4.8,-4.9,-1.1,Concordant Down
XYLB,-0.044,-1.0,-2.8,0.1,Concordant Down
XYLT1,-0.189,-1.0,-0.8,-1.2,Concordant Down
YES1,-0.05,-1.8,-1.4,-1.3,Concordant Down
ZBED3,-0.071,-1.6,-1.4,-2.4,Concordant Down
ZBP1,-0.005,-1.8,-2.1,-0.3,Concordant Down
ZBTB20,-0.301,-1.3,-0.8,0.2,Concordant Down
ZBTB22,-0.229,-1.9,-4.4,0.8,Concordant Down
ZDHHC11,-0.043,-3.8,-0.3,-2.4,Concordant Down
TPGS1,-0.614,-0.7,-0.8,0.2,Concordant Down
ZDHHC11B,-0.101,-2.1,-1.9,-2.2,Concordant Down
ZEB1,-0.051,-0.8,-0.5,-0.3,Concordant Down
ZFAND3,-0.264,-1.1,0.0,0.1,Concordant Down
ZFHX3,-0.009,-1.9,0.8,-0.3,Concordant Down
ZFR2,-0.028,-7.8,-5.3,-5.5,Concordant Down
ZMIZ1,-0.01,-0.9,0.7,-2.7,Concordant Down
ZMYM4,-1.598,-0.8,-0.9,-0.6,Concordant Down
ZMYND15,-0.037,-0.9,2.6,1.4,Concordant Down
ZNF296,-0.022,-1.5,-0.4,-1.2,Concordant Down
ZNF320,-0.162,-3.4,-1.6,-1.8,Concordant Down
ZDHHC14,-0.059,-1.8,-0.0,-1.5,Concordant Down
METRNL,-0.542,-2.0,-1.3,-0.6,Concordant Down
TP53I11,-0.006,-2.7,-3.8,-2.8,Concordant Down
TNFSF9,-0.087,-1.7,-0.8,-0.2,Concordant Down
SLC5A11,-0.005,-0.6,2.7,0.4,Concordant Down
SLC9A5,-0.011,-1.3,-2.8,-3.2,Concordant Down
SLCO4C1,-0.095,-1.0,-1.6,0.7,Concordant Down
SLPI,-0.105,-2.0,-2.0,0.2,Concordant Down
SNCA,-0.052,-0.9,-2.5,-0.4,Concordant Down
SNHG31,-0.684,-1.2,-0.4,-0.4,Concordant Down
SNORA54,0.0,-0.6,0.5,-1.6,Concordant Down
SNX32,-0.405,-1.0,-0.8,-1.7,Concordant Down
SOCS3,-0.513,-2.8,-1.6,-4.2,Concordant Down
SORBS3,-0.24,-2.2,-3.5,-1.1,Concordant Down
SOX13,-0.024,-3.4,-4.5,-2.0,Concordant Down
SP2-AS1,-0.072,-1.6,0.7,-0.8,Concordant Down
SPAG1,-0.06,-0.7,-0.3,-0.2,Concordant Down
SPINT1-AS1,-0.005,-0.7,0.7,1.4,Concordant Down
SPP1,-0.045,-5.4,-6.2,-5.9,Concordant Down
SPRED1,-0.017,-2.6,-4.0,-2.1,Concordant Down
SPRY1,-0.175,-1.2,-0.5,-0.3,Concordant Down
SPTLC3,-0.003,-1.1,-0.8,-1.8,Concordant Down
SRC,-0.023,-3.8,-3.7,-1.3,Concordant Down
SLC45A4,-0.129,-0.8,0.6,-0.1,Concordant Down
SRGAP1,-0.007,-1.8,-2.0,-2.6,Concordant Down
SLC43A2,-0.216,-0.8,-0.4,-0.7,Concordant Down
SLC35F3,-0.068,-1.2,-1.4,-2.3,Concordant Down
SH3BGRL2,-0.05,-1.2,-2.0,-0.9,Concordant Down
SH3D19,-0.117,-1.0,-0.6,-3.7,Concordant Down
SH3RF3,-0.074,-1.0,-0.8,-1.9,Concordant Down
SHB,0.0,-4.0,-5.0,-2.6,Concordant Down
SHF,-0.005,-1.5,-2.5,-1.5,Concordant Down
SLAIN1,-0.122,-1.0,-0.4,-0.8,Concordant Down
SLC16A3,-0.069,-1.3,0.3,-0.4,Concordant Down
SLC22A23,-0.042,-0.7,0.1,-2.0,Concordant Down
SLC22A5,-0.354,-1.1,-0.2,-0.1,Concordant Down
SLC25A30,-0.025,-0.6,0.8,-0.1,Concordant Down
SLC25A45,-0.104,-1.0,1.0,-0.1,Concordant Down
SLC26A11,-0.067,-0.8,1.1,-1.3,Concordant Down
SLC27A5,-0.042,-1.6,-0.7,-0.6,Concordant Down
SLC29A2,-0.022,-4.1,-2.2,-1.4,Concordant Down
SLC2A13,-0.032,-0.8,-2.0,0.1,Concordant Down
SLC2A14,-0.048,-0.9,-0.8,0.4,Concordant Down
SLC2A3,-0.279,-1.3,-0.6,-0.4,Concordant Down
SLC31A2,-0.019,-1.2,-0.9,-0.4,Concordant Down
SLC35A2,-0.015,-0.8,-0.0,-0.6,Concordant Down
SLC35G1,-0.087,-1.3,-0.3,-1.9,Concordant Down
SSH3,-0.008,-1.6,-0.6,0.0,Concordant Down
ST14,-0.014,-2.2,-1.3,-1.2,Concordant Down
ST8SIA6,-0.028,-1.0,-1.7,-1.5,Concordant Down
TJP3,-0.062,-2.6,-4.1,-1.5,Concordant Down
TLCD1,-0.016,-1.7,-7.5,-3.7,Concordant Down
TLCD3A,-0.022,-1.6,-0.7,-0.2,Concordant Down
TLE2,-0.265,-4.2,-6.0,-1.8,Concordant Down
TMEM143,-0.067,-0.9,0.2,-0.2,Concordant Down
TMEM164,-0.075,-0.6,-2.0,-1.7,Concordant Down
TMEM182,-0.036,-3.4,-4.2,-1.8,Concordant Down
TMEM220,-0.142,-2.2,0.3,-0.8,Concordant Down
TMEM232,-0.0,-3.4,-4.7,-3.8,Concordant Down
TMEM238,-0.897,-0.7,-0.6,-1.0,Concordant Down
TMEM273,-0.25,-2.6,1.2,-0.9,Concordant Down
TMEM65,-0.099,-2.1,0.7,-0.6,Concordant Down
TMEM86A,-0.007,-0.7,0.7,1.2,Concordant Down
TMEM88,-0.019,-1.0,-1.6,-0.2,Concordant Down
TMLHE,-0.083,-1.0,-0.3,-0.3,Concordant Down
TMX4,-0.013,-0.6,-0.0,-0.4,Concordant Down
TNFRSF10B,-0.173,-1.3,-1.0,0.1,Concordant Down
TNFRSF12A,-0.014,-1.0,0.1,0.3,Concordant Down
TNFSF8,-0.161,-0.7,-0.5,-0.0,Concordant Down
TIMP2,-0.217,-3.3,-1.4,-1.6,Concordant Down
TIGD4,-0.002,-3.4,-4.1,-2.0,Concordant Down
TGFBI,-0.024,-0.7,1.4,1.1,Concordant Down
TGFB1,-0.517,-0.9,-0.2,-0.1,Concordant Down
STIM2-AS1,-0.076,-0.8,1.2,-3.4,Concordant Down
STK40,-0.346,-0.6,0.7,0.3,Concordant Down
STX3,-0.237,-3.6,-3.5,-0.6,Concordant Down
SULF2,-0.37,-1.7,-4.2,-0.7,Concordant Down
SULT1A1,-0.337,-1.7,-2.9,-0.3,Concordant Down
SUSD4,-0.139,-3.4,-0.1,1.8,Concordant Down
SYDE2,-0.005,-2.2,-3.4,-0.8,Concordant Down
SYNGR1,-0.207,-0.7,-0.8,-1.5,Concordant Down
SYNGR3,-0.019,-0.7,-0.0,0.2,Concordant Down
TNRC6C,-0.027,-0.7,-0.3,-1.4,Concordant Down
TANC2,-0.031,-4.3,-3.5,-2.3,Concordant Down
TCEA2,-0.125,-1.3,-0.5,0.3,Concordant Down
TCEAL3,-0.013,-4.3,-2.8,-0.8,Concordant Down
TCN1,-0.012,-1.7,-0.1,1.1,Concordant Down
TDRD9,-0.005,-0.9,0.1,-1.2,Concordant Down
TEAD1,-0.007,-3.3,-1.4,-3.6,Concordant Down
TEC,-0.003,-3.5,-5.1,-5.0,Concordant Down
TENT5A,-0.392,-2.5,-2.4,-0.2,Concordant Down
TEX41,-0.048,-1.6,-1.6,-1.5,Concordant Down
TG,-0.205,-1.0,-0.9,-1.7,Concordant Down
TBC1D19,-0.111,-1.6,0.8,1.2,Concordant Down
MEST,-0.051,-3.4,-5.7,0.5,Concordant Down
TMEM129,-0.157,-1.0,1.9,-1.7,Concordant Down
MDK,-0.002,-2.8,-3.8,-3.7,Concordant Down
CORO6,-0.007,-2.6,0.4,-1.6,Concordant Down
CPD,-0.071,-1.0,-0.3,-0.5,Concordant Down
CPQ,-0.265,-2.0,-2.3,0.9,Concordant Down
CRABP2,-0.003,-1.5,-1.7,-1.5,Concordant Down
CRIP2,-0.042,-1.3,0.6,0.6,Concordant Down
CRPPA,0.0,-0.8,-3.8,-1.6,Concordant Down
CSNK1G2,-0.668,-0.7,0.1,-1.2,Concordant Down
CSRNP1,-0.088,-0.9,-0.9,-0.5,Concordant Down
CTBP1-DT,-0.708,-2.4,-4.0,-0.2,Concordant Down
CTBP2,-0.035,-2.0,-1.8,0.3,Concordant Down
CTIF,-0.001,-4.3,-3.9,-4.4,Concordant Down
CTSW,-0.299,-2.1,-2.8,-2.7,Concordant Down
CXCL16,-0.282,-0.7,-1.0,0.1,Concordant Down
CXCR4,-0.584,-1.5,-0.9,-0.4,Concordant Down
CYB561,-0.107,-3.1,-1.1,0.3,Concordant Down
CYP4F22,-0.006,-0.8,2.1,0.3,Concordant Down
CYP4V2,-0.109,-2.2,-2.0,-1.2,Concordant Down
CYSTM1,-0.1,-0.9,-0.5,-0.5,Concordant Down
CYTH4,-0.224,-0.8,-0.6,0.1,Concordant Down
COL4A3,-0.04,-0.9,-0.5,-1.0,Concordant Down
DBH-AS1,-0.015,-1.4,0.6,-3.0,Concordant Down
COA6-AS1,-0.973,-2.8,-2.3,-0.3,Concordant Down
CMIP,-0.1,-0.6,-0.5,-2.0,Concordant Down
CDYL,-0.183,-1.1,-1.9,-1.0,Concordant Down
CENPA,-0.073,-0.8,2.4,-0.6,Concordant Down
CENPV,-0.266,-1.4,-1.1,-0.1,Concordant Down
CFAP54,-0.066,-1.6,-1.3,2.2,Concordant Down
CFAP58,-0.023,-0.8,1.1,-0.1,Concordant Down
CFD,-0.022,-4.2,-2.8,-3.5,Concordant Down
CFH,-0.12,-4.3,-5.0,-4.0,Concordant Down
CHRNA1,-0.009,-3.3,-2.9,-2.0,Concordant Down
CHRNE,-0.118,-2.6,-2.6,-1.7,Concordant Down
CHST15,-0.515,-1.3,-1.2,-1.1,Concordant Down
CIART,0.0,-1.3,-1.0,-1.2,Concordant Down
CITED2,-0.771,-1.6,-1.7,-0.9,Concordant Down
CITED4,-1.584,-3.8,-4.9,0.0,Concordant Down
CLCN2,-0.059,-0.8,2.2,-1.1,Concordant Down
CLEC7A,-0.484,-1.7,1.2,-1.2,Concordant Down
CLIC4,-0.082,-3.6,-4.5,-3.3,Concordant Down
CLMN,-0.071,-2.6,0.9,-0.6,Concordant Down
CLSTN3,-0.196,-1.0,-3.3,-1.5,Concordant Down
CLU,-0.051,-3.7,-5.2,1.7,Concordant Down
CMTM4,-0.004,-0.8,-2.9,0.8,Concordant Down
CDT1,0.0,-3.5,-2.4,-2.9,Concordant Down
DCAF4L1,-0.003,-1.6,-0.9,-0.5,Concordant Down
DDIT4,-1.763,-2.1,-1.8,-1.6,Concordant Down
DVL2,-0.002,-0.8,-1.2,-0.8,Concordant Down
EBF4,-0.068,-3.4,-2.6,-2.6,Concordant Down
ECE1-AS1,-0.145,-2.7,-0.3,-0.4,Concordant Down
EGFL7,0.0,-1.5,-3.4,0.7,Concordant Down
EID2B,-0.054,-2.0,0.1,-3.1,Concordant Down
ELL2,-0.214,-0.8,-0.4,-0.1,Concordant Down
ELOA-AS1,-0.067,-0.7,0.9,1.2,Concordant Down
ELOVL6,-0.012,-4.1,-5.9,-0.5,Concordant Down
EME2,-0.0,-0.9,-0.9,-0.7,Concordant Down
EMILIN1,-0.036,-1.8,-3.3,-2.0,Concordant Down
EML6,-0.004,-4.9,-5.7,-2.4,Concordant Down
ENKD1,-0.087,-1.2,-3.0,-0.9,Concordant Down
ENKUR,-0.043,-1.3,-3.3,-0.7,Concordant Down
ENTPD6,-0.074,-3.3,-0.1,-2.6,Concordant Down
EPAS1,0.0,-1.6,-1.5,-0.3,Concordant Down
EPN2,-0.022,-1.4,1.9,0.8,Concordant Down
EPS15-AS1,-0.007,-1.3,-0.5,-2.3,Concordant Down
EPS8,-0.096,-6.1,-4.1,-2.8,Concordant Down
ERC1,-0.066,-0.9,-0.0,-0.2,Concordant Down
DUSP8,-0.1,-1.3,-2.4,-2.2,Concordant Down
DCLRE1B,-0.021,-0.6,-1.2,-2.0,Concordant Down
DUSP1,-1.279,-2.1,-1.3,0.9,Concordant Down
DTD1,-0.151,-1.1,-0.7,0.4,Concordant Down
DENND1B,-0.047,-1.0,0.1,-0.1,Concordant Down
DGAT2,-0.412,-3.3,-1.7,-3.3,Concordant Down
DGCR2,-0.02,-0.7,-0.4,-0.9,Concordant Down
DHODH,-0.086,-0.6,-1.0,-0.1,Concordant Down
DHX32,-0.073,-2.1,-0.8,0.4,Concordant Down
DHX34,-0.103,-0.9,-1.0,-0.2,Concordant Down
DIPK2A,-0.3,-0.8,0.3,-1.3,Concordant Down
DLG2,-0.124,-2.7,-3.3,-1.6,Concordant Down
DLK2,-0.001,-4.7,-3.6,-2.9,Concordant Down
DMKN,-0.027,-0.9,-3.2,-1.4,Concordant Down
DNAH1,-0.391,-0.8,0.0,-0.9,Concordant Down
DNAH14,-0.012,-0.8,-0.6,-1.9,Concordant Down
DNAJC6,-0.07,-0.8,-0.6,0.1,Concordant Down
DNHD1,-0.044,-1.2,-1.5,-0.9,Concordant Down
DNMBP,-0.093,-1.7,-2.5,0.0,Concordant Down
DOCK4,-0.273,-4.2,-6.0,-3.3,Concordant Down
DOCK8-AS1,0.0,-0.7,-1.0,1.3,Concordant Down
DPY19L1,-0.111,-1.8,0.1,0.5,Concordant Down
DRAM1,-0.058,-3.8,-1.2,-0.1,Concordant Down
DTWD2,-0.028,-0.9,-0.8,6.6,Concordant Down
CDKN2D,-0.433,-1.9,-2.2,-1.0,Concordant Down
CDKN1C,-0.304,-1.7,-2.6,-2.2,Concordant Down
CDK5R1,-0.047,-0.8,-0.7,0.9,Concordant Down
ALDH7A1,-0.028,-0.9,-0.7,1.5,Concordant Down
ALOX5,-0.416,-2.3,-1.2,-0.2,Concordant Down
ALPK1,-0.186,-3.5,-5.2,-1.7,Concordant Down
AMY2B,-0.766,-1.1,0.3,-3.1,Concordant Down
ANKRD34A,-0.094,-3.7,-0.9,-1.6,Concordant Down
ANKRD6,-0.083,-3.0,-2.7,-3.6,Concordant Down
ANO10,-0.286,-1.3,-4.6,0.5,Concordant Down
ANPEP,-0.224,-0.9,-2.8,-2.0,Concordant Down
ANTKMT,-0.724,-1.9,1.0,-0.3,Concordant Down
AP1B1,-0.015,-0.6,-0.8,-0.7,Concordant Down
APBA2,-0.148,-5.3,-3.9,-4.7,Concordant Down
APOA1,-0.169,-1.5,-1.3,-0.0,Concordant Down
AREG,-0.208,-3.0,-2.5,-1.2,Concordant Down
ARG1,-0.028,-0.8,0.7,1.9,Concordant Down
ARHGEF18,-0.762,-1.7,-1.5,-0.7,Concordant Down
ARIH2OS,-0.208,-4.4,-1.8,-1.6,Concordant Down
ARL4A,-0.194,-1.5,-0.9,-0.3,Concordant Down
ARL4D,-0.169,-0.6,-1.4,0.8,Concordant Down
ARRB1,-0.499,-3.0,-2.9,-3.1,Concordant Down
ALCAM,-0.061,-1.1,-0.8,-0.0,Concordant Down
ARRDC4,-0.028,-1.4,-2.1,-0.8,Concordant Down
AKR1E2,-0.203,-2.9,-4.0,-1.2,Concordant Down
AHRR,-0.047,-2.2,-0.1,-2.3,Concordant Down
MEIOC,-0.092,-1.3,-0.2,-2.7,Concordant Down
ABCB1,-0.04,-3.5,0.9,-0.8,Concordant Down
ABHD5,-0.053,-1.1,-0.6,-0.2,Concordant Down
ABHD8,-0.079,-1.9,-1.9,-0.5,Concordant Down
ABLIM2,-0.032,-2.9,0.1,-1.5,Concordant Down
ABTB2,-0.248,-2.2,-2.2,-3.0,Concordant Down
ACSS2,-0.043,-1.3,-3.9,-1.8,Concordant Down
ACTR5,-0.204,-0.6,-0.7,-0.6,Concordant Down
ACVR2A,-0.189,-1.1,-0.5,-1.0,Concordant Down
ADAM22,-0.009,-2.2,-3.1,-2.6,Concordant Down
ADAMTSL4-AS2,-0.049,-3.3,-0.7,-1.4,Concordant Down
ADCY3,-0.2,-1.3,-0.0,-1.9,Concordant Down
ADCY9,-0.019,-0.7,-1.6,-0.9,Concordant Down
ADGRE2,-0.027,-1.0,-1.7,-0.1,Concordant Down
ADNP-AS1,-0.087,-2.5,-3.0,0.5,Concordant Down
ADORA2B,-0.017,-1.6,-0.9,-1.4,Concordant Down
ADPGK-AS1,-0.027,-1.8,0.9,-3.6,Concordant Down
ADRB2,-0.107,-1.5,-1.7,-1.1,Concordant Down
ADTRP,-0.158,-2.1,-2.2,-2.4,Concordant Down
AKR1C7P,0.0,-1.1,1.2,-1.7,Concordant Down
ARSB,-0.091,-1.1,-2.2,0.9,Concordant Down
ARSD,-0.039,-2.7,-3.2,-0.1,Concordant Down
ASH1L-AS1,-0.242,-0.8,-0.1,-0.6,Concordant Down
C8orf88,-0.007,-4.3,-7.3,-2.9,Concordant Down
CADM2,-0.063,-1.4,-2.8,-0.6,Concordant Down
CAGE1,-0.026,-2.1,-2.5,-1.2,Concordant Down
CALD1,-0.001,-3.4,-3.6,-1.1,Concordant Down
CALY,-0.107,-3.9,-4.1,-3.5,Concordant Down
CAMK2N1,-0.173,-3.9,-4.2,0.1,Concordant Down
CAPG,-0.058,-0.7,-1.3,0.4,Concordant Down
CARS1,-1.0,-0.6,0.0,0.2,Concordant Down
CASC11,-0.005,-2.3,-4.1,-2.4,Concordant Down
CAVIN2,-0.035,-1.8,-2.0,1.5,Concordant Down
CBFB,-0.1,-0.8,-0.3,0.2,Concordant Down
CCDC120,-0.044,-1.2,-0.9,-2.3,Concordant Down
CCND3,-0.213,-0.7,-1.1,0.6,Concordant Down
CD69,-0.298,-0.9,-0.7,-0.0,Concordant Down
CD72,-0.18,-0.7,-1.5,-0.1,Concordant Down
CDC42BPA,-0.022,-1.2,-1.6,-1.3,Concordant Down
CDCA2,-0.004,-1.1,1.5,0.9,Concordant Down
CDCA8,-0.001,-1.3,-2.1,-0.1,Concordant Down
CDH23,-0.458,-3.8,1.4,-3.0,Concordant Down
C4orf46,-0.104,-2.8,-4.0,-1.4,Concordant Down
C3orf52,-0.043,-1.8,-2.2,-1.6,Concordant Down
C2CD4D,-0.044,-2.5,-0.2,0.0,Concordant Down
C20orf204,-0.021,-1.5,-0.6,-2.4,Concordant Down
ASPHD1,-0.037,-2.3,-3.9,-3.6,Concordant Down
ATF3,-0.269,-1.3,-2.0,-2.3,Concordant Down
ATG7,-0.092,-0.6,-1.1,-0.1,Concordant Down
ATP1A1-AS1,-0.03,-1.8,-1.7,0.0,Concordant Down
ATP2B1-AS1,-0.06,-0.8,0.5,-0.0,Concordant Down
B4GALT5,-0.146,-0.9,-0.0,-0.7,Concordant Down
B9D1,-0.027,-2.2,-3.7,-2.5,Concordant Down
BAIAP2,-0.039,-1.2,-0.4,-0.3,Concordant Down
BAIAP2L1,-4.522,-1.3,-1.8,0.5,Concordant Down
ERFL,-0.142,-0.7,-0.3,-0.6,Concordant Down
BAZ2B,-0.018,-1.4,-0.8,-2.0,Concordant Down
BBS9,-0.136,-1.0,-0.7,0.2,Concordant Down
BEX5,-0.118,-2.0,-1.2,-0.0,Concordant Down
BHLHE40,-0.278,-1.0,-0.9,-0.3,Concordant Down
BHLHE40-AS1,-0.103,-1.6,-1.9,-0.7,Concordant Down
BMP8B,-0.007,-2.1,0.8,-0.0,Concordant Down
BTBD2,-0.195,-1.8,-2.0,-4.3,Concordant Down
C17orf67,-0.383,-0.8,-1.2,0.2,Concordant Down
C1QTNF12,0.0,-2.5,0.1,-2.4,Concordant Down
C2,-0.021,-1.0,-4.0,-2.4,Concordant Down
BBOF1,-0.061,-1.2,-2.0,0.4,Concordant Down
ERGIC1,-0.025,-3.2,0.0,-1.2,Concordant Down
BAIAP3,-0.059,-1.5,-0.4,-2.7,Concordant Down
ERN1,-0.52,-0.8,-0.2,-0.2,Concordant Down
KCND1,-0.003,-2.3,0.9,-2.8,Concordant Down
KCTD13,-0.156,-1.0,-0.5,-1.0,Concordant Down
KIAA1328,-0.149,-1.6,-0.5,-0.5,Concordant Down
KIF13A,-0.144,-3.0,-1.6,-3.0,Concordant Down
KIF5C,-0.191,-1.4,-3.4,-1.1,Concordant Down
KIF9,-0.11,-1.0,-0.2,0.2,Concordant Down
KIFBP,-0.279,-1.3,-1.6,-0.9,Concordant Down
KIFC3,-0.023,-4.4,0.4,1.8,Concordant Down
KLF11,-0.088,-0.8,-0.3,-1.1,Concordant Down
KLF3,-0.243,-0.7,-1.1,-0.6,Concordant Down
KLF5,-0.143,-1.5,-4.8,-3.5,Concordant Down
KLHL17,-0.198,-2.1,-1.7,-0.5,Concordant Down
KLHL2,-0.127,-0.6,-0.0,-0.0,Concordant Down
KLHL23,-0.087,-0.8,0.2,0.0,Concordant Down
KLHL26,-0.091,-1.3,-1.7,-2.6,Concordant Down
KYNU,-0.04,-2.3,-1.9,-2.7,Concordant Down
LATS2,-0.182,-1.3,-3.7,-1.8,Concordant Down
LILRA6,-0.048,-1.0,-1.1,1.7,Concordant Down
LILRB3,-0.249,-0.9,-0.7,-0.5,Concordant Down
KCNAB2,-0.033,-0.9,-0.1,-0.4,Concordant Down
LINC00106,-0.069,-0.7,-2.2,-2.5,Concordant Down
JUN,-0.716,-0.9,-0.4,-1.0,Concordant Down
JHY,-0.032,-3.7,-3.3,-0.4,Concordant Down
IFNGR1,-0.098,-0.7,-0.8,-0.0,Concordant Down
IGHM,-0.066,-1.9,-2.9,-2.3,Concordant Down
IGSF22,-0.005,-2.8,1.3,-1.7,Concordant Down
IL1R1,-0.108,-3.2,-1.1,-0.1,Concordant Down
IL1R2,-0.613,-0.9,-4.2,-1.2,Concordant Down
IL3RA,-0.261,-0.8,-1.9,-0.1,Concordant Down
IL4I1,-0.182,-1.0,-0.2,1.8,Concordant Down
IMMP2L,-0.254,-1.2,-1.1,-0.9,Concordant Down
INAFM2,-0.095,-1.1,-1.5,-2.3,Concordant Down
INO80E,-0.118,-0.8,0.7,0.8,Concordant Down
INPP5A,-0.113,-1.0,-1.5,-2.0,Concordant Down
IQCH-AS1,-0.181,-1.5,-0.4,-1.1,Concordant Down
IQSEC2,-0.022,-0.7,-1.5,-0.9,Concordant Down
IRS2,-0.467,-1.2,-2.1,-0.6,Concordant Down
ISYNA1,-0.009,-3.4,-5.4,0.8,Concordant Down
ITGA6-AS1,-0.225,-1.6,-2.3,-2.5,Concordant Down
ITGB7,-0.104,-0.8,1.1,-0.3,Concordant Down
ITPRID2,-0.402,-0.6,-1.0,-1.2,Concordant Down
ITSN1,-0.049,-3.9,-3.5,-1.0,Concordant Down
JSRP1,-0.027,-2.8,-3.5,0.4,Concordant Down
LINC00513,-0.198,-1.2,-0.2,-1.3,Concordant Down
LINC00665,-0.04,-1.3,-2.2,0.6,Concordant Down
LINC00944,-0.145,-0.8,-1.1,0.1,Concordant Down
MAFF,-0.12,-2.9,-2.7,-1.5,Concordant Down
MAGI3,-0.641,-1.2,-3.7,-3.2,Concordant Down
MAGIX,-0.006,-1.3,-0.9,-0.5,Concordant Down
MAML3,-0.24,-3.6,-6.7,-2.7,Concordant Down
MAN1B1-DT,-0.249,-1.6,-3.0,0.0,Concordant Down
MAP3K15,-0.006,-0.9,0.2,0.2,Concordant Down
MAP3K2-DT,-0.293,-0.8,-0.9,0.6,Concordant Down
MAP3K21,-0.026,-1.4,-3.4,-0.8,Concordant Down
MAP3K9,-0.006,-2.0,-0.6,-0.9,Concordant Down
MAP7D2,-0.027,-0.7,-2.4,-1.3,Concordant Down
MARCHF9,-1.037,-1.3,-1.8,0.3,Concordant Down
MATK,-0.109,-2.0,-1.5,0.7,Concordant Down
MATN1,0.0,-1.3,-2.5,-2.5,Concordant Down
MB21D2,-0.046,-4.4,-0.8,-0.4,Concordant Down
MCC,-0.008,-1.5,-0.8,-3.5,Concordant Down
MCMDC2,-0.011,-1.2,-0.0,-2.1,Concordant Down
MCTP2,-0.393,-4.4,-2.3,-0.7,Concordant Down
ERMN,-0.076,-1.5,-0.1,-0.1,Concordant Down
MDGA1,-0.141,-1.4,-0.2,0.1,Concordant Down
MADCAM1,-0.04,-0.7,0.5,-0.5,Concordant Down
LYN,-0.652,-1.7,-0.2,-1.8,Concordant Down
LSR,-0.198,-4.3,-2.3,-1.0,Concordant Down
LRRC23,-0.238,-2.1,-0.7,-0.8,Concordant Down
LINC00989,-0.015,-1.2,-1.2,0.7,Concordant Down
LINC01138,-2.035,-1.2,-1.5,-0.8,Concordant Down
LINC01366,-0.057,-3.0,-2.0,-0.6,Concordant Down
LINC01806,-0.014,-0.8,-0.5,-0.7,Concordant Down
LINC02265,-0.055,-0.8,0.2,2.2,Concordant Down
LINC02391,-0.007,-1.7,-1.0,0.8,Concordant Down
LINC02614,-0.075,-2.1,-0.8,-1.6,Concordant Down
LINC02648,-0.132,-0.7,-3.1,-1.6,Concordant Down
LINC02649,-0.046,-0.7,-1.7,3.7,Concordant Down
IFNG,-0.001,-1.5,-1.3,-0.4,Concordant Down
LINC02728,-0.033,-3.0,-2.6,-1.5,Concordant Down
LINC02863,-0.166,-1.1,-2.3,-1.9,Concordant Down
LIPT2,-0.214,-0.6,2.2,1.4,Concordant Down
LLGL2,-0.15,-1.5,2.1,0.4,Concordant Down
LMNB2,-0.041,-0.7,-0.3,0.1,Concordant Down
LMNTD2,-0.114,-1.5,0.1,-0.9,Concordant Down
LPAR2,-0.101,-1.2,-0.8,-1.2,Concordant Down
LRATD2,-1.05,-1.3,-2.2,-0.8,Concordant Down
LRFN3,-0.027,-2.5,0.4,0.0,Concordant Down
LRP2BP,-0.475,-0.6,-0.6,-1.2,Concordant Down
LINC02762,-0.577,-3.6,-3.3,-1.5,Concordant Down
IFITM3,-0.098,-0.9,-0.9,-0.8,Concordant Down
LMF1,-0.256,-2.8,-0.7,0.1,Concordant Down
ICAM1,-0.254,-1.1,-0.4,-0.4,Concordant Down
FGGY,-0.17,-1.2,-0.2,0.1,Concordant Down
FHL1,-0.042,-1.1,-1.0,-0.0,Concordant Down
FILIP1L,-0.134,-1.0,-0.4,-2.2,Concordant Down
FLACC1,-0.022,-2.0,-1.7,1.4,Concordant Down
FLYWCH1,-0.121,-0.8,1.5,0.1,Concordant Down
FMO5,-0.574,-1.6,0.5,-3.5,Concordant Down
FNDC3B,-0.278,-0.7,-0.6,-0.1,Concordant Down
FOSL2,-0.661,-1.0,-0.6,-0.6,Concordant Down
FOXD2-AS1,-0.039,-1.7,0.6,-1.4,Concordant Down
FOXO3B,-0.107,-1.1,-0.3,-1.5,Concordant Down
FRMD4A,-0.068,-1.0,-0.1,-0.2,Concordant Down
FSD1L,-0.251,-1.4,4.7,2.8,Concordant Down
FTH1,-0.099,-0.6,-0.4,-0.3,Concordant Down
FXYD7,-0.197,-2.0,-1.3,-2.1,Concordant Down
G2E3-AS1,-0.015,-2.3,-0.8,-2.4,Concordant Down
GABARAPL1,-0.24,-1.1,-1.5,-0.6,Concordant Down
GABBR1,-0.099,-3.7,-3.7,-0.4,Concordant Down
GAREM1,-2.243,-1.4,-1.5,-2.1,Concordant Down
GAS6,-0.046,-2.4,-3.6,-2.1,Concordant Down
FGFBP3,-0.196,-2.5,-1.6,-1.6,Concordant Down
FGF9,-0.012,-6.2,-6.7,-4.0,Concordant Down
FGF13,-0.035,-1.1,0.9,-0.0,Concordant Down
FER,-0.159,-5.7,-4.0,-3.3,Concordant Down
ERRFI1,-0.07,-1.3,-0.0,-2.0,Concordant Down
ETNK2,-0.056,-2.6,-2.2,-1.0,Concordant Down
ID1,-0.11,-3.4,-3.3,-1.2,Concordant Down
EXD3,-0.007,-1.3,0.6,-1.9,Concordant Down
EXOC6B,-0.06,-0.7,-0.8,0.9,Concordant Down
EXT1,-0.235,-0.9,-0.6,0.3,Concordant Down
FAAH2,-0.537,-1.6,-1.9,0.2,Concordant Down
FADS3,-0.08,-1.8,-0.2,-0.4,Concordant Down
FAM110C,0.0,-2.6,-1.3,-2.5,Concordant Down
GATA3-AS1,-0.156,-1.2,0.1,-1.1,Concordant Down
FAM120B,-0.029,-0.6,-0.3,-0.2,Concordant Down
FAM174B,-0.645,-2.0,-1.1,-0.1,Concordant Down
FAM217A,-0.194,-1.0,-0.7,-0.6,Concordant Down
FAM228B,-0.109,-1.5,-0.7,-0.8,Concordant Down
FAM53A,-0.001,-1.2,-2.4,-1.4,Concordant Down
FAM89B,-0.186,-0.8,-0.9,-0.8,Concordant Down
FARP1-AS1,-0.075,-2.5,-1.7,0.5,Concordant Down
FBXL22,-0.134,-1.4,0.3,-2.3,Concordant Down
FBXW9,-0.0,-1.4,-0.1,-1.5,Concordant Down
FCHO2,-0.069,-1.7,-1.7,-1.2,Concordant Down
FAM135A,-0.024,-0.9,-1.6,0.6,Concordant Down
GFPT2,0.0,-1.2,1.5,-0.2,Concordant Down
FBXL18,-0.002,-1.3,-0.5,-0.6,Concordant Down
GIHCG,-0.224,-1.6,-2.3,0.2,Concordant Down
H2BC21,-0.556,-1.1,-0.6,3.0,Concordant Down
H2BC9,-0.045,-0.9,-1.4,-0.2,Concordant Down
H3C1,-0.182,-1.1,0.6,-2.2,Concordant Down
H3C10,-0.065,-2.5,-0.3,-2.2,Concordant Down
H3C6,-0.016,-0.9,-0.4,-2.5,Concordant Down
H4C1,-0.093,-1.1,0.2,-3.7,Concordant Down
HDAC4-AS1,-0.509,-2.5,-2.2,-1.7,Concordant Down
HEATR4,-0.039,-1.0,-0.2,-1.9,Concordant Down
HEATR5A,-0.089,-1.7,0.1,-0.9,Concordant Down
H2AC11,-0.145,-2.0,2.1,-1.1,Concordant Down
HECW2-AS1,-0.25,-3.4,-3.2,-1.2,Concordant Down
HHAT,-0.025,-1.5,-3.0,-0.9,Concordant Down
HIP1,-0.168,-2.9,-0.1,1.5,Concordant Down
HIP1R,-0.081,-0.8,-0.2,-1.2,Concordant Down
HLA-F-AS1,-0.079,-1.3,-1.9,-0.2,Concordant Down
HOMER1,-0.08,-1.4,-2.4,-1.9,Concordant Down
HYAL3,-0.01,-1.8,-1.3,-5.5,Concordant Down
GGT7,-0.398,-3.6,-4.4,1.8,Concordant Down
HOOK2,-1.19,-1.8,-2.1,1.7,Concordant Down
HOPX,-0.31,-1.1,-0.5,0.6,Concordant Down
HES4,-0.334,-3.6,0.5,0.2,Concordant Down
GTF2IRD2,-0.12,-0.6,-2.3,-1.9,Concordant Down
HECW2,-0.369,-3.0,-2.6,0.1,Concordant Down
GSTO2,-0.02,-1.6,-0.1,-1.0,Concordant Down
GIPC1,-0.087,-4.0,-4.5,-0.5,Concordant Down
GLUL,-0.963,-1.3,-1.8,-1.1,Concordant Down
GMDS-DT,-0.615,-0.8,-0.4,-1.4,Concordant Down
GNA11,-0.06,-4.0,-5.1,-3.4,Concordant Down
GNA15,-0.141,-2.0,-0.5,-1.2,Concordant Down
GNAO1,-0.074,-1.9,-0.9,-1.9,Concordant Down
GNG11,-0.007,-2.4,-2.6,0.6,Concordant Down
GTF2IRD1,-0.001,-3.6,-1.9,-0.5,Concordant Down
GORASP1,-0.019,-1.1,-1.2,-0.0,Concordant Down
GNLY,-0.093,-2.3,3.1,3.3,Concordant Down
GPHN,-0.113,-0.6,-0.5,-0.4,Concordant Down
GLIS2,-0.01,-0.8,-0.2,0.4,Concordant Down
GIT1,-0.098,-0.7,-0.5,-0.6,Concordant Down
GREB1L,-0.037,-1.4,-2.2,-0.1,Concordant Down
GRIK1,-0.028,-1.9,-2.8,0.1,Concordant Down
GRK2,-0.442,-0.7,-1.3,0.2,Concordant Down
GSN,-0.019,-1.3,-2.9,-1.8,Concordant Down
GP6,-0.069,-2.1,-0.9,-1.3,Concordant Down
GIPR,-0.007,-0.9,-2.9,-0.9,Concordant Down
RAB11B,0.105,0.7,0.8,0.8,Concordant Up
R3HDM1,0.404,1.0,1.1,0.5,Concordant Up
RAB11B-AS1,0.272,2.7,1.1,1.5,Concordant Up
RAB30,0.594,1.4,1.4,1.0,Concordant Up
RAB1B,0.562,0.6,0.7,0.1,Concordant Up
R3HCC1L,0.304,0.9,1.2,1.0,Concordant Up
RAB33A,0.535,4.7,4.6,1.2,Concordant Up
RAB34,0.105,3.0,2.3,4.8,Concordant Up
RAB38,0.03,5.5,5.8,4.8,Concordant Up
RAB4B,0.051,3.0,2.2,2.0,Concordant Up
RAB11FIP1,0.039,0.9,1.1,-0.6,Concordant Up
QSER1,0.369,2.2,2.8,1.0,Concordant Up
PXMP2,0.141,1.7,1.6,0.6,Concordant Up
PYGO2,0.438,2.1,-0.3,1.3,Concordant Up
PYCARD,0.661,2.0,2.5,-3.2,Concordant Up
PXYLP1,0.315,2.2,0.7,4.4,Concordant Up
PXN-AS1,0.007,0.8,3.2,2.3,Concordant Up
PXMP4,0.529,1.5,0.3,-0.7,Concordant Up
PWAR5,0.069,1.6,-1.6,1.8,Concordant Up
PUS7L,0.445,0.7,0.3,0.7,Concordant Up
PUDP,0.29,1.6,1.0,0.5,Concordant Up
PTRHD1,0.73,1.4,1.4,0.6,Concordant Up
PTER,0.342,1.4,0.7,0.4,Concordant Up
RABEP2,0.143,2.8,1.1,2.2,Concordant Up
PTPN18,0.731,1.3,2.1,2.2,Concordant Up
PTK2B,0.28,0.8,0.6,0.4,Concordant Up
PTMS,0.029,2.7,3.8,2.1,Concordant Up
QRSL1,0.308,0.6,0.1,-0.1,Concordant Up
RACGAP1,0.154,1.0,0.4,0.1,Concordant Up
REC8,0.047,2.0,1.7,1.4,Concordant Up
RAD51AP1,0.011,3.2,0.7,2.8,Concordant Up
RHBDD3,0.203,1.1,1.7,0.6,Concordant Up
RGS3,0.123,1.4,1.8,2.4,Concordant Up
PTCD2,0.201,2.5,2.0,1.6,Concordant Up
RHEBL1,0.096,2.8,0.2,-0.5,Concordant Up
RFX7,0.192,1.5,1.4,0.4,Concordant Up
RFT1,0.248,1.0,0.7,0.6,Concordant Up
RFESD,0.361,0.6,0.2,0.6,Concordant Up
RFC3,0.178,1.0,0.6,0.0,Concordant Up
RFC2,0.067,0.9,1.0,1.0,Concordant Up
REX1BD,0.063,0.6,0.5,1.0,Concordant Up
RETREG3,0.455,1.1,1.1,0.9,Concordant Up
RELL2,0.021,1.0,1.1,2.2,Concordant Up
REEP4,0.078,1.2,-0.5,0.3,Concordant Up
RCSD1,0.298,0.8,0.6,0.6,Concordant Up
RAD21,0.822,0.9,1.0,0.4,Concordant Up
RCCD1,0.008,0.7,0.8,-0.9,Concordant Up
RBMX2,0.537,0.7,0.3,0.6,Concordant Up
RBM4B,0.012,0.9,1.1,0.4,Concordant Up
RBM15,0.08,0.8,0.7,0.3,Concordant Up
RBL1,0.131,1.1,2.0,1.4,Concordant Up
RBBP9,0.309,1.0,1.9,-1.7,Concordant Up
RBBP8,0.155,1.0,1.4,0.4,Concordant Up
RB1CC1,0.232,0.7,0.5,0.1,Concordant Up
RASSF2,0.497,1.6,1.9,0.4,Concordant Up
RAP2B,0.473,1.1,1.3,0.8,Concordant Up
RANGRF,0.685,0.7,0.6,1.1,Concordant Up
RANBP6,0.354,0.7,0.5,0.3,Concordant Up
RALB,0.257,3.1,3.3,3.6,Concordant Up
RAD52,0.145,0.7,-0.4,-0.5,Concordant Up
RAD51D,0.368,1.0,1.4,-0.5,Concordant Up
RCC1L,0.181,2.1,1.0,1.2,Concordant Up
PSTPIP1,0.494,4.0,0.4,4.2,Concordant Up
PPARGC1B,0.058,0.7,0.3,-0.7,Concordant Up
PSMD10,0.441,0.8,0.2,0.8,Concordant Up
PPP1CA,0.214,0.6,0.5,0.7,Concordant Up
PPOX,0.019,1.9,5.6,3.6,Concordant Up
PPM1M,0.136,1.7,2.7,1.2,Concordant Up
PPM1B,1.355,0.7,0.9,0.4,Concordant Up
PPIP5K2,0.696,0.9,0.8,-0.0,Concordant Up
PPIL4,0.331,0.6,0.4,0.5,Concordant Up
PPIL3,0.451,2.5,2.2,2.8,Concordant Up
PPCDC,0.034,3.9,1.7,2.6,Concordant Up
PPA2,0.229,0.7,0.2,0.1,Concordant Up
POU2F2,0.38,0.7,0.5,0.2,Concordant Up
POU2F1,0.016,1.2,0.7,1.2,Concordant Up
POU2AF1,0.082,1.7,1.5,0.2,Concordant Up
POT1,0.08,2.6,2.7,1.2,Concordant Up
PORCN,0.001,2.4,3.4,1.5,Concordant Up
POMK,0.155,4.1,4.8,2.7,Concordant Up
POMGNT1,0.018,0.8,0.7,0.9,Concordant Up
POLR3K,0.738,0.8,0.8,0.6,Concordant Up
POLQ,0.0,1.9,2.0,-0.5,Concordant Up
POLL,0.334,1.7,1.9,-1.4,Concordant Up
POLG2,0.35,0.9,1.1,1.2,Concordant Up
POLG,0.404,0.7,0.6,0.1,Concordant Up
POLD4,0.329,1.5,1.6,2.2,Concordant Up
POGLUT1,0.614,0.9,0.9,0.4,Concordant Up
POFUT1,0.077,1.6,0.9,1.4,Concordant Up
PNPLA6,0.082,1.1,1.5,2.4,Concordant Up
PNKP,0.183,0.6,1.1,1.6,Concordant Up
RHNO1,0.913,0.8,1.4,1.3,Concordant Up
PNKD,0.159,0.6,-0.6,1.2,Concordant Up
PMVK,0.278,0.9,0.6,0.3,Concordant Up
PPP1CC,0.916,0.8,0.6,0.3,Concordant Up
PSPN,0.029,2.2,1.7,1.1,Concordant Up
PPP1R16A,0.053,0.6,1.4,-0.1,Concordant Up
PPP1R3D,0.217,1.3,-1.2,-0.2,Concordant Up
PSMC3IP,0.008,2.6,1.7,1.4,Concordant Up
PSMA3-AS1,2.41,0.7,0.5,0.3,Concordant Up
PSMA2,1.547,0.6,0.3,0.1,Concordant Up
PSEN2,0.025,0.9,0.3,3.1,Concordant Up
PSEN1,0.458,0.7,0.6,0.8,Concordant Up
PRSS27,0.017,0.8,-0.1,1.2,Concordant Up
PRSS23,0.092,4.1,2.8,0.1,Concordant Up
PRSS21,0.142,1.9,4.1,5.1,Concordant Up
PRRG4,0.136,1.7,1.7,-1.3,Concordant Up
PRR5L,0.254,0.7,1.1,-0.4,Concordant Up
PRR14L,0.688,0.9,0.6,0.9,Concordant Up
PROSER1,0.349,1.1,1.5,0.1,Concordant Up
PRMT9,0.147,1.4,0.3,1.5,Concordant Up
PRKCSH,0.278,0.6,0.9,0.6,Concordant Up
PRKCB,0.072,0.8,-0.4,-0.1,Concordant Up
PRKAG1,0.205,0.9,0.7,1.1,Concordant Up
PRKAB2,0.252,0.9,0.8,-1.2,Concordant Up
PRKAB1,0.203,1.0,0.8,1.2,Concordant Up
PRDM15,0.049,0.6,0.5,0.1,Concordant Up
PRC1,0.045,3.4,2.3,2.0,Concordant Up
PRAG1,0.257,5.4,5.3,3.1,Concordant Up
PPT2,0.195,0.7,-0.2,-1.0,Concordant Up
PPP3CB,0.311,0.7,0.9,0.1,Concordant Up
PPP2R5D,0.154,1.6,0.6,0.7,Concordant Up
PPP2R5C,0.448,0.6,0.5,-0.2,Concordant Up
PPP2R5A,0.576,0.7,0.4,0.3,Concordant Up
PPP2R3C,0.514,0.7,0.4,0.9,Concordant Up
PPP1R9B,0.263,0.7,0.2,-1.7,Concordant Up
PPP1R7,0.214,0.9,0.5,0.7,Concordant Up
PPP1R37,0.272,0.7,1.5,0.2,Concordant Up
RHOBTB2,0.015,1.8,-1.3,0.2,Concordant Up
SETMAR,0.254,1.2,1.0,1.0,Concordant Up
RILPL2,0.638,0.7,0.5,0.3,Concordant Up
SH3BP5-AS1,0.117,0.9,1.5,-0.5,Concordant Up
SH3BGRL,0.781,0.7,0.7,0.2,Concordant Up
SGPP1,0.102,0.8,0.7,0.3,Concordant Up
SGO2,0.217,1.3,3.3,4.1,Concordant Up
SFXN3,0.025,2.7,3.5,2.1,Concordant Up
SFT2D2,1.064,1.1,0.9,0.5,Concordant Up
SETD4,0.205,1.2,1.4,1.4,Concordant Up
SETBP1,0.021,1.4,1.9,-0.9,Concordant Up
SESN2,0.061,2.0,-0.5,2.6,Concordant Up
SERTAD2,0.395,1.2,0.4,-0.5,Concordant Up
SERAC1,0.126,1.7,1.5,0.0,Concordant Up
SEPSECS,0.09,3.3,3.5,2.6,Concordant Up
SEPHS2,0.828,1.6,1.3,1.2,Concordant Up
SH3BP5L,0.214,4.2,3.6,2.3,Concordant Up
SENP8,0.053,2.9,4.2,-0.5,Concordant Up
SEMA3F-AS1,0.005,1.9,2.9,0.1,Concordant Up
SEM1,1.206,0.4,0.2,0.1,Concordant Up
SEL1L3,0.037,0.9,1.3,0.9,Concordant Up
SEC11A,0.781,1.0,1.1,0.9,Concordant Up
SDHAF4,0.67,1.5,2.6,1.1,Concordant Up
SCRN3,0.176,4.0,2.5,1.2,Concordant Up
SCRN2,0.125,1.6,1.1,0.0,Concordant Up
SCO1,0.445,0.8,0.6,0.3,Concordant Up
SCIMP,0.265,1.1,1.2,1.1,Concordant Up
SCARNA9,0.115,6.1,5.6,1.8,Concordant Up
SCARNA7,0.017,1.3,0.1,1.3,Concordant Up
SCARNA22,0.003,3.0,2.0,-0.4,Concordant Up
SCAMP4,0.112,0.7,0.3,0.8,Concordant Up
SEMA4F,0.14,0.9,1.4,1.5,Concordant Up
SH3PXD2A,0.107,1.7,2.0,-0.4,Concordant Up
SH3TC1,0.069,0.6,0.2,-1.6,Concordant Up
SHMT1,0.057,2.6,4.7,1.5,Concordant Up
SLC29A3,0.006,2.2,2.4,2.0,Concordant Up
PMM1,0.314,3.3,2.1,3.3,Concordant Up
SLC27A2,0.018,1.7,1.9,1.4,Concordant Up
SLC26A6,0.132,2.9,1.1,4.1,Concordant Up
SLC26A2,0.411,0.9,0.8,-0.5,Concordant Up
SLC26A1,0.065,2.2,3.8,-0.0,Concordant Up
SLC25A46,0.244,1.5,1.4,0.0,Concordant Up
SLC25A40,0.526,0.6,0.5,0.6,Concordant Up
SLC25A24,0.294,0.6,0.3,3.2,Concordant Up
SLC25A20,0.126,0.6,-0.6,-0.6,Concordant Up
SLC25A16,0.181,0.7,0.6,-0.9,Concordant Up
SLC25A13,0.128,0.6,0.3,-0.1,Concordant Up
SLC25A12,0.041,2.3,1.6,1.6,Concordant Up
SLC24A1,0.046,1.3,0.1,-0.4,Concordant Up
SLC16A4,0.021,0.8,1.6,-1.4,Concordant Up
SLC16A13,0.033,1.6,2.7,2.5,Concordant Up
SLC15A2,0.02,1.2,1.0,1.4,Concordant Up
SLC10A3,0.022,1.4,0.1,1.8,Concordant Up
SLAMF6,0.969,0.6,0.6,0.2,Concordant Up
SKP2,0.116,1.5,-0.4,0.1,Concordant Up
SKA2,0.758,1.0,1.9,-0.5,Concordant Up
SIRT1,0.324,0.8,0.9,0.3,Concordant Up
SIRPG,0.344,1.4,-0.8,-0.8,Concordant Up
SIRPB1,0.488,1.2,2.5,1.2,Concordant Up
SIPA1,0.095,0.9,0.4,-1.0,Concordant Up
SIN3B,0.212,0.9,0.4,0.4,Concordant Up
SIGIRR,0.159,0.8,0.9,0.5,Concordant Up
SHPK,0.066,3.7,2.6,-0.2,Concordant Up
SHMT2,0.216,0.7,0.6,0.3,Concordant Up
SCAMP1-AS1,0.149,2.0,2.2,3.2,Concordant Up
SCAI,0.173,2.1,2.0,1.9,Concordant Up
SC5D,0.237,1.0,1.5,1.8,Concordant Up
SBF2-AS1,0.016,1.4,1.1,1.9,Concordant Up
RPAP2,0.59,0.3,0.6,0.2,Concordant Up
ROM1,0.025,3.0,3.9,2.5,Concordant Up
ROGDI,0.407,1.0,1.7,0.6,Concordant Up
RNU6ATAC24P,0.014,1.4,1.5,-0.0,Concordant Up
RNU4-62P,0.026,1.0,1.5,0.2,Concordant Up
RNPC3,0.372,0.6,0.7,0.1,Concordant Up
RNFT1,0.369,0.7,0.4,0.7,Concordant Up
RNF44,0.398,0.7,0.2,-0.0,Concordant Up
RNF43,0.054,0.8,-0.0,-1.5,Concordant Up
RNF38,0.35,0.9,0.7,0.2,Concordant Up
RNF24,0.035,2.3,1.9,2.7,Concordant Up
RNF216P1,0.687,0.9,0.3,0.9,Concordant Up
RNF214,0.539,2.4,2.5,3.0,Concordant Up
RNF207,0.046,0.6,0.2,0.7,Concordant Up
RNF187,0.026,1.3,0.2,0.8,Concordant Up
RNF170,0.314,2.0,0.7,0.1,Concordant Up
RNF141,0.177,0.7,0.7,0.7,Concordant Up
RNF115,0.058,0.7,0.6,0.3,Concordant Up
RNASET2,1.99,0.7,1.0,-0.1,Concordant Up
RNASEL,0.472,2.7,2.0,3.2,Concordant Up
RNASEH2A,0.075,1.5,0.2,1.7,Concordant Up
RNASEH1,0.925,1.2,0.7,1.0,Concordant Up
RN7SL834P,0.046,1.2,-0.4,2.0,Concordant Up
RN7SL521P,0.017,2.6,2.5,-1.1,Concordant Up
RN7SL172P,0.035,1.4,-0.2,-0.6,Concordant Up
RN7SKP30,0.037,1.2,0.9,-0.4,Concordant Up
RMI1,0.163,2.3,2.8,-0.3,Concordant Up
RMDN2,0.091,1.1,-2.3,2.1,Concordant Up
RIPK3,0.379,1.1,1.6,1.2,Concordant Up
RPE,0.447,0.8,0.4,0.7,Concordant Up
RIC8B,0.222,3.2,2.9,1.8,Concordant Up
RPL13AP6,0.014,0.8,-0.4,-0.4,Concordant Up
RPL4P1,0.06,1.5,-0.7,1.0,Concordant Up
SARS2,0.127,2.0,2.0,-1.6,Concordant Up
SARNP,0.097,2.3,-0.5,0.3,Concordant Up
SARM1,0.055,0.8,1.3,1.7,Concordant Up
SAMD9L,1.474,0.7,1.2,0.5,Concordant Up
SAMD10,0.014,0.6,-0.4,1.9,Concordant Up
SAMD1,0.045,1.3,0.9,0.7,Concordant Up
SAC3D1,0.183,2.3,1.7,1.1,Concordant Up
S1PR4,1.26,1.2,1.2,0.1,Concordant Up
S100A13,0.006,1.2,-1.1,-0.3,Concordant Up
RWDD2B,0.33,1.8,0.2,0.7,Concordant Up
RUSC1-AS1,0.006,2.0,0.8,2.3,Concordant Up
RUSC1,0.082,0.6,1.0,1.8,Concordant Up
RUNDC1,0.085,0.7,1.0,0.5,Concordant Up
RUFY2,0.263,0.7,0.1,0.1,Concordant Up
RTP4,0.767,3.4,3.9,4.5,Concordant Up
RTN4IP1,0.121,6.6,1.5,3.9,Concordant Up
RTL10,0.319,0.8,0.6,0.4,Concordant Up
RTKN2,0.475,2.9,-0.8,-2.2,Concordant Up
RSPH9,0.004,2.5,-0.7,-0.4,Concordant Up
RRM2,0.021,2.1,1.7,-1.9,Concordant Up
RRAS,0.014,1.1,-1.1,-1.5,Concordant Up
RRAGC,0.4,2.6,2.2,-2.9,Concordant Up
RPSAP18,0.027,0.8,-0.1,1.0,Concordant Up
RPS6KL1,0.03,1.1,-2.1,0.2,Concordant Up
RPS6KA4,0.024,1.5,-1.6,1.3,Concordant Up
RPS6KA1,0.076,2.0,0.6,1.6,Concordant Up
RPS4XP16,0.033,2.6,1.3,0.3,Concordant Up
RPS2P32,0.2,2.1,1.2,1.3,Concordant Up
RPP40,0.341,0.6,0.3,0.2,Concordant Up
RPL26P30,0.042,1.0,-0.2,0.6,Concordant Up
PLS3,0.036,6.3,11.3,8.4,Concordant Up
NAXD,0.337,0.6,0.4,0.9,Concordant Up
PLPBP,0.457,0.7,0.8,0.8,Concordant Up
NDUFV2,0.603,0.6,0.7,0.4,Concordant Up
NDUFB5,0.891,0.6,0.7,0.1,Concordant Up
NDUFAF7,0.329,0.8,0.9,0.7,Concordant Up
NDUFAF1,0.361,0.7,0.4,0.8,Concordant Up
NDUFA7,0.574,0.9,1.5,1.3,Concordant Up
NDRG3,0.286,1.1,1.5,-1.1,Concordant Up
NDC80,0.265,3.7,5.3,-0.3,Concordant Up
NCSTN,0.021,0.6,0.7,0.5,Concordant Up
NCR3,0.306,1.3,0.5,0.8,Concordant Up
NCOA7,0.351,1.5,0.7,1.0,Concordant Up
NCKIPSD,0.015,0.7,2.0,-0.5,Concordant Up
NCDN,0.225,0.9,0.6,0.1,Concordant Up
NCAPD3,0.445,1.1,-0.3,-0.2,Concordant Up
NECAB3,0.172,2.8,0.9,0.2,Concordant Up
NCAPD2,0.382,1.3,1.5,0.2,Concordant Up
NBR1,0.586,1.1,1.5,1.0,Concordant Up
NBEAL2,0.007,0.7,1.5,-0.5,Concordant Up
NATD1,0.045,2.8,1.9,0.3,Concordant Up
NAT1,0.33,3.2,1.9,0.5,Concordant Up
NANP,0.031,1.4,2.3,1.0,Concordant Up
NANOS1,0.003,1.4,1.1,0.5,Concordant Up
NAIF1,0.071,1.4,-0.4,1.7,Concordant Up
NAGLU,0.235,2.8,1.5,-1.8,Concordant Up
NAB2,0.109,0.7,0.7,0.1,Concordant Up
NAA40,0.466,3.9,4.1,4.3,Concordant Up
N4BP2L2-IT2,0.021,1.6,3.9,2.6,Concordant Up
N4BP1,0.111,0.8,0.4,0.7,Concordant Up
MYO1E,0.039,6.5,8.4,6.0,Concordant Up
NCALD,0.078,1.5,1.0,1.0,Concordant Up
NEK3,0.089,2.3,0.8,2.2,Concordant Up
NEK5,0.025,1.7,-0.5,1.2,Concordant Up
NEK6,0.038,3.0,1.2,1.8,Concordant Up
NPIPA1,0.492,1.0,1.1,0.7,Concordant Up
NPHP3,0.877,0.7,1.1,0.2,Concordant Up
NPEPPS,0.623,0.6,0.8,0.4,Concordant Up
NPEPL1,0.022,3.5,0.7,2.4,Concordant Up
NPDC1,0.536,1.7,1.0,2.3,Concordant Up
NOP9,0.11,1.2,1.5,-0.1,Concordant Up
NOD2,0.135,1.9,-0.3,1.2,Concordant Up
NOD1,0.11,1.9,2.7,3.5,Concordant Up
NNT,0.608,1.8,2.8,1.7,Concordant Up
NMNAT1,0.311,1.2,-1.3,0.1,Concordant Up
NME6,0.404,0.9,0.8,0.3,Concordant Up
NME3,0.383,0.7,1.1,1.6,Concordant Up
NMB,0.17,2.9,3.0,1.5,Concordant Up
NLRP1,0.461,1.3,1.6,-0.4,Concordant Up
NLK,0.126,1.0,-0.4,-0.2,Concordant Up
NKAP,0.62,0.7,0.2,0.7,Concordant Up
NIPA1,0.05,0.8,0.9,0.4,Concordant Up
NINJ2,0.012,2.0,0.7,1.0,Concordant Up
NIN,0.636,0.8,1.0,0.6,Concordant Up
NIFK-AS1,0.299,0.7,0.0,0.8,Concordant Up
NIF3L1,0.066,1.2,0.5,0.8,Concordant Up
NHS,0.03,0.9,-1.5,-0.8,Concordant Up
NHLRC3,0.256,1.9,1.2,0.3,Concordant Up
NFS1,0.406,0.6,0.2,-0.1,Concordant Up
NFATC2,0.668,1.3,1.4,0.3,Concordant Up
NEXN,0.19,1.8,3.5,-0.1,Concordant Up
NEURL1,0.031,0.9,-1.9,0.2,Concordant Up
NETO2,0.07,0.8,0.9,0.7,Concordant Up
NEK9,0.148,0.8,1.0,0.2,Concordant Up
MYLK-AS1,0.057,2.5,-0.7,0.1,Concordant Up
MYL6B,0.215,1.7,0.5,-1.2,Concordant Up
MYEF2,0.095,2.4,2.0,0.4,Concordant Up
MYB,0.016,1.2,0.4,-1.8,Concordant Up
MRNIP,0.099,3.6,4.0,1.0,Concordant Up
MREG,0.05,1.7,2.5,1.9,Concordant Up
MRE11,0.541,0.9,0.2,1.0,Concordant Up
MRC2,0.066,1.7,4.4,-0.3,Concordant Up
MPHOSPH8,0.36,0.8,0.6,0.5,Concordant Up
MPC2,0.315,0.9,0.3,0.5,Concordant Up
MOV10,0.375,2.6,2.1,2.4,Concordant Up
MORN2,0.09,1.8,-1.6,2.2,Concordant Up
MON1A,0.136,1.3,-0.4,0.9,Concordant Up
MOB3B,0.002,0.7,-0.4,-0.9,Concordant Up
MOB2,0.141,0.6,0.7,0.3,Concordant Up
MMS22L,0.104,0.9,2.4,-0.2,Concordant Up
MMAA,0.224,0.9,0.7,0.8,Concordant Up
MLLT11,0.253,1.9,1.9,2.4,Concordant Up
MLH3,0.638,0.6,0.2,0.2,Concordant Up
MLH1,0.393,0.6,-0.0,0.2,Concordant Up
MKS1,0.091,1.0,1.7,0.6,Concordant Up
MKI67,0.051,4.0,1.9,-0.5,Concordant Up
MIS18BP1,0.249,1.8,1.3,0.9,Concordant Up
MIS18A,0.271,0.8,0.5,0.2,Concordant Up
MIR4512,0.028,3.5,2.0,2.5,Concordant Up
MIR4453HG,0.029,2.7,-2.3,-0.8,Concordant Up
MIR4435-2HG,0.081,2.7,2.8,1.2,Concordant Up
MIR3142HG,0.095,5.8,5.9,5.6,Concordant Up
MIR186,0.102,0.8,0.3,-1.4,Concordant Up
MINPP1,0.229,1.1,2.0,2.4,Concordant Up
MINDY4,0.009,1.5,1.7,2.3,Concordant Up
MINDY3,0.362,0.9,1.2,0.6,Concordant Up
SLC2A11,0.318,1.5,0.1,-0.4,Concordant Up
MROH1,0.042,0.8,1.8,0.8,Concordant Up
NPTN-IT1,0.056,1.4,0.1,1.0,Concordant Up
MRPL30,0.667,0.9,1.1,1.2,Concordant Up
MRPS33,0.652,0.8,0.1,0.2,Concordant Up
MVP,0.58,0.6,1.3,0.0,Concordant Up
MVB12A,0.167,0.7,-0.2,0.8,Concordant Up
MUTYH,0.548,0.6,1.4,1.7,Concordant Up
MUS81,0.747,2.3,2.4,2.3,Concordant Up
MTX3,0.369,3.4,2.2,-0.8,Concordant Up
MTRF1,0.378,1.1,1.1,0.5,Concordant Up
MTPAP,0.263,0.7,0.4,0.2,Concordant Up
MTOR,0.425,1.2,1.1,0.1,Concordant Up
MTMR4,0.554,1.0,1.3,0.6,Concordant Up
MTIF3,0.868,0.9,0.9,0.8,Concordant Up
MTHFSD,0.249,0.6,0.7,-1.2,Concordant Up
MTHFD1,0.295,1.4,0.5,0.7,Concordant Up
MTG2,0.194,1.2,0.2,0.5,Concordant Up
MTFR1L,0.163,1.6,-0.4,1.3,Concordant Up
MTFMT,0.258,0.7,0.2,-0.2,Concordant Up
MTERF2,0.36,1.1,0.8,-0.4,Concordant Up
MTCO1P11,0.024,3.3,4.9,2.2,Concordant Up
MTBP,0.035,0.7,2.3,2.2,Concordant Up
MTA3,0.09,1.8,1.0,1.8,Concordant Up
MTA1,0.082,0.9,0.9,1.1,Concordant Up
MT2A,1.206,0.6,0.5,0.5,Concordant Up
MT1X,1.38,1.5,1.4,1.4,Concordant Up
MT1F,0.762,3.6,1.4,-0.9,Concordant Up
MSS51,0.025,1.8,2.3,-0.9,Concordant Up
MSRB1,0.27,3.7,3.6,3.2,Concordant Up
MSL2,0.655,1.0,-0.0,-0.2,Concordant Up
MSI2,0.701,0.8,0.5,-0.2,Concordant Up
MSANTD4,0.548,0.7,0.4,-0.2,Concordant Up
MRS2,0.397,0.8,0.1,0.4,Concordant Up
MRPL53,0.027,0.8,3.2,2.7,Concordant Up
NQO1,0.097,2.0,1.0,-0.3,Concordant Up
NR1D2,0.316,0.6,0.8,0.1,Concordant Up
NRBP2,0.083,0.8,0.4,-0.3,Concordant Up
PHACTR2,0.322,1.4,1.0,0.9,Concordant Up
PGS1,0.275,0.6,0.8,-0.7,Concordant Up
PGM1,0.026,0.9,0.8,0.5,Concordant Up
PGLYRP2,0.119,2.6,0.4,1.5,Concordant Up
PGBD2,0.337,0.9,2.1,5.0,Concordant Up
PEX3,0.461,1.1,0.8,0.3,Concordant Up
PEX2,0.421,0.9,0.7,0.9,Concordant Up
PEX12,0.214,0.8,2.3,1.1,Concordant Up
PEX11B,0.053,1.6,1.4,1.9,Concordant Up
PECR,0.298,0.6,1.4,-0.7,Concordant Up
PDZD8,0.046,1.3,1.3,0.9,Concordant Up
PDZD11,0.709,2.1,2.2,1.1,Concordant Up
PDSS2,0.109,2.4,2.5,2.4,Concordant Up
PDIK1L,0.333,1.3,2.2,1.2,Concordant Up
PDHB,0.772,0.8,0.6,0.3,Concordant Up
PDGFB,0.148,2.4,3.9,-1.0,Concordant Up
PDCD7,0.204,0.8,0.8,0.1,Concordant Up
PDCD1,0.078,0.7,0.8,0.2,Concordant Up
PCYT1A,0.64,1.1,0.5,0.3,Concordant Up
PCYOX1L,0.115,2.8,0.9,-1.7,Concordant Up
PCTP,0.097,0.8,0.8,-1.1,Concordant Up
PCNX3,0.13,3.0,3.5,2.8,Concordant Up
PCMTD2,0.098,1.0,-0.1,-1.2,Concordant Up
PCGF6,0.246,1.0,0.5,1.0,Concordant Up
PCGF3,0.234,1.0,0.9,0.6,Concordant Up
PCGF1,0.523,0.6,0.9,1.0,Concordant Up
PCCB,0.163,0.6,-0.2,0.6,Concordant Up
PCCA,0.023,1.6,0.9,1.6,Concordant Up
PBXIP1,0.21,1.1,1.5,0.3,Concordant Up
PHEX,0.015,8.5,9.4,5.5,Concordant Up
PBLD,0.011,1.5,-0.5,1.1,Concordant Up
PHF13,0.14,1.4,1.4,0.8,Concordant Up
PHF3,0.81,0.6,0.7,0.4,Concordant Up
PLOD3,0.136,0.7,1.8,-0.2,Concordant Up
PLLP,0.159,1.5,2.7,-0.6,Concordant Up
PLK4,0.075,5.4,0.6,-0.8,Concordant Up
PLEKHM1,0.106,0.8,0.6,-1.1,Concordant Up
PLEKHG2,0.176,1.0,1.2,0.6,Concordant Up
PLEKHF1,0.33,7.2,4.9,5.4,Concordant Up
PLEKHA4,0.008,1.3,-2.0,-0.8,Concordant Up
PLCB2,0.059,2.5,0.5,-0.6,Concordant Up
PLAG1,0.257,2.0,0.5,-1.4,Concordant Up
PLAA,0.377,0.7,0.8,0.6,Concordant Up
PKD2,0.074,0.8,1.2,-1.3,Concordant Up
PIP5K1C,0.056,1.3,2.2,0.2,Concordant Up
PIP4K2C,0.106,0.9,0.8,0.6,Concordant Up
PIP4K2B,0.262,1.8,1.3,0.3,Concordant Up
PILRB,0.021,1.2,1.1,1.4,Concordant Up
PIK3CG,0.213,1.5,3.1,-1.1,Concordant Up
PIK3C2B,0.107,0.8,3.0,-1.0,Concordant Up
PIK3AP1,0.081,1.0,-1.6,0.7,Concordant Up
PIGV,0.149,0.6,1.4,0.6,Concordant Up
PIGS,1.163,1.9,1.6,2.0,Concordant Up
PIGP,0.683,0.6,-1.4,-0.5,Concordant Up
PIGN,0.038,0.6,0.9,0.6,Concordant Up
PIGF,0.376,1.3,1.5,1.3,Concordant Up
PI4KA,0.151,1.8,1.5,0.7,Concordant Up
PI4K2A,0.033,1.9,2.5,0.1,Concordant Up
PI3,0.189,1.3,-0.4,1.8,Concordant Up
PHYH,0.324,1.2,2.6,1.3,Concordant Up
PHTF1,0.037,2.0,1.6,1.1,Concordant Up
PHKB,0.256,1.4,1.7,-1.4,Concordant Up
PHF2,0.204,0.7,1.2,0.3,Concordant Up
PLPP6,0.113,5.0,2.2,0.8,Concordant Up
PATZ1,0.009,1.4,1.8,1.3,Concordant Up
PARP4,0.932,0.9,0.6,0.4,Concordant Up
OCRL,0.198,2.3,4.0,0.4,Concordant Up
OCEL1,0.337,1.9,-0.7,0.5,Concordant Up
OBSCN,0.123,1.9,-1.4,-2.3,Concordant Up
NXT2,0.313,0.8,0.3,1.0,Concordant Up
NUSAP1,0.366,2.9,2.6,0.6,Concordant Up
NUP62CL,0.096,1.1,0.2,0.4,Concordant Up
NUP43,0.436,1.9,2.0,2.4,Concordant Up
NUP37,0.471,1.0,0.8,0.9,Concordant Up
NUMA1,0.695,1.5,1.2,1.8,Concordant Up
NUDT6,0.158,1.1,0.8,0.9,Concordant Up
NUDT22,0.578,1.1,0.9,1.0,Concordant Up
NUDT19,0.083,1.2,0.8,0.6,Concordant Up
NUDT17,0.169,2.3,-1.2,-2.8,Concordant Up
NUDT16,0.335,1.6,3.2,3.9,Concordant Up
NUDT14,0.458,1.4,4.3,3.1,Concordant Up
NUB1,0.561,0.6,-0.1,0.6,Concordant Up
NTRK1,0.005,0.6,-0.7,1.1,Concordant Up
NTPCR,0.328,0.6,0.4,-0.1,Concordant Up
NTHL1,0.106,3.6,0.8,3.1,Concordant Up
NT5DC2,0.058,0.9,-1.9,-1.0,Concordant Up
NT5C2,0.15,0.7,0.4,-0.0,Concordant Up
NSUN6,0.516,1.1,1.4,0.0,Concordant Up
NSUN3,0.164,0.9,0.1,0.4,Concordant Up
NSRP1P1,0.014,1.2,1.1,0.1,Concordant Up
NSF,0.329,1.5,1.6,1.5,Concordant Up
NSDHL,0.266,0.6,0.2,0.7,Concordant Up
NRROS,0.331,1.3,2.2,1.5,Concordant Up
NRM,0.17,2.6,-1.4,0.7,Concordant Up
NRDC,0.397,0.9,0.8,0.4,Concordant Up
OGFOD2,0.023,2.4,1.1,-0.1,Concordant Up
PASK,0.109,1.4,1.4,0.3,Concordant Up
OGG1,0.115,0.8,1.0,1.1,Concordant Up
ORC3,0.313,0.7,0.6,1.2,Concordant Up
PARP2,0.563,0.8,1.2,1.2,Concordant Up
PARP15,0.379,2.2,-0.9,4.4,Concordant Up
PARP12,0.272,0.7,0.8,1.4,Concordant Up
PARP10,0.141,2.0,2.0,-0.8,Concordant Up
PARG,0.171,0.6,0.8,0.6,Concordant Up
PAQR8,0.967,0.9,1.3,1.8,Concordant Up
PAQR4,0.013,1.8,0.4,-0.1,Concordant Up
PAOX,0.076,2.7,0.6,-0.9,Concordant Up
PANK4,0.172,1.6,0.9,1.5,Concordant Up
PANK3,0.662,0.8,0.8,0.5,Concordant Up
PAN2,0.408,1.7,1.6,-2.1,Concordant Up
PAM16,0.068,0.7,0.5,0.1,Concordant Up
PAFAH2,0.14,1.0,-0.5,1.0,Concordant Up
PAFAH1B1,0.577,0.7,0.3,0.2,Concordant Up
P2RY11,0.186,0.6,0.6,0.4,Concordant Up
P2RY10,0.305,1.0,1.3,0.3,Concordant Up
P2RX7,0.265,1.9,-1.6,-2.8,Concordant Up
P2RX5,0.268,2.1,1.2,0.4,Concordant Up
OXSM,0.332,0.8,0.6,-0.5,Concordant Up
OXR1,0.387,0.9,1.7,1.0,Concordant Up
OVGP1,0.046,2.3,0.2,0.9,Concordant Up
OTUD3,0.359,0.8,0.6,-0.2,Concordant Up
OSTF1,0.853,0.8,0.6,0.5,Concordant Up
OSTC,0.994,0.2,0.1,0.2,Concordant Up
OSGEPL1,0.369,2.0,1.5,0.2,Concordant Up
OSBPL11,0.309,1.3,1.0,1.6,Concordant Up
ORMDL3,0.737,0.6,-0.2,-1.1,Concordant Up
ORC6,0.03,1.2,1.4,1.1,Concordant Up
ORC5,0.48,1.0,0.6,0.1,Concordant Up
OIP5-AS1,2.357,0.7,0.3,0.1,Concordant Up
SLC35B3,0.237,0.8,0.2,-0.8,Concordant Up
ZBTB48,0.249,2.7,1.8,2.7,Concordant Up
SLC35D2,0.18,3.1,2.9,1.6,Concordant Up
YIPF1,0.181,0.9,0.2,0.6,Concordant Up
YEATS4,0.587,0.9,0.4,0.6,Concordant Up
YBX3,0.034,0.7,-0.2,-1.2,Concordant Up
YBEY,0.647,1.6,1.8,1.1,Concordant Up
XYLT2,0.101,1.0,-0.8,-1.2,Concordant Up
XXYLT1-AS2,0.04,2.6,1.1,1.3,Concordant Up
XRCC1,0.358,0.7,0.0,0.8,Concordant Up
XKR9,0.035,1.1,-1.2,-0.4,Concordant Up
WSB2,0.122,0.6,0.9,0.1,Concordant Up
WIPI1,0.087,2.8,1.6,2.2,Concordant Up
WDSUB1,0.053,1.0,1.6,1.0,Concordant Up
WDR91,0.161,2.3,-0.2,2.6,Concordant Up
WDR81,0.027,1.3,1.7,-0.3,Concordant Up
YIPF3,0.679,1.2,1.0,1.0,Concordant Up
WDR76,0.312,1.5,2.4,1.9,Concordant Up
WDR59,0.191,0.6,0.6,-0.0,Concordant Up
WDR48,0.376,0.6,0.2,-0.2,Concordant Up
WDR47,0.185,1.0,1.9,3.1,Concordant Up
WDR41,0.194,1.0,1.3,1.5,Concordant Up
WDR26,0.023,0.7,0.2,-0.5,Concordant Up
WDR24,0.149,3.1,4.3,2.9,Concordant Up
WDR11,0.587,1.7,1.0,1.1,Concordant Up
WDHD1,0.107,1.2,1.2,0.8,Concordant Up
WDFY1,0.908,0.8,0.7,0.7,Concordant Up
WDCP,0.274,3.1,3.1,2.5,Concordant Up
WBP4,0.325,0.6,0.6,0.5,Concordant Up
WBP2,0.2,0.8,0.6,0.4,Concordant Up
WBP1L,0.133,1.8,2.4,0.8,Concordant Up
WDR5B,0.403,1.8,1.1,1.6,Concordant Up
YLPM1,0.621,1.0,0.6,0.3,Concordant Up
ZBED5-AS1,0.325,0.9,0.7,-3.4,Concordant Up
ZBTB1,0.715,0.9,0.4,0.8,Concordant Up
ZKSCAN1,0.665,1.0,0.5,0.2,Concordant Up
ZHX1-C8orf76,0.054,3.2,3.8,1.9,Concordant Up
ZGRF1,0.116,0.9,-1.1,-2.2,Concordant Up
ZFYVE26,0.103,1.8,1.0,1.7,Concordant Up
ZFYVE19,0.093,0.9,1.2,0.2,Concordant Up
ZFYVE1,0.097,0.9,-0.1,-0.6,Concordant Up
ZFP64,0.158,1.9,-1.2,1.4,Concordant Up
ZFP41,0.087,1.1,2.3,2.2,Concordant Up
ZFP14,0.415,2.5,-1.8,2.1,Concordant Up
ZFAT,0.087,2.9,1.8,1.4,Concordant Up
ZFAND4,0.071,0.8,1.1,1.3,Concordant Up
ZEB2,0.126,3.2,3.6,3.0,Concordant Up
ZDHHC21,0.289,1.5,1.2,0.6,Concordant Up
ZDHHC13,0.274,0.8,0.9,0.6,Concordant Up
ZCWPW1,0.035,0.7,1.0,-0.5,Concordant Up
ZCRB1,0.792,1.1,0.8,0.6,Concordant Up
ZCCHC9,0.658,0.6,0.6,0.8,Concordant Up
ZCCHC17,0.401,0.9,0.1,0.7,Concordant Up
ZC3HAV1L,0.043,3.9,3.5,2.6,Concordant Up
ZC3H14,0.721,1.4,1.0,0.5,Concordant Up
ZBTB7B,0.235,1.3,0.2,-0.5,Concordant Up
ZBTB5,0.031,2.1,1.6,1.8,Concordant Up
MINDY1,0.388,2.0,0.0,0.9,Concordant Up
ZBTB4,0.488,0.9,0.6,-0.1,Concordant Up
ZBTB39,0.048,1.3,2.5,-1.5,Concordant Up
ZBTB38,0.382,1.5,1.7,1.3,Concordant Up
ZBTB37,0.475,3.7,3.1,2.5,Concordant Up
ZBTB32,0.029,0.8,0.7,0.2,Concordant Up
ZBTB3,0.18,1.9,0.9,-0.5,Concordant Up
WASHC3,0.821,1.0,0.7,-0.1,Concordant Up
WAS,0.282,0.8,0.2,0.8,Concordant Up
VWA5A,0.164,1.2,2.5,-1.6,Concordant Up
VRK3,0.34,0.9,0.7,0.9,Concordant Up
UNC45B,0.043,1.4,-1.6,-1.2,Concordant Up
UNC45A,0.316,0.7,1.0,0.3,Concordant Up
UNC119B,0.006,1.2,-0.7,0.5,Concordant Up
UGDH,0.187,1.5,1.5,1.1,Concordant Up
UFSP2,0.547,1.4,-0.1,0.5,Concordant Up
UFSP1,0.035,0.7,-0.2,0.1,Concordant Up
UEVLD,0.195,1.1,1.5,0.2,Concordant Up
UCP3,0.117,3.0,-0.3,2.0,Concordant Up
UBXN8,0.127,1.1,1.0,0.8,Concordant Up
UBXN7,0.394,0.7,0.7,-0.2,Concordant Up
UBXN6,0.207,0.9,-0.2,0.1,Concordant Up
UBR7,0.365,1.2,0.8,1.5,Concordant Up
UBL7,0.622,0.6,0.9,0.7,Concordant Up
UBL4A,0.244,2.2,1.8,1.9,Concordant Up
UBE3B,0.209,1.2,0.3,-0.0,Concordant Up
UBE2V2,0.753,0.7,0.3,0.8,Concordant Up
UBE2J2,0.157,0.7,0.8,0.5,Concordant Up
UBE2H,0.213,1.1,1.5,0.8,Concordant Up
UBASH3B,0.301,0.7,1.3,1.2,Concordant Up
UBASH3A,0.379,2.5,1.3,1.0,Concordant Up
UBAC1,0.121,0.6,1.0,0.8,Concordant Up
UBA7,0.181,4.1,4.0,-1.2,Concordant Up
TYW1B,0.065,0.8,0.4,1.0,Concordant Up
TYMS,0.024,3.6,3.0,-0.1,Concordant Up
TXNRD2,0.064,2.9,3.3,1.4,Concordant Up
TXNDC9,0.902,0.6,0.4,0.8,Concordant Up
TWF2,1.824,1.2,0.9,0.7,Concordant Up
TUT1,0.363,1.1,-2.7,0.1,Concordant Up
TULP3,0.183,2.5,3.8,2.3,Concordant Up
UNK,0.129,0.8,1.1,0.3,Concordant Up
ZKSCAN3,0.244,1.8,0.6,3.2,Concordant Up
UNKL,0.065,1.3,4.6,-0.9,Concordant Up
UROS,0.159,0.6,0.3,0.3,Concordant Up
VPS8,0.127,1.0,1.5,0.8,Concordant Up
VPS54,0.036,0.6,0.9,0.7,Concordant Up
VPS53,0.362,0.7,0.4,1.0,Concordant Up
VPS52,0.312,2.7,2.3,2.2,Concordant Up
VPS45,0.267,0.7,0.2,0.8,Concordant Up
VPS39,0.303,1.1,0.9,-0.0,Concordant Up
VPS33B,0.292,0.7,1.4,0.1,Concordant Up
VPS33A,0.711,0.7,0.3,0.5,Concordant Up
VPS18,0.041,1.3,1.5,-0.7,Concordant Up
VPS16,0.458,0.8,1.0,0.7,Concordant Up
VMAC,0.415,1.6,2.2,0.5,Concordant Up
VIPAS39,0.254,1.4,1.0,0.4,Concordant Up
VIM-AS1,0.272,1.8,4.5,2.9,Concordant Up
VILL,0.119,2.7,-0.8,-0.6,Concordant Up
VDR,0.077,1.7,1.8,0.7,Concordant Up
VAV2,0.009,0.7,-0.2,0.3,Concordant Up
VAT1,0.128,1.5,3.8,3.0,Concordant Up
VASH1,0.007,0.7,2.4,-1.1,Concordant Up
VANGL1,0.093,1.4,4.4,2.7,Concordant Up
VAMP5,0.813,1.5,1.2,0.3,Concordant Up
UTP14C,0.475,1.2,-0.0,0.5,Concordant Up
USP54,0.054,1.1,-1.2,-0.6,Concordant Up
USP5,0.235,2.5,1.5,2.6,Concordant Up
USP48,0.434,0.8,0.9,0.6,Concordant Up
USP45,0.232,0.7,0.9,-0.4,Concordant Up
USP18,0.051,1.9,-0.3,2.3,Concordant Up
USP13,0.133,1.8,1.8,1.7,Concordant Up
USF3,0.44,0.6,0.2,-0.2,Concordant Up
USF1,0.048,1.1,-0.7,-0.9,Concordant Up
UPF3A,0.332,1.4,0.6,0.5,Concordant Up
ZKSCAN4,0.065,2.3,5.9,1.7,Concordant Up
ZKSCAN5,0.087,1.1,0.9,-0.6,Concordant Up
ZMAT3,0.564,1.5,0.7,0.8,Concordant Up
ZNF713,0.036,1.7,-1.7,-0.8,Concordant Up
ZNF71,0.171,1.3,0.3,1.5,Concordant Up
ZNF708,0.498,1.2,1.6,1.7,Concordant Up
ZNF701,0.2,0.6,0.2,-0.8,Concordant Up
ZNF700,0.269,2.7,3.5,1.7,Concordant Up
ZNF692,0.224,0.8,1.0,1.2,Concordant Up
ZNF689,0.094,0.7,1.0,-0.2,Concordant Up
ZNF688,0.151,0.9,0.8,0.9,Concordant Up
ZNF687,0.018,2.6,4.5,2.0,Concordant Up
ZNF678,0.245,1.8,-2.6,2.4,Concordant Up
ZNF674,0.119,3.0,0.6,-2.0,Concordant Up
ZNF671,0.18,4.0,3.1,0.7,Concordant Up
ZNF66,0.072,1.0,-1.4,1.8,Concordant Up
ZNF653,0.116,1.5,1.0,0.5,Concordant Up
ZNF649,0.295,1.4,1.1,1.7,Concordant Up
ZNF646,0.262,1.6,0.3,-1.2,Concordant Up
ZNF621,0.336,0.7,1.3,-2.8,Concordant Up
ZNF619,0.187,2.1,-1.1,-0.7,Concordant Up
ZNF616,0.233,2.6,1.1,2.9,Concordant Up
ZNF615,0.295,1.1,0.4,1.5,Concordant Up
ZNF613,0.144,2.6,2.1,2.4,Concordant Up
ZNF592,0.049,1.1,0.9,0.1,Concordant Up
ZNF585A,0.323,2.0,1.8,0.5,Concordant Up
ZNF571,0.219,1.5,-0.7,2.3,Concordant Up
ZNF552,0.049,0.8,0.8,0.2,Concordant Up
ZNF550,0.381,1.0,1.1,0.9,Concordant Up
ZNF547,0.036,1.2,-0.6,-0.4,Concordant Up
ZNF543,0.135,1.9,0.8,2.0,Concordant Up
ZNF540,0.101,1.7,-2.7,0.3,Concordant Up
ZNF714,0.36,2.9,2.5,2.7,Concordant Up
ZNF527,0.221,0.7,-0.0,1.2,Concordant Up
ZNF724,0.073,2.1,2.7,2.0,Concordant Up
ZNF738,0.087,1.7,0.9,1.0,Concordant Up
ZZEF1,0.47,1.2,1.2,0.3,Concordant Up
ZWINT,0.168,1.4,2.4,1.9,Concordant Up
ZWILCH,0.142,0.9,0.3,1.1,Concordant Up
ZSWIM7,0.669,1.1,0.3,0.4,Concordant Up
ZSWIM3,0.106,2.8,-1.3,1.1,Concordant Up
ZSWIM1,0.224,3.1,3.3,2.2,Concordant Up
ZSCAN9,0.023,1.4,1.1,3.8,Concordant Up
ZSCAN32,0.243,2.2,1.8,1.6,Concordant Up
ZSCAN30,0.344,0.9,2.1,2.3,Concordant Up
ZSCAN29,0.28,1.2,-0.2,0.9,Concordant Up
ZSCAN26,0.609,0.6,-0.2,2.8,Concordant Up
ZSCAN22,0.024,0.8,1.4,-0.3,Concordant Up
ZSCAN21,0.112,2.0,2.7,1.0,Concordant Up
ZSCAN16,0.102,0.8,0.2,-1.4,Concordant Up
ZNHIT1,0.424,0.8,0.4,0.4,Concordant Up
ZNF92,0.617,1.1,0.6,0.8,Concordant Up
ZNF85,0.18,3.7,2.4,3.3,Concordant Up
ZNF839,0.151,2.7,1.3,-1.0,Concordant Up
ZNF829,0.176,0.9,2.1,-0.2,Concordant Up
ZNF816,0.375,0.6,0.3,0.8,Concordant Up
ZNF81,0.246,1.8,2.8,2.7,Concordant Up
ZNF79,0.076,0.7,0.2,0.2,Concordant Up
ZNF786,0.173,2.0,0.6,0.9,Concordant Up
ZNF785,0.019,1.4,1.6,1.6,Concordant Up
ZNF780B,0.249,0.8,0.1,1.5,Concordant Up
ZNF780A,0.479,1.5,0.1,1.6,Concordant Up
ZNF773,0.255,0.8,-0.2,-1.9,Concordant Up
ZNF763,0.052,1.9,-0.9,2.3,Concordant Up
ZNF747,0.375,4.0,3.7,-0.7,Concordant Up
ZNF736,0.218,1.7,2.5,0.4,Concordant Up
TUG1,0.287,0.7,0.6,-0.4,Concordant Up
ZNF518A,0.278,1.2,1.7,0.9,Concordant Up
ZNF512B,0.013,0.7,0.6,-1.2,Concordant Up
ZNF253,0.283,0.7,0.5,1.1,Concordant Up
ZNF235,0.179,4.0,4.0,4.8,Concordant Up
ZNF234,0.207,1.4,1.5,0.5,Concordant Up
ZNF230,0.215,0.9,0.6,0.1,Concordant Up
ZNF227,0.295,1.1,0.8,0.6,Concordant Up
ZNF225,0.105,2.6,2.2,1.5,Concordant Up
ZNF224,0.46,1.6,1.3,1.2,Concordant Up
ZNF222,0.138,0.7,-0.5,-0.1,Concordant Up
ZNF212,0.043,2.2,2.3,1.5,Concordant Up
ZNF211,0.229,1.1,0.6,0.6,Concordant Up
ZNF200,0.714,1.9,1.1,1.1,Concordant Up
ZNF2,0.178,3.5,5.0,2.8,Concordant Up
ZNF197,0.349,2.6,1.3,-0.8,Concordant Up
ZNF19,0.103,2.9,0.1,0.3,Concordant Up
ZNF184,0.412,1.9,3.0,4.4,Concordant Up
ZNF18,0.014,2.2,3.4,0.0,Concordant Up
ZNF175,0.169,5.1,6.3,4.7,Concordant Up
ZNF174,0.377,3.9,2.7,3.6,Concordant Up
ZNF17,0.159,1.3,1.4,1.1,Concordant Up
ZNF16,0.073,1.0,2.1,1.6,Concordant Up
ZNF138,0.387,1.7,1.7,2.3,Concordant Up
ZNF133,0.034,3.0,2.5,3.9,Concordant Up
ZNF131,0.11,0.6,0.6,0.7,Concordant Up
ZNF106,0.435,1.0,0.9,0.7,Concordant Up
ZNF100,0.408,0.8,1.0,0.5,Concordant Up
ZNF10,0.134,0.7,0.7,2.3,Concordant Up
ZMYND10,0.016,2.2,-1.1,0.9,Concordant Up
ZMYM5,0.297,0.6,-0.2,-0.2,Concordant Up
ZMAT5,0.05,1.1,0.9,1.3,Concordant Up
ZNF254,0.579,2.0,1.8,0.7,Concordant Up
ZNF514,0.272,1.6,2.2,1.2,Concordant Up
ZNF276,0.226,1.3,2.0,0.7,Concordant Up
ZNF292,0.754,0.8,0.8,0.3,Concordant Up
ZNF510,0.445,1.3,-1.2,1.0,Concordant Up
ZNF501,0.15,3.2,0.7,1.2,Concordant Up
ZNF500,0.28,2.2,1.4,-1.3,Concordant Up
ZNF486,0.407,1.4,-0.1,0.5,Concordant Up
ZNF484,0.333,0.6,0.5,1.3,Concordant Up
ZNF45,0.244,0.8,1.0,1.1,Concordant Up
ZNF445,0.268,1.2,1.0,-0.6,Concordant Up
ZNF441,0.13,1.5,-1.4,2.2,Concordant Up
ZNF440,0.098,1.5,4.5,3.9,Concordant Up
ZNF433,0.02,0.7,0.3,0.2,Concordant Up
ZNF43,0.488,1.5,2.1,2.7,Concordant Up
ZNF426,0.34,1.1,1.2,0.3,Concordant Up
ZNF419,0.313,2.1,2.2,1.7,Concordant Up
ZNF417,0.187,1.9,-0.1,1.4,Concordant Up
ZNF416,0.092,1.5,1.2,-2.7,Concordant Up
ZNF41,0.034,2.5,0.3,3.0,Concordant Up
ZNF382,0.216,2.1,3.2,1.6,Concordant Up
ZNF362,0.141,1.2,0.5,0.6,Concordant Up
ZNF354C,0.15,1.5,-0.5,2.4,Concordant Up
ZNF345,0.047,0.7,0.4,1.7,Concordant Up
ZNF343,0.114,0.6,0.9,-2.7,Concordant Up
ZNF341,0.022,2.1,0.5,1.5,Concordant Up
ZNF33B,0.76,1.3,0.9,0.3,Concordant Up
ZNF324,0.022,1.2,0.9,-0.6,Concordant Up
ZNF322,0.308,1.7,0.3,1.4,Concordant Up
ZNF318,0.359,3.1,0.6,1.3,Concordant Up
ZNF304,0.178,1.9,1.5,-0.8,Concordant Up
ZNF300,0.062,1.7,0.2,-2.0,Concordant Up
ZNF30,0.081,1.3,-3.6,-1.1,Concordant Up
ZNF280D,0.527,1.4,2.3,0.5,Concordant Up
SLC35D1,0.318,0.6,0.9,-0.7,Concordant Up
TUBGCP5,0.111,1.7,1.4,1.1,Concordant Up
TUBD1,0.29,0.8,0.2,-0.1,Concordant Up
SYNJ1,0.082,0.7,1.4,0.4,Concordant Up
SYNE1,0.864,0.8,1.2,-0.7,Concordant Up
SYCP2,0.194,1.2,1.1,3.3,Concordant Up
SWT1,0.1,1.3,1.3,2.0,Concordant Up
SWI5,0.17,2.6,3.5,3.5,Concordant Up
SUV39H1,0.047,1.1,-2.3,1.5,Concordant Up
SUSD3,1.024,2.1,1.6,3.1,Concordant Up
SUMO4,0.024,0.8,0.9,0.4,Concordant Up
SUGT1,0.565,0.8,0.7,0.5,Concordant Up
STX2,0.043,1.4,1.3,1.1,Concordant Up
STRN4,0.043,0.7,0.6,0.0,Concordant Up
STRIP2,0.019,3.1,4.7,2.5,Concordant Up
STRADB,0.229,1.8,-0.7,-0.6,Concordant Up
SYT11,0.237,2.1,3.4,1.9,Concordant Up
STK39,0.065,0.7,1.2,0.2,Concordant Up
STIMATE,0.002,0.8,0.7,0.9,Concordant Up
STAT5B,0.394,0.7,1.0,0.1,Concordant Up
STAT2,0.826,0.7,0.5,0.1,Concordant Up
STARD3,0.077,1.2,1.7,0.6,Concordant Up
STAMBPL1,0.483,2.5,2.6,1.4,Concordant Up
STAMBP,0.643,0.8,0.7,0.4,Concordant Up
STAM,0.325,1.5,1.0,1.0,Concordant Up
STAG3,0.052,3.3,1.5,-0.0,Concordant Up
ST6GALNAC1,0.307,3.1,1.6,0.2,Concordant Up
ST6GAL1,1.59,1.5,1.6,0.0,Concordant Up
ST20,0.356,0.7,1.3,1.2,Concordant Up
SSH1,0.343,0.9,1.0,0.8,Concordant Up
SS18L1,0.144,1.5,1.9,0.2,Concordant Up
STK16,0.105,3.4,3.1,1.0,Concordant Up
SYTL1,0.467,3.2,3.7,2.3,Concordant Up
SZT2,0.103,1.2,1.0,1.4,Concordant Up
TADA3,0.262,0.9,0.4,-0.7,Concordant Up
TBX19,0.002,2.1,2.0,1.2,Concordant Up
TBL2,0.183,0.7,0.7,-0.1,Concordant Up
TBL1X,0.676,0.8,0.3,0.6,Concordant Up
TBK1,0.45,0.9,0.9,1.2,Concordant Up
TBCK,0.371,1.7,1.3,1.3,Concordant Up
TBCEL,0.226,3.5,1.4,-0.4,Concordant Up
TBCD,0.074,1.3,1.4,0.6,Concordant Up
TBCCD1,0.156,1.7,1.6,0.9,Concordant Up
TBC1D9B,0.126,0.8,-0.7,0.0,Concordant Up
TBC1D5,0.184,1.1,3.0,1.2,Concordant Up
TBC1D4,0.89,1.5,1.5,0.2,Concordant Up
TBC1D31,0.096,0.6,0.6,0.4,Concordant Up
TBC1D22B,0.11,1.1,1.3,1.2,Concordant Up
TBC1D17,0.109,1.9,0.4,0.8,Concordant Up
TBC1D14,0.047,0.6,0.1,0.2,Concordant Up
TBC1D13,0.039,0.7,1.3,2.6,Concordant Up
TBC1D10C,0.142,1.1,1.2,-0.1,Concordant Up
TBC1D10A,0.83,2.4,2.7,2.5,Concordant Up
TAX1BP3,0.256,1.3,0.9,0.5,Concordant Up
TATDN3,0.177,1.0,0.1,0.9,Concordant Up
TARS2,0.286,1.3,-0.2,1.0,Concordant Up
TAP2,1.504,0.7,-0.6,0.1,Concordant Up
TAOK2,0.096,0.6,0.4,-2.0,Concordant Up
TALDO1,0.562,0.7,0.3,0.6,Concordant Up
TAF8,0.096,1.2,0.5,0.3,Concordant Up
TAF6,0.098,0.6,0.9,1.1,Concordant Up
TAF4,0.133,0.9,0.9,0.9,Concordant Up
TAF11,0.292,0.7,0.6,0.7,Concordant Up
TAF1,0.627,0.7,0.7,-0.2,Concordant Up
SRR,0.059,0.6,0.5,-0.5,Concordant Up
SRGAP3,0.01,1.0,1.2,-0.6,Concordant Up
SRGAP2,0.121,6.1,5.8,5.6,Concordant Up
SREBF2,0.18,0.7,0.6,-0.2,Concordant Up
SNAPC3,0.651,1.4,1.6,0.8,Concordant Up
SNAP23,0.477,0.7,1.0,0.8,Concordant Up
SMUG1,0.246,1.1,0.2,1.6,Concordant Up
SMTN,0.035,2.8,3.3,1.1,Concordant Up
SMS,0.115,0.8,0.8,0.9,Concordant Up
SMOX,0.011,1.0,1.7,0.6,Concordant Up
SMG1P4,0.157,1.0,1.0,-0.2,Concordant Up
SMCO4,0.357,2.2,2.7,1.9,Concordant Up
SMC6,0.55,0.8,0.5,-0.2,Concordant Up
SMC2,0.656,0.9,0.6,0.2,Concordant Up
SMC1B,0.003,1.3,-0.7,0.9,Concordant Up
SMARCAL1,0.247,1.0,1.7,1.2,Concordant Up
SMARCA2,0.255,0.6,0.9,0.0,Concordant Up
SMAD3,0.034,0.8,0.7,0.1,Concordant Up
SLX4IP,0.217,2.8,1.5,1.1,Concordant Up
SLX4,0.189,1.2,1.8,1.2,Concordant Up
SLC9B1,0.019,1.9,1.1,1.0,Concordant Up
SLC7A7,0.13,2.9,2.8,1.4,Concordant Up
SLC52A2,0.001,1.1,0.9,1.0,Concordant Up
SLC4A2,0.125,1.5,3.0,3.4,Concordant Up
SLC48A1,0.092,2.5,2.6,1.0,Concordant Up
SLC44A2,0.187,1.1,1.5,-0.0,Concordant Up
SLC43A1,0.051,3.6,2.4,1.3,Concordant Up
SLC41A3,0.098,0.6,-0.8,1.2,Concordant Up
SLC38A6,0.255,2.1,1.8,1.3,Concordant Up
SLC37A4,0.036,2.1,-0.0,-1.0,Concordant Up
SLC35F5,0.113,0.8,0.4,0.6,Concordant Up
SLC35E3,0.193,1.5,0.2,-2.0,Concordant Up
SLC35E2B,0.304,0.8,2.1,0.6,Concordant Up
SNHG11,0.084,4.3,0.8,0.5,Concordant Up
TCAF1,0.201,0.7,0.2,-0.1,Concordant Up
SNHG19,0.281,1.6,1.8,2.3,Concordant Up
SNORD13E,0.025,1.4,0.4,0.7,Concordant Up
SRD5A3,0.01,1.4,0.3,0.3,Concordant Up
SRD5A1,0.018,4.9,2.7,3.7,Concordant Up
SRBD1,0.179,0.8,-0.8,0.9,Concordant Up
SQOR,0.408,1.5,2.6,1.9,Concordant Up
SPTLC2,0.275,0.6,1.0,1.1,Concordant Up
SPSB1,0.126,0.7,3.3,2.2,Concordant Up
SPR,0.023,1.0,4.0,0.2,Concordant Up
SPPL2A,0.39,0.9,0.8,0.5,Concordant Up
SPOPL,0.242,1.3,0.6,0.2,Concordant Up
SPNS1,0.118,2.0,2.2,1.9,Concordant Up
SPHK2,0.137,3.7,3.4,1.0,Concordant Up
SPG11,0.242,1.1,0.9,0.5,Concordant Up
SPC25,0.004,0.6,-1.1,1.0,Concordant Up
SPATA2L,0.028,0.7,0.5,0.3,Concordant Up
SPATA24,0.149,1.9,0.9,0.6,Concordant Up
SPAG5,0.168,2.2,3.7,2.6,Concordant Up
SP4,0.685,1.9,1.6,-0.3,Concordant Up
SP140,0.491,0.7,1.2,0.0,Concordant Up
SP110,0.688,0.6,0.1,0.2,Concordant Up
SOCS6,0.034,2.8,3.0,2.4,Concordant Up
SOCS5,0.442,0.8,1.9,0.8,Concordant Up
SNX20,0.627,1.7,0.8,0.7,Concordant Up
SNX16,0.188,1.0,-0.1,0.7,Concordant Up
SNX12,0.219,0.8,0.3,-0.4,Concordant Up
SNRPD3,2.522,0.0,-0.1,0.1,Concordant Up
SNRNP35,0.345,1.2,0.9,0.6,Concordant Up
SNRNP25,0.131,0.6,0.5,0.6,Concordant Up
SNORD72,0.003,1.5,3.0,1.2,Concordant Up
SNORD17,0.029,1.5,1.9,-1.6,Concordant Up
SNORA2B,0.006,1.5,0.0,0.9,Concordant Up
TCAF2,0.088,2.6,1.5,0.7,Concordant Up
TCAP,0.063,2.2,2.8,0.3,Concordant Up
TCEAL8,0.885,1.7,1.1,1.5,Concordant Up
TRGV10,0.023,1.2,0.8,0.3,Concordant Up
TRGC2,0.038,1.5,1.3,0.3,Concordant Up
TRGC1,0.044,0.9,1.3,0.6,Concordant Up
TRBV6-5,0.022,1.5,2.3,3.0,Concordant Up
TRBV5-6,0.003,0.7,1.6,1.6,Concordant Up
TRBV24-1,0.026,2.2,1.9,0.7,Concordant Up
TRAV8-6,0.085,4.9,3.0,4.1,Concordant Up
TRAV5,0.13,1.8,0.7,1.6,Concordant Up
TRAV38-1,0.038,0.7,0.8,0.5,Concordant Up
TRAV3,0.029,1.5,2.6,3.1,Concordant Up
TRAV18,0.016,1.1,-2.7,-0.2,Concordant Up
TRAV13-1,0.156,0.7,1.3,0.4,Concordant Up
TRAV12-2,0.1,1.9,0.4,1.7,Concordant Up
TRAPPC6B,0.574,1.1,0.8,1.3,Concordant Up
TRAPPC11,0.575,0.8,0.7,0.2,Concordant Up
TRAJ8,0.013,1.3,0.2,-0.4,Concordant Up
TRAF3IP3,0.784,2.9,3.2,1.4,Concordant Up
TRAF3IP2,0.336,1.0,1.5,2.0,Concordant Up
TRAF2,0.179,0.7,0.2,0.4,Concordant Up
TPX2,0.05,7.5,6.4,2.4,Concordant Up
TPK1,0.12,1.4,1.0,0.6,Concordant Up
TPGS2,0.084,0.6,1.1,0.9,Concordant Up
TP53RK,0.436,0.6,0.5,0.8,Concordant Up
TP53,0.377,0.8,0.4,0.8,Concordant Up
TOX,0.078,1.3,2.2,0.5,Concordant Up
TOR2A,0.402,2.1,5.5,5.9,Concordant Up
TOP3B,0.202,1.0,0.7,1.6,Concordant Up
TOP2A,0.087,7.1,5.9,1.0,Concordant Up
TOMM40L,0.145,1.1,4.0,0.5,Concordant Up
TRGV4,0.002,1.7,-0.1,-0.5,Concordant Up
TNS4,0.05,2.1,1.3,-0.7,Concordant Up
TRIB3,0.138,1.6,2.2,0.8,Concordant Up
TRIM16,0.121,2.3,3.4,-3.2,Concordant Up
TTN,1.558,0.7,1.6,-0.5,Concordant Up
TTLL5,0.086,2.0,1.4,1.3,Concordant Up
TTLL3,0.097,0.8,1.3,-2.8,Concordant Up
TTL,0.064,0.6,0.9,0.5,Concordant Up
TTI1,0.241,0.9,0.8,0.8,Concordant Up
TTC39B,0.581,1.8,1.6,1.3,Concordant Up
TTC38,0.005,1.1,1.1,2.0,Concordant Up
TTC32,0.107,0.7,-0.0,0.0,Concordant Up
TTC28-AS1,0.349,2.6,3.8,-0.7,Concordant Up
TTC17,0.162,0.6,0.7,0.6,Concordant Up
TTC13,0.256,5.4,2.5,4.6,Concordant Up
TTC12,0.203,0.7,2.4,-0.9,Concordant Up
TSTD2,0.21,0.6,0.8,0.3,Concordant Up
TSPYL4,0.142,1.7,-1.2,1.3,Concordant Up
TSPOAP1-AS1,0.08,0.6,0.5,-1.4,Concordant Up
TSPAN2,0.334,0.9,3.9,0.6,Concordant Up
TSPAN14,0.227,1.1,1.3,1.4,Concordant Up
TSC1,0.264,0.7,-0.7,0.7,Concordant Up
TRPV2,0.249,1.2,-1.4,-0.6,Concordant Up
TRPS1,0.135,2.0,1.3,0.5,Concordant Up
TRMT10B,0.248,0.9,0.7,0.5,Concordant Up
TRMO,0.034,0.9,0.4,0.4,Concordant Up
TRIM8,0.013,1.3,0.7,0.1,Concordant Up
TRIM68,0.124,1.1,5.3,-0.5,Concordant Up
TRIM59,0.471,1.1,0.3,-0.4,Concordant Up
TRIM56,0.844,0.6,0.6,-0.2,Concordant Up
TRIM47,0.2,0.8,1.0,1.6,Concordant Up
TRIM35,0.106,1.1,0.4,-0.8,Concordant Up
TRIM21,0.792,0.7,0.6,0.0,Concordant Up
TRIM13,0.212,0.8,0.5,0.4,Concordant Up
TUBGCP2,0.265,0.8,1.1,0.6,Concordant Up
TNRC6A,0.524,0.8,0.3,0.6,Concordant Up
TNFRSF14,0.532,0.9,-1.4,-0.2,Concordant Up
TM7SF3,0.025,2.1,3.2,3.1,Concordant Up
TLK1,0.531,0.7,0.8,0.3,Concordant Up
TKTL1,0.336,2.1,1.2,-0.5,Concordant Up
TK1,0.025,0.9,0.6,-2.5,Concordant Up
TIMMDC1,0.723,1.2,1.2,0.2,Concordant Up
TIMM29,0.136,1.4,-0.6,0.9,Concordant Up
TIMD4,0.084,1.5,4.8,0.1,Concordant Up
TIGIT,0.466,0.8,1.0,0.2,Concordant Up
TIGD6,0.1,3.8,1.8,0.7,Concordant Up
THUMPD3,0.509,0.8,0.3,0.3,Concordant Up
THOC3,0.448,0.7,0.3,0.4,Concordant Up
THAP8,0.143,1.2,-1.3,0.2,Concordant Up
THAP7,0.053,0.6,0.2,0.7,Concordant Up
TGDS,0.395,0.8,0.2,0.3,Concordant Up
TFPT,0.146,1.3,1.5,1.3,Concordant Up
TFB1M,0.203,1.7,2.0,0.8,Concordant Up
TEX264,0.672,0.8,-0.1,0.5,Concordant Up
TEX22,0.011,1.1,0.8,-0.0,Concordant Up
TET3,0.042,0.7,0.4,-0.2,Concordant Up
TET2,0.006,1.5,1.9,1.0,Concordant Up
TESK2,0.283,1.2,0.2,2.2,Concordant Up
TEDC1,0.033,2.1,3.3,2.7,Concordant Up
TECPR1,0.832,2.0,2.3,1.4,Concordant Up
TDRKH,0.115,0.8,0.3,1.9,Concordant Up
TDP2,0.613,0.7,0.6,0.9,Concordant Up
TCTA,0.206,0.9,1.0,0.7,Concordant Up
TCP11L2,0.426,1.8,3.3,0.4,Concordant Up
TCEANC2,0.432,1.9,3.6,1.4,Concordant Up
TCEANC,0.459,2.6,2.4,3.0,Concordant Up
TMCO6,0.115,1.1,-0.4,0.0,Concordant Up
TNFRSF4,0.058,0.7,0.7,0.5,Concordant Up
TMED1,0.232,0.7,-0.5,1.1,Concordant Up
TMEM101,0.245,2.1,2.3,3.2,Concordant Up
TNFAIP8L2,1.347,1.7,0.6,1.0,Concordant Up
TNFAIP8L1,0.385,2.0,1.5,2.4,Concordant Up
TNFAIP1,0.241,1.2,1.2,0.3,Concordant Up
TMSB15B,0.003,0.7,-2.0,-0.8,Concordant Up
TMPPE,0.015,2.2,1.7,1.9,Concordant Up
TMEM9B,0.405,1.3,1.0,1.1,Concordant Up
TMEM97,0.054,0.6,0.6,-0.2,Concordant Up
TMEM94,0.119,3.8,2.0,5.0,Concordant Up
TMEM91,0.533,3.0,1.8,1.2,Concordant Up
TMEM9,0.412,3.2,2.0,1.5,Concordant Up
TMEM80,0.626,1.6,1.7,1.6,Concordant Up
TMEM70,0.551,0.7,0.5,-0.2,Concordant Up
TMEM67,0.08,1.5,1.2,2.3,Concordant Up
TMEM42,0.921,2.8,3.8,2.6,Concordant Up
TMEM237,0.04,2.1,1.8,4.0,Concordant Up
TMEM234,0.157,0.8,1.5,-0.1,Concordant Up
TMEM218,0.251,1.3,2.4,1.3,Concordant Up
TMEM217,0.008,1.8,1.8,1.0,Concordant Up
TMEM204,0.621,0.6,1.5,1.5,Concordant Up
TMEM187,0.508,1.6,-1.1,2.1,Concordant Up
TMEM186,0.362,0.6,0.5,0.4,Concordant Up
TMEM14C,0.63,0.7,0.8,0.1,Concordant Up
TMEM14A,0.488,1.5,-0.4,0.2,Concordant Up
TMEM135,0.093,0.8,0.2,0.7,Concordant Up
TMEM134,0.29,0.8,0.1,0.9,Concordant Up
TMEM121B,0.029,0.9,2.6,-0.2,Concordant Up
TMEM120A,0.145,2.4,1.2,1.8,Concordant Up
TMEM106C,0.016,1.1,1.4,1.6,Concordant Up
TMEM102,0.377,0.8,0.1,-0.2,Concordant Up
TMED8,0.108,1.8,1.8,2.6,Concordant Up
MIIP,0.088,0.6,0.3,0.8,Concordant Up
TMEM39B,0.296,0.6,1.8,0.5,Concordant Up
MIGA1,0.299,0.6,0.8,0.6,Concordant Up
CHST2,0.092,2.7,2.2,-0.2,Concordant Up
CHST14,0.134,1.2,1.8,0.2,Concordant Up
CHST12,0.107,3.3,3.4,3.1,Concordant Up
CHRNB1,0.423,3.5,1.8,1.9,Concordant Up
CHN2,0.027,0.6,-1.0,-1.4,Concordant Up
CHN1,0.113,2.9,4.2,4.3,Concordant Up
CHIC2,0.3,1.3,1.1,1.1,Concordant Up
CHEK2,0.054,0.6,0.7,-0.4,Concordant Up
CHEK1,0.04,1.0,-0.0,1.5,Concordant Up
CHCHD5,0.274,0.7,1.0,0.6,Concordant Up
CHAMP1,0.654,0.9,0.3,-0.7,Concordant Up
CHAF1B,0.03,4.0,2.3,2.6,Concordant Up
CETN2,0.326,0.8,0.3,1.0,Concordant Up
CHST7,0.267,1.4,1.9,1.4,Concordant Up
CERS5,0.071,0.7,0.8,1.0,Concordant Up
CEP97,0.289,1.3,0.4,0.4,Concordant Up
CEP89,0.254,0.6,0.4,-0.5,Concordant Up
CEP78,0.705,0.9,-0.9,1.1,Concordant Up
CEP76,0.032,1.0,0.5,0.3,Concordant Up
CEP57,0.458,1.0,0.8,0.4,Concordant Up
CEP44,0.408,1.6,0.5,2.0,Concordant Up
CEP295,0.488,1.6,1.0,1.1,Concordant Up
CEP250,0.412,3.0,4.9,3.7,Concordant Up
CEP192,0.552,1.9,1.1,1.5,Concordant Up
CEP126,0.15,1.6,-1.0,2.4,Concordant Up
CENPU,0.234,2.7,2.6,3.8,Concordant Up
CENPO,0.113,2.6,2.4,0.6,Concordant Up
CENPM,0.057,1.6,1.1,1.0,Concordant Up
CERKL,0.035,1.4,0.9,0.2,Concordant Up
CHTF8,1.044,0.6,0.8,-0.2,Concordant Up
CIC,0.162,1.0,0.0,-0.4,Concordant Up
CIITA,0.007,0.7,-0.6,-0.2,Concordant Up
COMMD4,0.329,1.0,0.6,1.1,Concordant Up
COL6A3,0.065,4.0,2.6,1.4,Concordant Up
COL5A2,0.026,2.1,2.5,-0.1,Concordant Up
COL18A1,0.159,0.7,3.4,0.7,Concordant Up
COG8,0.085,0.7,0.5,-1.1,Concordant Up
COG4,0.488,0.6,2.0,-1.7,Concordant Up
COG1,0.045,1.9,2.0,1.9,Concordant Up
COA6,1.12,0.7,0.4,0.0,Concordant Up
COA5,0.634,0.9,-0.5,0.5,Concordant Up
CNTROB,0.055,1.5,1.9,-1.8,Concordant Up
CNTD1,0.034,1.1,0.3,0.1,Concordant Up
CNPPD1,0.097,0.8,1.0,1.0,Concordant Up
CNN2,0.476,4.3,4.4,2.5,Concordant Up
CNIH4,0.632,0.7,0.6,0.6,Concordant Up
CNIH1,0.872,0.8,0.8,0.5,Concordant Up
CMTR2,0.569,1.1,0.7,-0.0,Concordant Up
CMPK2,0.293,0.8,-2.7,0.7,Concordant Up
CMC1,0.421,0.9,-0.2,0.7,Concordant Up
CLTA,0.893,0.7,0.4,0.1,Concordant Up
CLIC5,0.022,4.0,4.8,2.7,Concordant Up
CLEC2B,0.532,0.6,0.6,0.1,Concordant Up
CLDN15,0.048,1.1,2.4,0.3,Concordant Up
CLCN5,0.001,0.7,-0.0,-3.1,Concordant Up
CKB,0.038,1.6,-2.6,2.7,Concordant Up
CKAP2,0.16,1.9,1.8,1.4,Concordant Up
CIZ1,0.041,1.3,0.2,0.3,Concordant Up
CISH,1.207,1.3,2.4,-0.5,Concordant Up
CIP2A,0.157,0.9,-0.1,-0.1,Concordant Up
CINP,0.518,0.9,1.1,0.8,Concordant Up
CENPL,0.219,2.1,1.5,1.0,Concordant Up
CENPK,0.468,0.7,-0.5,-0.5,Concordant Up
CENPF,0.181,5.2,3.3,2.9,Concordant Up
CENPE,0.119,5.8,4.7,-1.1,Concordant Up
CCPG1,0.342,1.0,2.0,1.4,Concordant Up
CCNG2,0.136,1.8,2.7,0.8,Concordant Up
CCNF,0.04,2.9,2.8,4.5,Concordant Up
CCNDBP1,0.557,0.9,0.8,0.5,Concordant Up
CCL3,0.142,1.7,3.5,3.6,Concordant Up
CCHCR1,0.053,1.6,2.3,1.5,Concordant Up
CCDC88C,0.399,1.0,0.9,0.0,Concordant Up
CCDC69,0.587,0.7,1.1,-1.0,Concordant Up
CCDC61,0.018,2.3,0.5,1.1,Concordant Up
CCDC51,0.042,6.2,5.1,6.0,Concordant Up
CCDC50,0.19,3.3,3.2,1.7,Concordant Up
CCDC32,0.207,1.0,0.6,0.8,Concordant Up
CCDC28B,0.435,1.6,1.3,0.9,Concordant Up
CCDC28A,0.351,3.9,3.4,3.2,Concordant Up
CCDC191,0.124,1.3,-0.7,0.9,Concordant Up
CCDC174,0.504,0.7,0.5,0.3,Concordant Up
CCDC167,0.382,0.8,1.0,1.4,Concordant Up
CCDC163,0.017,3.9,0.8,3.8,Concordant Up
CCDC159,0.296,0.7,-0.3,0.4,Concordant Up
CCDC144CP,0.011,0.7,0.7,0.2,Concordant Up
CCDC141,0.59,1.4,5.4,1.1,Concordant Up
CCDC14,0.341,1.1,1.2,0.3,Concordant Up
CCDC134,0.066,1.4,0.8,0.8,Concordant Up
CCDC117,0.411,0.9,1.2,0.8,Concordant Up
CCDC110,0.019,1.5,-0.9,-1.0,Concordant Up
CC2D1B,0.16,0.8,1.0,-0.8,Concordant Up
CC2D1A,0.017,1.1,0.7,2.6,Concordant Up
CBY1,0.166,2.0,0.5,2.5,Concordant Up
CBX7,0.029,1.6,0.5,0.1,Concordant Up
CCR2,0.191,5.5,5.2,-1.5,Concordant Up
COMMD8,0.763,0.7,0.8,1.1,Concordant Up
CCR5,0.109,6.7,4.9,0.7,Concordant Up
CCS,0.583,0.6,0.6,1.2,Concordant Up
CEBPA,0.102,0.9,-1.9,-1.6,Concordant Up
CDPF1,0.401,2.3,0.9,-2.4,Concordant Up
CDKN3,0.024,1.5,1.4,1.6,Concordant Up
CDKN2C,0.006,4.1,-1.6,-0.1,Concordant Up
CDKN1B,0.591,0.8,0.4,0.2,Concordant Up
CDK8,0.261,0.8,0.9,0.7,Concordant Up
CDK5RAP3,0.044,0.6,-0.3,1.4,Concordant Up
CDK5,0.381,4.1,1.7,2.8,Concordant Up
CDK2AP2,1.015,0.7,0.4,1.2,Concordant Up
CDK2,0.144,1.3,2.8,1.2,Concordant Up
CDK19,0.059,2.9,2.4,4.8,Concordant Up
CDK13,0.016,0.6,0.9,-0.1,Concordant Up
CDK1,0.074,4.5,4.9,1.5,Concordant Up
CDIPT,0.579,0.6,0.9,0.5,Concordant Up
CDHR3,0.021,1.2,0.9,-2.0,Concordant Up
CDCA7L,0.274,0.8,-0.3,-1.3,Concordant Up
CDCA7,0.133,5.4,3.6,-1.2,Concordant Up
CDC42EP2,0.05,0.7,2.0,1.3,Concordant Up
CDADC1,0.336,3.3,2.4,3.3,Concordant Up
CD99,0.089,1.2,1.0,0.5,Concordant Up
CD5,0.472,1.2,1.3,0.2,Concordant Up
CD4,0.904,0.9,1.3,0.4,Concordant Up
CD38,0.472,6.6,3.3,0.1,Concordant Up
CD302,0.291,2.6,2.4,1.2,Concordant Up
CD247,0.71,0.7,0.9,-0.1,Concordant Up
CD24,0.02,1.2,-0.4,-1.0,Concordant Up
CD200R1,0.711,0.7,2.8,-0.7,Concordant Up
CD160,0.016,3.3,2.0,-2.8,Concordant Up
CD109,0.062,2.0,2.8,1.9,Concordant Up
CCR7,0.529,0.7,0.3,-0.1,Concordant Up
CBR3,0.307,2.0,0.4,0.7,Concordant Up
COQ2,0.122,0.7,0.6,0.7,Concordant Up
COQ4,0.193,1.0,0.5,0.6,Concordant Up
DNAJC16,0.115,0.7,0.3,-0.2,Concordant Up
DNAJC15,0.992,0.2,-0.2,0.0,Concordant Up
DNAJB2,0.157,1.8,2.1,0.7,Concordant Up
DMAC1,0.733,0.8,0.4,-0.2,Concordant Up
DLL3,0.02,1.1,0.8,0.4,Concordant Up
DLG3,0.234,2.8,4.2,-0.5,Concordant Up
DHX40,0.248,1.2,1.0,0.6,Concordant Up
DHTKD1,0.173,2.0,0.2,-1.6,Concordant Up
DHRS4-AS1,0.417,5.8,4.9,4.3,Concordant Up
DHRS4,0.096,0.6,0.2,1.4,Concordant Up
DHRS12,0.56,1.3,0.4,-0.5,Concordant Up
DHFR2,0.115,1.0,1.0,-0.8,Concordant Up
DGUOK-AS1,0.034,0.6,-0.4,-2.2,Concordant Up
DNAJC18,0.08,2.0,2.4,1.9,Concordant Up
DGKH,0.237,1.0,0.9,0.1,Concordant Up
DGCR8,0.302,0.9,-0.0,0.9,Concordant Up
DGCR6L,0.022,1.5,1.3,1.3,Concordant Up
DGCR11,0.039,2.4,1.3,-0.4,Concordant Up
DFFB,0.165,1.7,1.6,2.3,Concordant Up
DET1,0.232,0.7,-2.4,-3.0,Concordant Up
DERL3,0.039,1.5,-0.3,-0.3,Concordant Up
DENND6A,0.115,0.8,-0.1,0.8,Concordant Up
DEDD2,0.053,1.0,0.5,1.5,Concordant Up
DECR2,0.246,1.9,0.2,0.1,Concordant Up
DECR1,0.99,1.8,1.1,0.8,Concordant Up
DDX49,0.134,0.8,0.3,0.5,Concordant Up
DDX19B,0.638,4.9,4.7,3.9,Concordant Up
DDRGK1,0.4,0.6,0.7,0.6,Concordant Up
DGKA,1.312,1.0,0.1,0.1,Concordant Up
DNAJC28,0.07,4.2,2.6,2.6,Concordant Up
DNAJC4,0.449,3.2,2.7,2.4,Concordant Up
DNAL4,0.413,0.7,-0.9,0.4,Concordant Up
EBLN2,0.158,1.0,2.2,-0.0,Concordant Up
EARS2,0.053,1.1,0.3,-2.7,Concordant Up
EAPP,0.211,0.7,0.3,-0.0,Concordant Up
EAF2,0.245,1.3,2.0,0.7,Concordant Up
DZIP3,0.168,2.0,0.2,1.2,Concordant Up
DYRK4,0.673,0.8,-0.0,0.6,Concordant Up
DYRK1B,0.116,1.8,2.1,1.4,Concordant Up
DYNLL1,1.819,0.9,0.5,0.3,Concordant Up
DYNC2LI1,0.094,0.9,1.0,0.7,Concordant Up
DUSP19,0.134,1.0,-0.2,0.8,Concordant Up
DUS2,0.079,1.0,0.6,0.6,Concordant Up
DTX2,0.096,1.2,3.6,1.2,Concordant Up
DTHD1,0.028,2.0,3.4,1.5,Concordant Up
DSCR9,0.021,1.7,1.6,0.5,Concordant Up
DROSHA,0.3,0.7,1.2,0.3,Concordant Up
DR1,0.872,0.7,0.5,0.2,Concordant Up
DPYSL2,0.483,3.0,3.3,1.3,Concordant Up
DPY19L3,0.194,1.9,1.2,2.2,Concordant Up
DPP3,0.301,1.9,2.0,1.5,Concordant Up
DPH6,0.08,0.7,-0.1,-0.2,Concordant Up
DPF2,0.521,1.0,0.8,0.8,Concordant Up
DONSON,0.055,1.3,0.1,0.2,Concordant Up
DOLPP1,0.191,1.7,0.2,0.2,Concordant Up
DOK2,0.149,0.7,0.8,1.1,Concordant Up
DOK1,0.191,2.2,2.8,2.6,Concordant Up
DOCK6,0.045,1.4,-1.0,-1.0,Concordant Up
DNTTIP1,0.299,1.2,0.7,0.9,Concordant Up
DNPH1,0.514,1.1,1.1,0.6,Concordant Up
DNASE1,0.154,1.3,1.7,0.5,Concordant Up
DDR2,0.016,5.0,2.6,2.6,Concordant Up
DCPS,0.334,1.2,1.3,0.6,Concordant Up
DCP2,0.477,0.8,0.7,0.4,Concordant Up
DCP1B,0.1,0.9,0.8,0.8,Concordant Up
CTBS,0.675,0.7,0.6,0.3,Concordant Up
CSRP1,0.347,0.9,0.6,0.4,Concordant Up
CSRNP2,0.126,0.8,0.5,0.1,Concordant Up
CSAD,0.313,1.6,-0.2,0.4,Concordant Up
CRYGS,0.04,3.5,3.3,4.5,Concordant Up
CRY2,0.051,1.0,0.9,-0.7,Concordant Up
CRTC1,0.036,1.7,1.9,0.8,Concordant Up
CRTAM,0.106,0.7,-2.0,-0.2,Concordant Up
CROT,0.511,0.7,-1.2,0.6,Concordant Up
CRK,0.103,1.0,0.6,-0.0,Concordant Up
CRISPLD2,0.016,0.9,0.8,-0.5,Concordant Up
CRIPT,0.75,1.3,0.7,1.2,Concordant Up
CREBRF,0.344,1.1,0.5,0.3,Concordant Up
CRCP,0.331,0.6,0.4,0.6,Concordant Up
CRBN,0.395,0.6,0.5,0.3,Concordant Up
CRAT,0.018,2.6,0.4,2.2,Concordant Up
CRAMP1,0.159,1.0,0.5,1.0,Concordant Up
CRACR2A,0.124,1.0,1.7,0.6,Concordant Up
CPTP,0.234,1.2,1.0,0.4,Concordant Up
CPT2,0.231,1.6,1.8,0.9,Concordant Up
CPT1A,0.476,1.3,1.5,-0.9,Concordant Up
CPNE8,0.115,1.3,-2.3,-0.9,Concordant Up
CPNE7,0.043,1.5,3.4,2.0,Concordant Up
CPM,0.068,4.3,4.5,-0.5,Concordant Up
COX18,0.346,3.4,1.5,0.9,Concordant Up
CORO1B,0.044,3.3,2.8,-0.6,Concordant Up
COQ9,0.275,0.7,0.8,0.3,Concordant Up
COQ8A,0.135,1.6,1.8,0.5,Concordant Up
COQ6,0.398,2.0,2.4,2.8,Concordant Up
CTDSP2,0.584,2.8,2.6,0.9,Concordant Up
COQ3,0.166,1.5,-0.2,2.6,Concordant Up
CTLA4,0.103,1.5,1.6,1.0,Concordant Up
CTNND1,0.06,1.2,0.0,-0.3,Concordant Up
DCLRE1A,0.205,0.9,1.3,0.7,Concordant Up
DCBLD1,0.166,0.8,1.5,1.2,Concordant Up
DCAF8,0.721,1.3,0.8,0.0,Concordant Up
DCAF6,0.285,1.0,1.1,0.9,Concordant Up
DCAF4,0.026,0.7,0.5,-0.1,Concordant Up
DCAF15,0.095,1.8,1.8,1.7,Concordant Up
DCAF11,1.038,1.5,1.6,1.4,Concordant Up
DBP,0.46,1.3,0.3,1.3,Concordant Up
DBF4B,0.029,1.3,-0.3,0.2,Concordant Up
DBF4,0.181,0.8,0.5,0.4,Concordant Up
DAPP1,0.718,1.2,1.1,0.2,Concordant Up
DAPK3,0.028,0.8,-0.5,-1.0,Concordant Up
DALRD3,0.03,1.8,2.3,-0.1,Concordant Up
DAGLB,0.131,1.5,1.6,1.3,Concordant Up
DAG1,0.034,1.7,2.3,2.6,Concordant Up
CYTOR,1.131,0.6,0.6,0.1,Concordant Up
CYP2D6,0.003,3.3,1.1,-0.4,Concordant Up
CYB5RL,0.1,0.7,1.0,-0.5,Concordant Up
CYB561D1,0.594,0.7,1.3,-0.1,Concordant Up
CXXC5,0.038,2.9,1.1,0.7,Concordant Up
CXCR6,0.025,1.5,6.1,-1.3,Concordant Up
CUZD1,0.102,1.3,0.1,-0.8,Concordant Up
CUTC,0.239,0.6,0.5,0.4,Concordant Up
CUL7,0.037,1.4,3.0,1.0,Concordant Up
CTU1,0.061,0.7,0.7,0.1,Concordant Up
CTTN,0.03,3.6,2.9,1.8,Concordant Up
CTSH,0.107,2.3,1.7,2.6,Concordant Up
CTSC,0.775,1.0,1.1,0.6,Concordant Up
CTNS,0.145,1.1,1.4,0.8,Concordant Up
CTNNBIP1,0.027,3.1,1.3,2.0,Concordant Up
CBLB,0.047,0.6,0.6,-0.1,Concordant Up
CAV1,0.026,4.2,0.1,-0.9,Concordant Up
CATSPERB,0.027,1.8,3.7,1.7,Concordant Up
ANKRD16,0.112,1.9,2.6,0.6,Concordant Up
ANKRD13A,0.467,1.1,0.7,0.4,Concordant Up
ANKRA2,0.074,4.2,3.2,2.9,Concordant Up
ANKMY2,0.094,1.4,2.1,2.9,Concordant Up
ANKAR,0.082,1.3,0.2,0.1,Concordant Up
ANK1,0.048,1.6,-1.8,1.0,Concordant Up
ANGEL1,0.224,1.3,0.8,-0.0,Concordant Up
AMER1,0.097,1.4,-2.9,1.3,Concordant Up
AMDHD2,0.113,5.0,4.2,0.2,Concordant Up
AMACR,0.034,1.4,1.2,0.4,Concordant Up
ALKAL2,0.026,0.6,1.3,-1.7,Concordant Up
ALG9,0.108,1.0,0.7,0.5,Concordant Up
ALG12,0.045,1.4,0.9,0.7,Concordant Up
ANKRD26,0.348,3.3,1.8,2.0,Concordant Up
ALG1,0.181,0.8,0.6,0.6,Concordant Up
ALDH3A2,0.519,2.5,3.1,1.7,Concordant Up
ALAS1,0.442,0.9,0.2,1.1,Concordant Up
AKTIP,0.68,1.3,2.6,2.6,Concordant Up
AKR7A2,0.494,0.8,0.9,0.9,Concordant Up
AKR1C3,0.2,2.7,4.8,2.2,Concordant Up
AKNA,0.465,0.6,1.1,-0.4,Concordant Up
AKIP1,0.282,1.2,0.4,0.4,Concordant Up
AKAP7,0.235,0.8,-0.5,-0.0,Concordant Up
AKAP11,1.072,0.6,0.9,0.2,Concordant Up
AK3P3,0.037,1.7,-1.3,-0.9,Concordant Up
AK3,0.088,0.8,-0.5,0.8,Concordant Up
AK1,0.09,1.4,0.7,-3.3,Concordant Up
AIMP2,0.262,0.7,0.4,0.5,Concordant Up
ALDH5A1,0.284,1.7,-0.8,-1.4,Concordant Up
ANKRD31,0.021,1.9,-1.1,0.9,Concordant Up
ANKRD46,0.07,1.6,0.8,1.8,Concordant Up
ANKS3,0.088,0.6,0.7,1.1,Concordant Up
ARHGAP9,0.457,0.8,0.8,-0.6,Concordant Up
ARHGAP45,2.413,1.6,0.6,0.4,Concordant Up
ARHGAP4,1.228,1.3,0.1,-3.8,Concordant Up
ARHGAP25,0.5,1.9,1.6,0.7,Concordant Up
ARHGAP19,0.234,2.3,0.7,2.5,Concordant Up
ARHGAP18,0.309,1.2,1.4,-1.6,Concordant Up
ARHGAP12,0.253,2.3,0.9,2.4,Concordant Up
ARHGAP11A,0.209,2.5,2.4,0.8,Concordant Up
ARHGAP10,0.053,1.5,1.2,-0.2,Concordant Up
ARHGAP1,0.045,1.0,1.7,0.2,Concordant Up
ARFGAP2,0.147,0.6,0.6,0.8,Concordant Up
ARF3,0.923,0.7,0.4,0.7,Concordant Up
AREL1,0.217,0.6,1.0,0.3,Concordant Up
AQP11,0.035,1.7,-0.7,-1.4,Concordant Up
APOBEC3H,0.122,3.2,2.7,2.6,Concordant Up
APLF,0.072,1.8,0.3,0.2,Concordant Up
APH1B,0.256,1.0,-1.3,-0.6,Concordant Up
APEH,0.374,1.2,0.6,0.5,Concordant Up
APAF1,0.506,2.6,2.0,1.9,Concordant Up
AP5M1,0.513,0.6,0.6,0.5,Concordant Up
AP4M1,0.174,2.2,-0.2,0.7,Concordant Up
AP3S2,0.194,1.5,1.6,0.7,Concordant Up
AP2A1,0.2,1.0,0.7,-0.6,Concordant Up
AP1G2,0.262,1.0,1.4,1.2,Concordant Up
ANXA6,0.54,1.3,0.5,1.2,Concordant Up
ANXA5,0.59,1.0,1.6,0.8,Concordant Up
ANXA2R,2.046,1.5,1.1,-1.9,Concordant Up
ANXA11,0.272,0.6,0.3,0.3,Concordant Up
ANO9,0.044,4.1,4.0,-0.2,Concordant Up
AIDA,0.601,0.8,1.1,0.3,Concordant Up
AGPAT2,0.043,0.6,1.4,-0.2,Concordant Up
AGPAT1,0.288,2.0,3.3,0.2,Concordant Up
AGO4,0.197,0.7,0.6,0.3,Concordant Up
ACOT13,0.627,1.3,1.2,0.1,Concordant Up
ACLY,0.265,0.9,1.1,0.8,Concordant Up
ACCS,0.108,2.0,1.0,1.4,Concordant Up
ACAT2,0.253,0.6,0.9,0.6,Concordant Up
ACAP2,0.642,0.7,0.6,1.0,Concordant Up
ACADSB,0.418,1.9,1.6,1.5,Concordant Up
ACADS,0.123,2.9,1.4,0.9,Concordant Up
ACAD10,0.311,4.1,5.2,0.1,Concordant Up
ACAA2,0.44,1.2,1.0,1.5,Concordant Up
ABRAXAS1,0.583,0.6,0.6,1.1,Concordant Up
ABR,0.282,1.0,-0.2,-0.3,Concordant Up
ABI3,0.133,0.6,-0.5,-1.2,Concordant Up
ABHD6,0.173,2.0,2.2,2.5,Concordant Up
ABHD4,0.088,4.1,2.0,1.7,Concordant Up
ABHD16A,0.012,0.7,0.5,1.2,Concordant Up
ABHD14B,1.508,1.5,0.6,0.2,Concordant Up
ABHD14A,1.306,1.2,1.0,0.7,Concordant Up
ABCC5,0.26,2.5,3.4,1.0,Concordant Up
ABCC2,0.053,1.1,-0.4,0.7,Concordant Up
ABCC10,0.064,5.2,5.3,4.6,Concordant Up
ABCB8,0.17,2.0,0.7,2.0,Concordant Up
ABCB10,0.063,3.8,2.4,2.6,Concordant Up
ABCA7,0.419,0.7,1.5,-1.9,Concordant Up
ABCA2,0.106,3.5,0.0,1.3,Concordant Up
ABAT,0.043,3.6,2.8,2.3,Concordant Up
AASDH,0.452,0.9,-0.4,0.2,Concordant Up
AARS2,0.046,2.8,-0.2,2.5,Concordant Up
AAR2,0.048,0.8,0.6,0.3,Concordant Up
MIGA2,0.061,4.7,4.2,4.4,Concordant Up
ACOT7,0.22,1.7,2.0,2.0,Concordant Up
ARHGEF19,0.157,1.7,0.6,1.4,Concordant Up
ACOT8,0.29,3.0,2.7,0.8,Concordant Up
ACSS1,0.012,0.7,0.7,-2.7,Concordant Up
AGO1,0.379,1.2,1.0,0.5,Concordant Up
AGMAT,0.325,1.7,1.9,1.5,Concordant Up
AGK,0.038,1.0,0.6,0.9,Concordant Up
AGFG2,0.255,2.6,1.5,1.3,Concordant Up
AGER,0.112,1.9,0.5,1.8,Concordant Up
AGBL2,0.075,2.2,2.2,1.6,Concordant Up
AGAP9,0.007,1.4,1.7,0.1,Concordant Up
AGAP4,0.106,1.3,-0.9,0.9,Concordant Up
AGAP2,0.385,2.2,1.7,2.5,Concordant Up
AFTPH,0.458,0.7,0.6,-0.1,Concordant Up
AFG1L,0.1,3.1,3.0,2.6,Concordant Up
AFF3,0.008,3.6,3.3,-1.2,Concordant Up
AFF2,0.003,1.3,4.2,0.8,Concordant Up
AEBP1,0.046,0.9,-0.8,-1.3,Concordant Up
ADPRM,0.421,0.8,0.5,0.7,Concordant Up
ADPRH,0.057,1.3,-0.0,1.7,Concordant Up
ADGRE1,0.068,1.5,-0.9,1.1,Concordant Up
ADGRA3,0.007,0.9,-0.7,-0.6,Concordant Up
ADD3,0.89,0.7,1.0,0.4,Concordant Up
ADCY7,0.475,1.7,0.6,-5.6,Concordant Up
ADAT2,0.003,1.4,1.1,0.2,Concordant Up
ADAT1,0.391,0.6,-0.4,-0.9,Concordant Up
ADA2,0.457,4.5,5.6,0.2,Concordant Up
ADA,0.264,2.7,2.2,1.7,Concordant Up
ACY1,0.063,1.9,0.5,1.3,Concordant Up
ACTR8,0.269,0.8,0.1,0.4,Concordant Up
ACTR3C,0.048,2.6,0.2,0.6,Concordant Up
ACTR1B,0.12,0.9,0.7,-0.3,Concordant Up
ACTA2,0.162,0.7,0.6,-3.2,Concordant Up
ACOT9,0.026,1.3,1.1,1.7,Concordant Up
ARID3A,0.329,2.5,3.4,0.9,Concordant Up
ARID3B,0.049,0.6,0.6,0.3,Concordant Up
ARID4A,0.412,1.3,1.2,0.8,Concordant Up
C16orf95,0.031,0.7,0.8,-0.6,Concordant Up
C16orf87,0.219,1.3,1.0,0.7,Concordant Up
C14orf119,1.299,0.7,0.7,0.4,Concordant Up
C12orf76,0.592,2.3,1.9,0.9,Concordant Up
C12orf75,0.094,0.9,1.3,1.4,Concordant Up
C12orf60,0.047,1.5,3.5,-0.5,Concordant Up
C11orf21,0.353,0.6,0.1,-1.8,Concordant Up
C10orf88,0.349,1.5,1.7,0.3,Concordant Up
BUB1,0.069,3.3,3.7,0.2,Concordant Up
BTN3A3,0.825,0.9,4.5,1.8,Concordant Up
BTN3A1,0.925,1.2,1.3,0.4,Concordant Up
BTLA,0.84,0.9,0.8,-0.1,Concordant Up
BSCL2,0.057,0.8,1.6,2.2,Concordant Up
BRWD3,0.689,1.2,1.5,1.1,Concordant Up
BRWD1,0.407,0.8,1.1,0.9,Concordant Up
BROX,0.696,0.6,0.5,0.5,Concordant Up
BRIP1,0.062,2.9,3.1,1.3,Concordant Up
BRICD5,0.09,2.9,-0.0,0.9,Concordant Up
BRCA2,0.246,1.0,1.5,-0.8,Concordant Up
BRAP,0.342,0.9,0.7,0.9,Concordant Up
BPNT1,0.698,3.0,0.7,1.3,Concordant Up
BORA,0.157,3.0,2.9,3.1,Concordant Up
BOLA1,0.446,0.8,1.2,0.4,Concordant Up
BOD1,0.551,0.7,0.3,0.0,Concordant Up
BNIP3L,0.113,0.9,0.9,0.6,Concordant Up
BMF,0.019,5.3,3.3,-0.0,Concordant Up
BIVM,0.177,2.5,2.5,0.3,Concordant Up
BISPR,0.78,0.7,0.8,1.0,Concordant Up
BIN2,0.037,0.8,1.2,0.7,Concordant Up
C19orf12,0.462,2.0,1.6,0.7,Concordant Up
BICRA,0.342,1.1,0.1,-1.3,Concordant Up
C19orf25,0.206,1.1,1.2,1.3,Concordant Up
C1orf53,0.07,2.9,3.5,0.6,Concordant Up
CAT,0.261,2.0,1.1,1.6,Concordant Up
CASP6,0.377,0.7,0.3,0.6,Concordant Up
CASP3,0.014,0.9,0.6,0.5,Concordant Up
CASP2,0.655,1.5,1.7,0.6,Concordant Up
CARMIL3,0.002,2.1,0.2,0.1,Concordant Up
CARMIL1,0.19,1.9,-1.3,2.3,Concordant Up
CARM1,0.014,1.1,1.6,0.9,Concordant Up
CARHSP1,0.221,0.6,0.9,0.3,Concordant Up
CARD8-AS1,0.8,0.7,0.0,1.1,Concordant Up
CARD8,0.69,0.7,0.9,0.7,Concordant Up
CARD6,0.132,2.5,2.4,0.2,Concordant Up
CAPRIN2,0.404,0.7,1.5,0.6,Concordant Up
CAPN10,0.028,1.3,0.3,0.8,Concordant Up
CAPN1,0.144,2.4,2.6,2.5,Concordant Up
CANT1,0.124,1.0,-0.2,0.1,Concordant Up
CAMSAP1,0.182,0.9,1.4,-0.8,Concordant Up
CAMK2G,0.67,1.3,0.2,-0.8,Concordant Up
CALCOCO1,0.352,1.6,1.3,-0.3,Concordant Up
CA8,0.002,2.8,4.8,-0.7,Concordant Up
C9orf40,0.091,0.7,-0.4,0.4,Concordant Up
C8orf82,0.166,3.1,4.3,0.6,Concordant Up
C8orf76,0.181,0.6,0.2,0.1,Concordant Up
C6orf47,0.465,0.6,-0.4,-0.2,Concordant Up
C6orf163,0.003,1.0,0.8,0.6,Concordant Up
C5orf63,0.07,1.4,4.5,-0.3,Concordant Up
C5orf34,0.016,2.3,-0.1,-1.4,Concordant Up
C3AR1,0.129,3.8,2.9,3.5,Concordant Up
C2CD2L,0.156,0.8,-0.0,-1.4,Concordant Up
C1orf56,0.312,4.1,2.4,-0.1,Concordant Up
C1orf216,0.1,0.9,1.1,1.4,Concordant Up
ECE1,0.223,0.8,1.1,0.9,Concordant Up
BCL9L,0.562,1.6,2.2,-0.1,Concordant Up
BCL2L11,0.374,2.1,1.9,0.8,Concordant Up
ATG9B,0.347,2.0,2.4,3.4,Concordant Up
ATG4A,0.41,0.7,1.1,1.1,Concordant Up
ATG2B,0.361,0.9,0.2,-0.4,Concordant Up
ATG13,0.132,1.2,1.3,0.4,Concordant Up
ATF6B,0.52,1.0,1.2,1.1,Concordant Up
ATAD5,0.314,0.7,-0.4,-0.0,Concordant Up
ASTE1,0.198,1.4,1.2,0.9,Concordant Up
ASPHD2,0.044,0.9,0.2,0.3,Concordant Up
ASH2L,0.233,0.9,1.5,1.2,Concordant Up
ASF1B,0.013,2.6,0.2,0.9,Concordant Up
ASB8,0.663,0.7,0.6,0.9,Concordant Up
ASB7,0.247,1.8,1.1,1.5,Concordant Up
ASB16-AS1,0.147,1.3,0.5,1.3,Concordant Up
ASAP1,0.118,0.6,0.4,-0.3,Concordant Up
ARV1,0.591,1.1,1.2,1.1,Concordant Up
ARSK,0.415,2.1,1.0,2.1,Concordant Up
ARSG,0.023,0.6,-0.1,-1.0,Concordant Up
ARPC4,2.475,0.8,0.6,-0.1,Concordant Up
ARPC1B,0.414,0.6,0.7,0.3,Concordant Up
ARNT,0.269,1.9,0.2,1.1,Concordant Up
ARMCX6,0.031,0.7,0.4,0.1,Concordant Up
ARMCX4,0.211,1.9,-0.2,3.2,Concordant Up
ARMCX1,0.021,1.1,0.8,0.4,Concordant Up
ARMC7,0.323,3.0,4.4,1.7,Concordant Up
ARMC6,0.328,0.6,0.8,0.1,Concordant Up
ARL6IP5,0.74,0.7,0.5,0.1,Concordant Up
ARL3,0.36,2.5,3.1,3.3,Concordant Up
ARL16,0.152,0.6,0.3,1.1,Concordant Up
ARL10,0.055,0.6,0.6,-0.6,Concordant Up
ATP11C,0.315,1.0,1.2,0.7,Concordant Up
BCL7A,0.165,1.4,-0.5,-1.8,Concordant Up
ATP13A2,0.046,1.6,0.0,0.5,Concordant Up
ATP2B4,0.639,1.3,1.4,0.5,Concordant Up
BCKDHA,0.003,1.1,0.8,0.7,Concordant Up
BCDIN3D,0.186,1.2,0.6,1.4,Concordant Up
BCAT2,0.315,0.7,0.2,1.3,Concordant Up
BBS7,0.212,0.7,-0.0,0.3,Concordant Up
BBS5,0.089,2.0,-1.0,-0.7,Concordant Up
BBS12,0.026,3.0,0.8,2.7,Concordant Up
BBS10,0.358,1.9,3.7,0.1,Concordant Up
BARD1,0.125,0.7,1.5,0.9,Concordant Up
BAK1,0.374,1.0,1.0,0.7,Concordant Up
BAG2,0.332,1.3,0.3,0.9,Concordant Up
BABAM1,1.301,0.7,0.9,0.7,Concordant Up
B9D2,0.2,0.6,0.4,0.4,Concordant Up
B4GAT1,0.223,0.6,-0.7,2.7,Concordant Up
B3GNT2,0.355,0.7,0.0,0.4,Concordant Up
B3GALT4,0.396,2.1,0.1,1.6,Concordant Up
B3GALT2,0.184,1.3,1.6,-1.6,Concordant Up
AZIN1,0.689,0.8,0.6,0.3,Concordant Up
AVIL,0.049,1.4,0.8,-0.3,Concordant Up
AURKA,0.115,1.4,1.7,0.1,Concordant Up
AUH,0.01,0.6,0.5,0.4,Concordant Up
ATXN7L2,0.156,1.2,1.1,1.6,Concordant Up
ATXN7L1,0.29,1.8,2.2,0.6,Concordant Up
ATPAF1,0.108,2.2,1.7,2.1,Concordant Up
ATP9A,0.019,5.0,3.6,0.7,Concordant Up
ATP8B4,0.035,2.9,4.0,0.9,Concordant Up
ATP8A1,0.376,1.1,1.3,0.4,Concordant Up
ATP6V1D,0.577,1.2,0.3,0.5,Concordant Up
ATP6V1A,0.277,0.7,0.5,-0.4,Concordant Up
ATP6V0D1,0.318,0.7,0.4,0.5,Concordant Up
ATP1B2,0.003,1.1,2.0,1.0,Concordant Up
ECHS1,0.351,0.6,0.7,1.6,Concordant Up
CEP19,0.098,2.9,3.8,1.5,Concordant Up
EDDM13,0.068,2.1,1.3,0.1,Concordant Up
KCNA3,0.12,0.7,2.4,1.4,Concordant Up
KBTBD6,0.279,0.7,2.1,0.5,Concordant Up
KBTBD4,0.282,1.0,0.4,0.6,Concordant Up
KATNB1,0.043,1.2,1.1,0.4,Concordant Up
KATNAL1,0.066,4.0,3.8,5.5,Concordant Up
KAT7,0.418,1.1,1.1,0.8,Concordant Up
KAT6B,0.43,1.2,1.5,0.3,Concordant Up
KAT2A,0.1,0.8,0.5,0.0,Concordant Up
KANSL1-AS1,0.84,0.7,-0.2,-1.4,Concordant Up
JRKL,0.665,0.6,-0.4,0.0,Concordant Up
JRK,0.135,1.2,0.6,-1.8,Concordant Up
JMJD6,0.157,0.9,0.7,0.5,Concordant Up
JAZF1,0.109,0.6,-0.3,-0.4,Concordant Up
JARID2,0.204,0.7,0.8,0.1,Concordant Up
JAKMIP1,0.162,2.4,3.1,3.5,Concordant Up
JAK3,0.431,1.2,1.4,-0.1,Concordant Up
JAK2,0.234,0.9,1.0,0.4,Concordant Up
JADE1,0.403,0.7,0.6,0.8,Concordant Up
ITSN2,0.613,0.6,0.6,-0.2,Concordant Up
ITPRIPL2,0.048,2.5,3.6,2.9,Concordant Up
ITPKB-IT1,0.02,2.0,2.3,1.4,Concordant Up
ITM2C,0.349,2.0,1.5,1.6,Concordant Up
ITM2A,0.311,0.6,0.2,-0.2,Concordant Up
ITIH4,0.042,3.2,2.4,3.0,Concordant Up
ITGB8,0.035,3.0,1.9,-0.5,Concordant Up
ITGB1BP1,0.28,0.7,0.6,0.3,Concordant Up
ITGAL,0.511,4.6,4.5,1.6,Concordant Up
ITGAE,0.103,0.9,1.1,0.8,Concordant Up
ITFG1,0.112,0.8,0.4,0.9,Concordant Up
KCNMB1,0.006,0.6,-0.3,2.6,Concordant Up
IRF7,0.182,0.8,0.7,0.4,Concordant Up
KCNRG,0.026,2.5,2.9,2.0,Concordant Up
KCTD5,0.188,0.6,0.8,0.7,Concordant Up
KRCC1,0.645,1.1,1.1,-0.3,Concordant Up
KNSTRN,0.097,1.0,1.2,1.3,Concordant Up
KNL1,0.039,3.5,5.5,2.1,Concordant Up
KMT2D,0.12,1.0,1.4,-0.1,Concordant Up
KLHL7,0.323,1.2,1.2,2.0,Concordant Up
KLHL6,0.681,0.8,1.0,-0.4,Concordant Up
KLHL42,0.231,1.1,1.2,0.2,Concordant Up
KLHL25,0.065,1.1,-1.0,-2.9,Concordant Up
KLHL24,0.26,1.2,0.9,0.4,Concordant Up
KLHL22,0.382,2.5,4.8,0.4,Concordant Up
KLHDC9,0.007,1.1,0.3,-0.6,Concordant Up
KLHDC7B,0.164,0.9,-0.0,1.5,Concordant Up
KLHDC3,0.631,0.8,0.4,0.5,Concordant Up
KLHDC10,0.377,0.6,0.6,-0.7,Concordant Up
KLHDC1,0.148,2.1,0.3,-0.7,Concordant Up
KLF2,0.389,1.2,1.2,1.5,Concordant Up
KLF12,0.687,0.6,-0.2,-0.3,Concordant Up
KIZ,0.258,1.5,1.3,1.8,Concordant Up
KIFC2,0.048,0.6,1.3,1.0,Concordant Up
KIF3C,0.02,0.7,0.2,-1.3,Concordant Up
KIF24,0.018,0.7,0.7,0.7,Concordant Up
KIF20B,0.481,1.0,0.7,0.5,Concordant Up
KIF18A,0.065,1.6,1.2,0.2,Concordant Up
KIF15,0.011,1.6,2.4,-0.2,Concordant Up
KIF14,0.005,2.2,0.2,0.2,Concordant Up
KHDC4,0.568,0.8,0.7,0.4,Concordant Up
KEAP1,0.411,0.7,0.4,0.2,Concordant Up
KDM5D,0.805,0.9,2.3,-1.1,Concordant Up
KDM4D,0.018,1.3,0.2,-0.1,Concordant Up
KCTD18,0.239,0.8,0.5,0.5,Concordant Up
KSR1,0.098,0.8,0.6,-0.7,Concordant Up
IRF3,0.656,1.5,1.3,0.8,Concordant Up
IRAK4,1.673,0.7,0.7,0.3,Concordant Up
IGFBP7,0.12,3.0,-0.4,0.7,Concordant Up
IGFBP4,0.065,5.3,4.5,3.5,Concordant Up
IGBP1,0.763,0.7,0.8,0.1,Concordant Up
IFT80,0.902,3.1,4.9,2.4,Concordant Up
IFT27,0.088,0.6,1.4,0.1,Concordant Up
IFT22,0.1,3.0,1.1,4.0,Concordant Up
IFT20,0.323,1.1,0.9,0.6,Concordant Up
IFNLR1,0.001,4.3,1.9,3.9,Concordant Up
IFNAR2,1.101,1.1,1.1,0.6,Concordant Up
IFIT2,0.722,1.0,-2.1,4.1,Concordant Up
IFI27L1,0.117,1.1,1.0,-2.4,Concordant Up
IFI27,0.096,2.0,-2.2,0.1,Concordant Up
IDNK,0.073,1.0,0.4,-0.4,Concordant Up
IDH2,0.184,1.2,1.3,0.6,Concordant Up
IDH1,0.261,2.1,0.8,2.1,Concordant Up
ID3,0.577,1.2,1.1,0.5,Concordant Up
ICOS,0.294,1.3,1.2,0.6,Concordant Up
ICMT,0.491,1.1,1.0,0.4,Concordant Up
ICA1,0.091,2.8,1.8,-0.8,Concordant Up
IBA57,0.086,0.7,1.4,-1.4,Concordant Up
HYLS1,0.106,2.0,1.5,1.2,Concordant Up
HYKK,0.12,1.3,0.8,-0.7,Concordant Up
HTT,0.248,0.8,1.7,1.0,Concordant Up
HSF5,0.039,1.0,1.9,0.5,Concordant Up
HSDL2,0.104,1.9,3.7,2.0,Concordant Up
HSD17B8,0.062,2.4,2.8,2.0,Concordant Up
HSD17B1,0.036,1.1,-0.1,0.3,Concordant Up
HS6ST1,0.06,1.1,0.7,0.9,Concordant Up
HPSE,0.206,2.9,2.3,3.7,Concordant Up
IGFLR1,0.237,3.7,3.3,2.5,Concordant Up
IRF2,0.804,1.3,0.5,0.5,Concordant Up
IGIP,0.3,2.2,2.4,-0.8,Concordant Up
IKBKE,0.25,1.5,1.9,2.9,Concordant Up
IQSEC1,0.087,0.8,-1.2,-0.1,Concordant Up
IQGAP2,0.354,0.7,0.9,0.6,Concordant Up
IQCC,0.021,1.7,-1.3,-0.5,Concordant Up
IPPK,0.055,2.1,0.9,1.3,Concordant Up
IPO13,0.164,2.6,2.4,3.0,Concordant Up
IPCEF1,1.218,1.2,0.6,-0.1,Concordant Up
IP6K1,0.207,0.8,0.6,-0.3,Concordant Up
INVS,0.106,1.8,1.7,0.1,Concordant Up
INTS7,0.14,1.5,0.7,-0.1,Concordant Up
INTS6L,0.613,0.7,0.8,0.1,Concordant Up
INTS4,0.223,0.9,0.4,0.9,Concordant Up
INSL3,0.022,1.0,-0.6,2.4,Concordant Up
INSIG2,0.372,2.3,2.6,3.0,Concordant Up
INPPL1,0.134,0.8,2.1,0.2,Concordant Up
INPP5F,0.233,2.2,1.7,0.7,Concordant Up
INPP5B,0.152,4.3,5.3,4.6,Concordant Up
ING4,0.528,2.5,2.7,2.3,Concordant Up
ING3,0.161,0.6,0.5,0.3,Concordant Up
IMPACT,0.377,1.5,1.2,0.7,Concordant Up
ILK,0.643,1.4,0.2,0.2,Concordant Up
IL21-AS1,0.016,1.6,3.0,-0.0,Concordant Up
IL21,0.008,1.8,2.3,1.9,Concordant Up
IL18R1,0.238,1.3,1.2,1.0,Concordant Up
IL18BP,0.18,0.7,-0.0,-0.4,Concordant Up
IL17RB,0.018,2.1,-1.3,-0.8,Concordant Up
IL16,0.398,2.0,-0.0,2.2,Concordant Up
IL12RB1,0.309,0.9,-0.1,-0.1,Concordant Up
IL11RA,0.332,3.9,2.2,-4.7,Concordant Up
IKZF1,0.22,0.6,0.5,-0.4,Concordant Up
IKBKB,0.435,0.7,0.5,-0.3,Concordant Up
HPS4,0.381,1.8,1.5,1.1,Concordant Up
L2HGDH,0.131,1.4,0.8,-0.5,Concordant Up
LAIR2,0.259,3.2,3.9,3.1,Concordant Up
MCCC1,0.182,1.1,0.9,1.1,Concordant Up
MC1R,0.132,3.0,-0.4,-0.7,Concordant Up
MBTPS2,0.008,1.4,0.4,0.9,Concordant Up
MBLAC2,0.321,2.9,1.7,-1.1,Concordant Up
MAVS,0.616,1.6,2.0,0.6,Concordant Up
MAST3,0.055,0.8,-0.9,0.9,Concordant Up
MAST2,0.025,0.9,0.4,1.0,Concordant Up
MARF1,0.494,1.1,0.7,-0.4,Concordant Up
MAP3K14,0.089,1.3,1.4,0.0,Concordant Up
MAP3K12,0.273,1.2,-0.7,-0.6,Concordant Up
MAP3K11,0.012,0.8,0.9,0.5,Concordant Up
MAP3K10,0.051,1.6,2.5,0.4,Concordant Up
MAP2K5,0.207,3.0,2.8,2.4,Concordant Up
MAN2A2,0.026,1.1,1.3,2.1,Concordant Up
MAGEH1,0.878,1.5,0.9,0.2,Concordant Up
MAGEF1,0.024,0.7,-0.7,2.1,Concordant Up
MAFG,0.14,1.0,0.7,1.3,Concordant Up
MAF,0.706,0.7,1.0,-0.1,Concordant Up
MAD2L2,0.337,1.0,1.0,1.1,Concordant Up
MAD2L1BP,0.361,1.0,0.7,0.3,Concordant Up
MAD2L1,0.265,2.0,0.3,1.6,Concordant Up
MACROD1,0.009,1.5,1.3,2.8,Concordant Up
LZTR1,0.1,0.8,0.4,1.3,Concordant Up
LYST,0.098,1.1,1.4,0.4,Concordant Up
LYSMD3,0.314,0.7,0.8,0.2,Concordant Up
LYG1,0.025,1.4,-0.5,1.4,Concordant Up
LY96,0.36,3.1,5.0,0.5,Concordant Up
LY6G5C,0.156,0.7,0.8,-2.6,Concordant Up
LXN,0.195,2.0,1.8,1.0,Concordant Up
MCCC2,0.418,0.8,0.1,-0.0,Concordant Up
LTB4R,0.044,1.4,-1.1,-3.5,Concordant Up
MCEE,0.411,5.0,5.2,5.9,Concordant Up
MCM2,0.118,2.4,2.0,-0.0,Concordant Up
MIER2,0.077,0.8,0.8,0.5,Concordant Up
MIEF2,0.109,0.7,0.4,-1.2,Concordant Up
MICALL1,0.2,1.0,-3.4,-1.5,Concordant Up
MICAL2,0.093,2.3,1.7,1.5,Concordant Up
MIATNB,0.011,1.6,3.0,1.3,Concordant Up
MIAT,0.315,1.1,1.7,0.2,Concordant Up
MGST2,0.094,3.4,3.7,2.4,Concordant Up
MGME1,0.274,1.3,1.2,0.4,Concordant Up
MFSD8,0.328,1.2,0.8,1.0,Concordant Up
MFSD6,0.17,0.9,0.8,0.6,Concordant Up
MFSD11,0.024,2.0,2.9,1.9,Concordant Up
MFN1,0.597,0.6,0.9,0.8,Concordant Up
MFHAS1,0.413,1.4,1.1,0.2,Concordant Up
MFF,0.675,0.7,0.6,0.3,Concordant Up
METTL8,0.42,1.1,0.6,-0.1,Concordant Up
METTL6,0.346,1.1,0.8,1.3,Concordant Up
MEN1,0.055,1.5,1.9,1.8,Concordant Up
MELK,0.009,2.0,1.4,2.8,Concordant Up
MEI1,0.173,3.2,3.4,1.3,Concordant Up
MEGF9,0.063,2.3,1.5,0.8,Concordant Up
MED27,0.239,0.9,0.8,0.8,Concordant Up
MED25,0.245,1.3,0.7,0.0,Concordant Up
MED20,0.175,3.0,2.7,2.4,Concordant Up
MED18,0.453,1.8,2.5,0.2,Concordant Up
MED14,0.494,0.9,1.3,1.5,Concordant Up
MCOLN1,0.088,0.7,0.5,1.1,Concordant Up
MCM6,0.306,1.5,1.5,0.3,Concordant Up
MCM5,0.201,2.7,1.8,1.6,Concordant Up
MCM4,0.28,1.0,1.1,1.0,Concordant Up
MCL1,0.077,0.7,0.8,0.5,Concordant Up
LACTB2-AS1,0.082,0.8,0.9,-3.0,Concordant Up
LSM2,0.906,0.1,-0.1,0.3,Concordant Up
LSM11,0.077,2.5,3.5,2.3,Concordant Up
LINC00324,0.928,1.1,3.0,1.9,Concordant Up
LINC00239,0.101,1.9,2.1,-3.0,Concordant Up
LIN9,0.216,1.2,1.7,1.4,Concordant Up
LIN54,0.101,1.4,1.5,-1.9,Concordant Up
LIN37,0.026,1.1,1.2,2.1,Concordant Up
LIMS1,0.572,0.9,1.0,0.0,Concordant Up
LIMK1,0.18,2.4,2.3,0.7,Concordant Up
LIMA1,0.672,2.0,1.9,0.6,Concordant Up
LIG1,0.337,1.3,2.2,1.3,Concordant Up
LIAS,0.542,1.8,-0.2,0.9,Concordant Up
LHPP,0.24,3.9,2.1,1.2,Concordant Up
LGALSL,0.007,2.5,-1.3,-1.9,Concordant Up
LGALS9,0.424,0.9,0.7,-2.4,Concordant Up
LGALS3BP,0.452,2.5,3.8,-0.3,Concordant Up
LFNG,0.234,2.3,1.9,0.4,Concordant Up
LEPROT,1.273,1.4,1.7,2.4,Concordant Up
LENG1,0.129,2.2,1.7,2.4,Concordant Up
LDLRAP1,0.517,0.8,0.3,0.4,Concordant Up
LDLRAD4,0.011,1.2,1.4,0.7,Concordant Up
LDLR,0.077,0.7,1.1,-1.1,Concordant Up
LDAH,0.08,1.7,0.0,1.3,Concordant Up
LCMT1,0.553,0.8,0.5,0.8,Concordant Up
LCK,0.029,1.1,0.9,0.5,Concordant Up
LAX1,0.74,0.7,0.9,-0.2,Concordant Up
LAT,0.242,2.0,0.9,-0.2,Concordant Up
LASP1,0.432,2.1,1.5,0.9,Concordant Up
LARS2,0.078,0.6,-0.5,0.7,Concordant Up
LAPTM5,0.239,0.9,0.9,-0.2,Concordant Up
LANCL1,0.454,1.7,0.2,1.3,Concordant Up
LINC00426,0.118,2.4,3.8,-0.5,Concordant Up
LSM14B,0.179,1.3,0.4,-3.7,Concordant Up
LINC00467,0.15,1.7,1.7,0.9,Concordant Up
LINC00649,0.747,0.9,0.4,0.0,Concordant Up
LRRN3,0.954,1.3,-1.8,-0.3,Concordant Up
LRRC8A,0.186,0.8,1.0,0.2,Concordant Up
LRRC61,0.206,2.2,2.7,1.3,Concordant Up
LRRC27,0.016,1.4,-1.4,-0.2,Concordant Up
ECT2,0.216,4.7,4.9,3.4,Concordant Up
LRP10,0.178,0.9,1.0,0.1,Concordant Up
LRIG2,0.398,0.9,1.4,0.4,Concordant Up
LRCH4,0.08,3.5,3.2,3.1,Concordant Up
LRBA,0.259,1.2,1.4,0.5,Concordant Up
LPAR5,0.003,0.8,2.9,0.0,Concordant Up
LOXL1,0.085,1.7,-0.3,3.5,Concordant Up
LOH12CR2,0.076,2.0,1.4,0.8,Concordant Up
LNPK,0.597,4.0,3.2,1.9,Concordant Up
LNPEP,1.405,0.7,0.6,0.5,Concordant Up
LMBRD2,0.287,4.0,2.9,2.2,Concordant Up
LMBR1L,0.148,3.8,3.2,3.0,Concordant Up
LIPT1,0.989,2.2,3.1,3.8,Concordant Up
LIPA,0.152,0.9,0.3,1.2,Concordant Up
LINC02482,0.228,0.9,0.9,-0.6,Concordant Up
LINC01963,0.149,2.8,-0.0,2.3,Concordant Up
LINC01871,0.26,3.1,3.4,3.0,Concordant Up
LINC01550,0.312,1.9,1.2,0.3,Concordant Up
LINC01281,0.011,0.8,1.0,0.2,Concordant Up
LINC01126,0.021,3.7,2.0,-1.2,Concordant Up
LINC01089,0.761,2.7,1.8,-0.2,Concordant Up
LINC01012,0.013,2.0,0.9,1.1,Concordant Up
LINC01003,0.245,2.9,2.3,0.6,Concordant Up
LINC00861,0.839,0.9,0.1,-0.4,Concordant Up
LINC00847,0.515,2.4,0.9,2.4,Concordant Up
LINC00540,0.055,2.4,1.6,2.2,Concordant Up
HOXB2,0.447,0.7,0.6,0.4,Concordant Up
LRP8,0.148,0.6,0.9,-0.1,Concordant Up
HNRNPUL2,0.995,0.9,0.6,0.1,Concordant Up
FBXO30,0.299,1.2,1.9,0.2,Concordant Up
FBXO25,0.618,0.8,0.0,0.6,Concordant Up
FBXO10,0.103,3.6,2.8,1.0,Concordant Up
FBXL4,0.298,0.8,-0.2,-2.4,Concordant Up
FBXL19-AS1,0.009,0.8,2.5,-3.1,Concordant Up
FBXL19,0.121,3.5,1.7,0.3,Concordant Up
FBLN5,1.074,0.8,-1.5,0.1,Concordant Up
FBF1,0.069,1.7,0.3,0.3,Concordant Up
FASTKD3,0.374,1.3,0.7,1.7,Concordant Up
FASTKD1,0.305,0.8,0.4,0.9,Concordant Up
FANCM,0.242,1.4,2.2,0.9,Concordant Up
FANCG,0.088,3.3,-1.3,-1.6,Concordant Up
FANCF,0.584,0.7,0.4,0.2,Concordant Up
FANCE,0.069,0.8,0.8,-1.0,Concordant Up
FANCA,0.008,2.9,4.2,4.6,Concordant Up
FAM98C,0.117,3.6,4.3,2.6,Concordant Up
FAM91A1,0.403,0.6,0.7,-0.2,Concordant Up
FAM86DP,0.268,0.9,0.2,1.6,Concordant Up
FAM78A,0.49,1.3,1.8,-0.3,Concordant Up
FAM76A,0.368,1.2,3.1,2.5,Concordant Up
FAM53B,0.44,2.2,1.5,0.3,Concordant Up
FAM50B,0.398,4.7,4.2,4.9,Concordant Up
FAM43A,0.096,4.4,0.5,-0.7,Concordant Up
FAM24B,0.33,1.1,0.2,0.7,Concordant Up
FAM220A,0.384,1.1,1.4,0.0,Concordant Up
FAM219B,0.341,1.3,1.2,2.0,Concordant Up
FAM217B,0.565,1.7,2.6,1.5,Concordant Up
FAM209B,0.019,2.2,-0.6,1.8,Concordant Up
FAM200A,0.242,1.4,2.3,0.9,Concordant Up
FBXO38,0.339,1.0,1.1,0.8,Concordant Up
FAM199X,0.279,1.1,1.3,1.2,Concordant Up
FBXO41,0.118,2.2,1.8,-1.1,Concordant Up
FBXO45,0.197,1.9,1.1,-0.6,Concordant Up
FZD6,0.093,2.3,1.9,0.6,Concordant Up
FUT8,0.147,1.8,2.5,1.3,Concordant Up
FUT4,0.287,2.9,2.7,2.6,Concordant Up
FUCA2,0.156,1.7,1.6,0.8,Concordant Up
FUCA1,0.272,2.6,2.4,1.5,Concordant Up
FRG1CP,1.562,1.1,0.6,0.4,Concordant Up
FRG1,0.835,0.8,0.5,0.7,Concordant Up
FRA10AC1,0.381,0.8,0.2,0.8,Concordant Up
FOXP3,0.01,1.2,2.1,1.5,Concordant Up
FOXO4,0.096,1.3,-1.6,0.3,Concordant Up
FOXD2,0.028,1.5,1.0,0.5,Concordant Up
FNTB,0.145,2.6,1.6,2.0,Concordant Up
FMO4,0.045,1.3,0.5,0.8,Concordant Up
FMC1,1.001,0.8,0.3,0.5,Concordant Up
FLVCR2,0.043,1.9,0.7,-0.0,Concordant Up
FLNB,0.208,2.1,0.7,1.5,Concordant Up
FLCN,0.338,0.7,1.8,0.6,Concordant Up
FKBPL,0.137,3.3,4.2,0.6,Concordant Up
FKBP7,0.05,2.9,1.0,0.2,Concordant Up
FICD,0.017,1.0,0.9,1.3,Concordant Up
FGFBP2,0.066,1.8,-1.9,-0.6,Concordant Up
FGD6,0.062,0.7,1.6,-2.4,Concordant Up
FECH,0.181,2.3,0.3,1.3,Concordant Up
FDXR,0.125,2.4,1.1,1.6,Concordant Up
FDXACB1,0.205,1.3,1.2,-0.1,Concordant Up
FDPS,0.286,0.8,0.4,0.7,Concordant Up
FCHO1,0.162,1.1,0.8,0.5,Concordant Up
FBXO8,0.289,1.8,1.4,1.3,Concordant Up
FBXO48,0.347,4.5,3.1,4.3,Concordant Up
FBXO44,0.08,2.1,2.9,3.5,Concordant Up
GABARAP,0.411,1.3,3.8,-1.0,Concordant Up
FAM185A,0.071,1.7,-1.1,1.3,Concordant Up
FAM131A,0.057,0.6,0.1,2.0,Concordant Up
EMILIN2,0.167,2.1,1.5,2.1,Concordant Up
EMC9,0.115,0.7,0.2,1.2,Concordant Up
ELP4,0.141,0.6,-0.7,0.2,Concordant Up
ELP1,0.369,0.8,0.6,0.6,Concordant Up
ELF4,0.121,0.8,1.9,1.4,Concordant Up
ELAC2,0.439,0.8,0.1,-0.2,Concordant Up
ELAC1,0.531,1.1,0.7,0.6,Concordant Up
EIF5A2,0.302,0.7,0.5,1.5,Concordant Up
EIF4G3,0.159,0.6,0.4,0.4,Concordant Up
EIF4EBP3,0.031,1.1,0.8,0.4,Concordant Up
EIF2AK1,0.261,0.7,0.5,0.3,Concordant Up
EHMT2,0.328,1.2,1.1,1.2,Concordant Up
EHMT1,0.202,0.7,0.6,0.7,Concordant Up
EHD1,0.39,0.9,1.2,0.3,Concordant Up
EGR1,0.222,1.8,1.9,0.0,Concordant Up
EGLN2,0.009,0.8,0.5,0.2,Concordant Up
EGLN1,0.953,0.7,1.6,1.1,Concordant Up
EFNB1,0.102,3.4,0.1,-0.1,Concordant Up
EFNA4,0.316,0.8,-2.0,2.3,Concordant Up
EFL1,0.131,0.6,0.3,0.4,Concordant Up
EFHD1,0.019,1.1,-2.3,3.3,Concordant Up
EFHC1,0.014,1.8,0.1,1.8,Concordant Up
EFCAB7,0.203,1.3,1.8,0.4,Concordant Up
EFCAB11,0.065,1.1,2.1,-1.2,Concordant Up
EEFSEC,0.104,2.7,1.0,0.6,Concordant Up
EEF1AKMT1,0.211,0.8,0.9,1.1,Concordant Up
EEF1A1P3,0.007,1.3,1.3,-0.3,Concordant Up
HOMER2,0.1,1.5,3.8,0.3,Concordant Up
EED,0.135,1.5,1.4,1.1,Concordant Up
EML3,0.067,1.4,1.3,0.5,Concordant Up
FAM168B,0.475,0.6,0.9,0.6,Concordant Up
ENDOG,0.216,0.6,0.1,-0.2,Concordant Up
ENTPD1,0.042,1.6,3.5,0.2,Concordant Up
FAM120C,0.019,0.8,-1.3,-2.0,Concordant Up
FAM117A,0.039,0.9,0.2,0.6,Concordant Up
FAM114A2,0.447,0.8,0.8,0.7,Concordant Up
FAM111A,0.631,2.2,3.7,2.8,Concordant Up
FAM110A,0.252,3.4,3.0,1.4,Concordant Up
FAM107B,0.622,0.7,0.6,0.1,Concordant Up
FAHD2B,0.056,1.6,1.1,-2.6,Concordant Up
FAHD2A,0.198,5.2,4.6,4.0,Concordant Up
FABP5,0.461,0.8,0.6,0.3,Concordant Up
FAAP24,0.128,3.6,3.6,1.9,Concordant Up
F5,0.619,1.8,2.1,0.7,Concordant Up
EXOSC5,0.554,0.8,0.6,0.1,Concordant Up
EXO5,0.014,1.0,0.8,0.9,Concordant Up
EVC2,0.005,2.7,0.2,0.1,Concordant Up
ETHE1,0.62,2.0,2.3,0.9,Concordant Up
ETFRF1,0.665,1.0,-1.2,-0.6,Concordant Up
ETAA1,0.18,0.8,-0.9,1.7,Concordant Up
ESYT1,0.508,0.9,1.1,0.0,Concordant Up
ERMARD,0.145,1.9,1.5,2.6,Concordant Up
ERLIN2,0.143,1.7,2.0,1.3,Concordant Up
ERLIN1,0.493,0.8,0.4,-0.4,Concordant Up
ERLEC1,0.44,0.7,1.1,0.6,Concordant Up
ERI2,0.115,1.3,0.9,-0.3,Concordant Up
ERCC6,0.249,0.7,0.8,0.7,Concordant Up
ERCC2,0.005,1.7,0.7,1.9,Concordant Up
EPOP,0.013,0.7,0.1,-0.5,Concordant Up
EOMES,0.083,2.0,2.7,0.8,Concordant Up
EOGT,0.051,1.0,-1.3,1.2,Concordant Up
ENTPD5,0.174,1.0,1.1,2.0,Concordant Up
ENGASE,0.111,2.0,1.1,0.6,Concordant Up
GABPB2,0.481,1.4,0.2,0.6,Concordant Up
EPHB6,0.621,1.8,1.1,-2.6,Concordant Up
GALK2,0.292,2.9,1.5,3.0,Concordant Up
HAVCR2,0.027,7.6,9.1,8.0,Concordant Up
HAUS5,0.102,1.8,3.1,2.4,Concordant Up
HAUS4,0.201,4.2,5.0,1.5,Concordant Up
HAUS3,1.382,0.7,0.1,1.3,Concordant Up
HAUS1,0.592,1.2,0.9,1.4,Concordant Up
HARBI1,0.121,1.2,1.4,-0.4,Concordant Up
HAGH,0.257,0.6,-0.3,1.4,Concordant Up
HADHB,0.414,0.7,0.1,0.6,Concordant Up
HADH,0.348,0.8,0.6,-0.7,Concordant Up
HACE1,0.203,2.3,2.0,2.4,Concordant Up
HACD4,0.582,0.7,0.0,-0.6,Concordant Up
GZMA,0.375,2.7,3.7,1.7,Concordant Up
GZF1,0.288,1.1,-0.0,0.9,Concordant Up
GYPC,0.39,0.9,0.6,0.2,Concordant Up
GUSBP5,0.032,0.6,1.0,-0.1,Concordant Up
GUSB,0.423,0.7,0.6,0.8,Concordant Up
GTSF1,0.079,1.0,2.3,1.4,Concordant Up
GTF3C3,0.617,1.3,0.4,0.7,Concordant Up
GTF3C2,0.158,0.6,0.2,0.3,Concordant Up
GTF3C1,0.22,0.7,0.6,0.4,Concordant Up
GTF2H5,1.271,0.6,0.1,-0.3,Concordant Up
GTF2E1,0.328,1.0,1.4,1.7,Concordant Up
GSTM2,0.423,1.0,3.4,-1.8,Concordant Up
GSTCD,0.06,1.9,1.5,1.4,Concordant Up
GSDMD,0.736,1.2,1.3,1.8,Concordant Up
GSDMB,0.169,2.2,2.6,0.3,Concordant Up
GRPEL2,0.202,0.9,1.0,0.8,Concordant Up
GRK4,0.055,1.9,0.3,0.1,Concordant Up
GRIN3A,0.021,1.7,-0.6,-1.2,Concordant Up
HCFC1R1,0.396,0.6,0.7,0.8,Concordant Up
GRAMD2B,0.036,2.2,2.7,1.3,Concordant Up
HDAC4,0.153,0.7,0.2,-0.2,Concordant Up
HDAC6,0.172,2.8,2.6,-0.2,Concordant Up
HMMR,0.071,0.6,-1.1,1.2,Concordant Up
GALK1,0.267,2.7,4.2,0.3,Concordant Up
HNRNPLL,0.118,0.9,0.5,0.8,Concordant Up
HMGN3-AS1,0.016,2.0,3.6,0.6,Concordant Up
HMGCL,0.211,2.2,2.3,0.8,Concordant Up
HMG20B,0.151,0.9,0.5,1.1,Concordant Up
HMBOX1,0.501,0.8,0.8,0.3,Concordant Up
HLA-DRB1,0.552,1.2,1.3,-0.7,Concordant Up
HLA-DRA,0.688,4.0,4.7,0.1,Concordant Up
HLA-DMA,0.917,0.7,0.2,-0.9,Concordant Up
HINT3,0.235,1.2,0.9,0.9,Concordant Up
HINT2,1.48,2.4,2.8,0.9,Concordant Up
HGSNAT,0.104,1.2,1.4,1.4,Concordant Up
HGH1,0.085,0.7,1.3,0.2,Concordant Up
HERPUD2,0.144,0.8,0.9,0.8,Concordant Up
HERC2,0.644,1.9,2.7,2.8,Concordant Up
HENMT1,0.069,0.9,0.8,1.0,Concordant Up
HELZ,0.871,0.6,0.7,0.0,Concordant Up
HELLS,0.415,2.0,1.3,0.5,Concordant Up
HELB,0.88,0.5,0.5,-0.2,Concordant Up
HEATR6,0.374,2.7,2.6,3.0,Concordant Up
HEATR5B,0.447,1.2,0.9,0.5,Concordant Up
HEATR3,0.285,0.6,0.3,-0.0,Concordant Up
HDHD5-AS1,0.022,1.0,3.1,2.1,Concordant Up
HDHD2,0.295,0.9,1.3,1.0,Concordant Up
HDGFL3,0.028,0.8,2.1,0.3,Concordant Up
HDGFL2,0.221,2.9,1.6,2.2,Concordant Up
HDAC8,0.315,1.0,1.1,1.1,Concordant Up
HDAC7,0.366,1.0,0.5,0.7,Concordant Up
HDAC5,0.02,3.4,4.0,3.6,Concordant Up
GRAMD1B,0.027,3.5,3.9,3.2,Concordant Up
HECTD4,0.369,0.8,1.2,0.3,Concordant Up
GPRIN3,0.786,1.1,1.3,0.4,Concordant Up
GLIS3,0.012,0.8,1.8,-0.2,Concordant Up
GLE1,0.241,1.2,1.2,0.6,Concordant Up
GK,0.078,2.2,2.6,1.7,Concordant Up
GIT2,0.301,0.6,0.6,0.6,Concordant Up
GINS4,0.101,1.5,0.9,-0.3,Concordant Up
GINS3,0.039,0.8,1.1,1.3,Concordant Up
GIN1,0.582,2.7,2.6,3.5,Concordant Up
GIMAP8,1.286,1.7,0.3,-2.2,Concordant Up
GIMAP1,2.801,1.7,1.0,1.2,Concordant Up
GID8,0.307,0.8,0.4,0.5,Concordant Up
GGT1,0.09,1.4,1.9,1.3,Concordant Up
GGCT,0.611,0.9,0.7,0.6,Concordant Up
GGACT,0.116,0.6,-2.3,-0.3,Concordant Up
GEN1,0.053,1.9,0.8,0.1,Concordant Up
GEMIN8,0.125,0.9,0.3,-0.4,Concordant Up
GDAP1,0.094,4.0,3.8,3.2,Concordant Up
GCSH,0.074,2.3,1.5,1.4,Concordant Up
GCNT1,0.11,1.9,2.5,2.1,Concordant Up
GCH1,0.406,0.7,0.3,0.4,Concordant Up
GCC2,0.528,0.6,0.2,0.6,Concordant Up
GBP3,1.098,2.7,3.3,1.2,Concordant Up
GATAD2B,0.44,1.2,1.2,0.2,Concordant Up
GATAD1,0.454,0.6,-0.4,-1.3,Concordant Up
GAS7,0.255,1.0,-0.3,0.5,Concordant Up
GANC,0.186,0.6,3.1,1.0,Concordant Up
GPX1,2.617,0.9,0.6,0.3,Concordant Up
GANAB,0.362,0.7,0.9,0.5,Concordant Up
GALM,0.225,1.8,2.0,1.5,Concordant Up
GALNS,0.057,1.0,-1.2,2.5,Concordant Up
GLMN,0.172,0.7,0.4,0.6,Concordant Up
GLMP,0.248,1.9,1.3,1.8,Concordant Up
GCNT2,0.127,5.8,5.7,0.3,Concordant Up
GLYCTK,0.204,2.2,1.6,1.9,Concordant Up
GPR55,0.168,0.6,1.2,2.1,Concordant Up
GPR68,0.129,3.6,2.7,0.4,Concordant Up
GPRIN1,0.004,2.7,3.2,-1.0,Concordant Up
GLRX2,0.489,0.7,0.6,0.4,Concordant Up
GPR34,0.004,3.4,1.2,-0.0,Concordant Up
GPR19,0.154,3.8,0.9,-0.4,Concordant Up
GPR160,0.345,0.8,-2.8,-1.1,Concordant Up
GPR137B,0.082,1.5,1.1,1.5,Concordant Up
GPN2,0.439,0.6,0.6,0.6,Concordant Up
GPATCH2,0.267,0.9,0.4,0.1,Concordant Up
GPATCH11,0.364,0.9,0.5,0.0,Concordant Up
GPAM,0.231,1.9,2.3,0.4,Concordant Up
GOLPH3L,0.218,0.6,1.5,1.2,Concordant Up
GOLIM4,0.003,0.8,-1.3,-0.7,Concordant Up
GPR108,0.365,0.6,0.0,0.4,Concordant Up
GNRH1,0.088,1.2,0.3,-1.9,Concordant Up
GOLGA5,0.389,0.9,0.3,0.5,Concordant Up
GMCL1,0.539,1.6,2.9,1.9,Concordant Up
GMFG,0.427,1.1,0.9,0.2,Concordant Up
GMIP,0.012,0.8,1.4,0.7,Concordant Up
GMNN,0.249,3.0,2.6,2.2,Concordant Up
GNB1L,0.098,1.8,2.0,2.4,Concordant Up
GMPPA,0.07,1.6,1.5,1.6,Concordant Up
GNB5,0.336,1.3,2.4,0.9,Concordant Up
GNG2,0.642,0.9,0.7,-0.2,Concordant Up
GM2A,0.049,1.0,0.8,-2.3,Concordant Up
GNB4,0.002,1.6,1.2,0.9,Concordant Up
GMEB1,0.356,0.9,0.1,-0.4,Concordant Up
PP2D1,-0.082,1.7,0.4,-0.3,"Opposite (HZ Down, RZV Up)"
PPP2R3A,-0.017,1.6,-2.4,-1.3,"Opposite (HZ Down, RZV Up)"
POMT1,-0.09,0.6,1.7,1.7,"Opposite (HZ Down, RZV Up)"
POLE2,-0.012,1.3,2.7,2.0,"Opposite (HZ Down, RZV Up)"
PPARG,-0.155,0.7,4.3,0.5,"Opposite (HZ Down, RZV Up)"
PPM1F,-0.129,2.8,1.5,1.3,"Opposite (HZ Down, RZV Up)"
PPP1R3B,-0.031,1.0,2.2,0.1,"Opposite (HZ Down, RZV Up)"
PRKACA,-0.183,1.7,0.1,2.5,"Opposite (HZ Down, RZV Up)"
PPP2R5B,-0.029,0.9,0.7,2.2,"Opposite (HZ Down, RZV Up)"
PRDM10,-0.011,0.9,0.4,-0.2,"Opposite (HZ Down, RZV Up)"
PRICKLE3,-0.005,2.2,4.8,1.8,"Opposite (HZ Down, RZV Up)"
PRKCZ,-0.043,0.6,2.1,2.8,"Opposite (HZ Down, RZV Up)"
PRR11,-0.011,2.1,0.6,0.5,"Opposite (HZ Down, RZV Up)"
PRR22,-0.07,0.6,-1.9,-1.2,"Opposite (HZ Down, RZV Up)"
POLA1,-0.033,0.9,0.4,-0.3,"Opposite (HZ Down, RZV Up)"
PTOV1,-0.488,0.6,0.9,0.6,"Opposite (HZ Down, RZV Up)"
PSME3IP1,-1.222,1.0,0.2,0.4,"Opposite (HZ Down, RZV Up)"
PSMG3-AS1,-0.114,1.3,-2.1,-1.2,"Opposite (HZ Down, RZV Up)"
PTOV1-AS1,-0.028,1.3,-1.0,-0.8,"Opposite (HZ Down, RZV Up)"
POFUT2,-0.036,0.9,1.9,1.0,"Opposite (HZ Down, RZV Up)"
PLA2G6,-0.069,2.7,2.9,1.1,"Opposite (HZ Down, RZV Up)"
PLXND1,-0.201,1.3,1.2,-1.7,"Opposite (HZ Down, RZV Up)"
PIGA,-0.186,1.9,2.3,0.8,"Opposite (HZ Down, RZV Up)"
PIGX,-0.048,0.8,1.2,0.6,"Opposite (HZ Down, RZV Up)"
PIF1,-0.017,2.9,3.6,-1.0,"Opposite (HZ Down, RZV Up)"
PTPN14,-0.375,1.5,3.0,2.1,"Opposite (HZ Down, RZV Up)"
PIK3R5,-0.207,0.7,2.2,0.4,"Opposite (HZ Down, RZV Up)"
PILRA,-0.241,1.2,-1.8,-2.3,"Opposite (HZ Down, RZV Up)"
PINK1,-0.025,1.1,3.2,1.8,"Opposite (HZ Down, RZV Up)"
PITPNM2,-0.016,1.8,-0.4,0.6,"Opposite (HZ Down, RZV Up)"
PIWIL4,-0.002,1.3,0.9,0.8,"Opposite (HZ Down, RZV Up)"
PKN1,-0.386,1.1,1.1,-0.0,"Opposite (HZ Down, RZV Up)"
PLA2G4C,-0.021,1.7,-0.1,1.0,"Opposite (HZ Down, RZV Up)"
PLAAT3,-0.297,1.3,2.6,4.4,"Opposite (HZ Down, RZV Up)"
PLCB3,-0.02,1.2,-0.8,0.9,"Opposite (HZ Down, RZV Up)"
PLCE1,-0.035,0.9,1.1,-0.6,"Opposite (HZ Down, RZV Up)"
PLCG2,-0.077,1.3,1.6,-1.5,"Opposite (HZ Down, RZV Up)"
PLEKHA5,-0.213,1.2,0.6,0.6,"Opposite (HZ Down, RZV Up)"
PLEKHA7,-4.429,1.4,0.9,-1.3,"Opposite (HZ Down, RZV Up)"
PLPP1,-0.327,0.6,0.8,0.6,"Opposite (HZ Down, RZV Up)"
PIDD1,-0.022,1.7,1.5,0.6,"Opposite (HZ Down, RZV Up)"
PLPP2,0.0,0.7,2.2,1.4,"Opposite (HZ Down, RZV Up)"
PLSCR1,-0.085,0.6,-0.1,-0.4,"Opposite (HZ Down, RZV Up)"
PNPLA2,-0.275,0.6,0.4,0.5,"Opposite (HZ Down, RZV Up)"
PTPRA,-0.042,1.0,0.6,1.0,"Opposite (HZ Down, RZV Up)"
RHBDD2,-0.202,1.1,0.8,0.5,"Opposite (HZ Down, RZV Up)"
PTPRJ,-0.093,1.7,1.8,1.4,"Opposite (HZ Down, RZV Up)"
RGPD2,-0.071,0.7,0.7,-0.2,"Opposite (HZ Down, RZV Up)"
RILPL1,-0.052,1.7,1.7,0.1,"Opposite (HZ Down, RZV Up)"
RNF123,-0.043,1.5,1.4,1.0,"Opposite (HZ Down, RZV Up)"
RNF166,-0.833,0.7,1.8,-0.2,"Opposite (HZ Down, RZV Up)"
RNF215,-0.073,1.6,1.5,0.5,"Opposite (HZ Down, RZV Up)"
RNF26,-0.334,0.7,-0.1,-1.1,"Opposite (HZ Down, RZV Up)"
RNPEPL1,-0.045,1.0,1.6,-0.8,"Opposite (HZ Down, RZV Up)"
RORC,-0.047,0.7,1.0,0.9,"Opposite (HZ Down, RZV Up)"
RPRD1A,-0.043,0.9,0.6,-0.4,"Opposite (HZ Down, RZV Up)"
RFXAP,-0.003,1.1,1.4,0.4,"Opposite (HZ Down, RZV Up)"
RPUSD2,-0.269,1.1,1.2,0.4,"Opposite (HZ Down, RZV Up)"
SAP130,-0.011,0.8,1.0,1.3,"Opposite (HZ Down, RZV Up)"
SAP30,-0.232,0.7,-0.1,0.9,"Opposite (HZ Down, RZV Up)"
SAP30L,-0.101,0.6,1.1,-0.5,"Opposite (HZ Down, RZV Up)"
SAPCD2,-0.007,0.7,2.0,0.4,"Opposite (HZ Down, RZV Up)"
SBNO1-AS1,-0.207,2.4,1.5,-1.1,"Opposite (HZ Down, RZV Up)"
PIAS4,-0.022,0.9,0.5,1.2,"Opposite (HZ Down, RZV Up)"
SCARB1,-0.025,3.4,0.1,1.3,"Opposite (HZ Down, RZV Up)"
SCCPDH,-0.094,1.4,2.5,-1.5,"Opposite (HZ Down, RZV Up)"
SCAT1,-0.03,0.9,0.6,-1.1,"Opposite (HZ Down, RZV Up)"
RSPH3,-0.043,1.3,0.1,0.2,"Opposite (HZ Down, RZV Up)"
RFNG,-0.219,1.8,-1.2,0.9,"Opposite (HZ Down, RZV Up)"
RERE,-0.022,0.7,0.2,-0.2,"Opposite (HZ Down, RZV Up)"
RECQL4,-0.055,3.0,0.6,-0.3,"Opposite (HZ Down, RZV Up)"
PTPRM,-0.106,2.9,2.1,3.3,"Opposite (HZ Down, RZV Up)"
QPRT,-0.05,1.0,2.8,-0.0,"Opposite (HZ Down, RZV Up)"
R3HCC1,-0.08,0.6,-0.5,0.8,"Opposite (HZ Down, RZV Up)"
RAB11FIP3,-0.194,0.9,1.7,0.3,"Opposite (HZ Down, RZV Up)"
RAB40B,-0.079,2.7,-1.7,0.2,"Opposite (HZ Down, RZV Up)"
RAB40C,-0.173,1.4,1.3,-0.4,"Opposite (HZ Down, RZV Up)"
RAB6B,-0.049,0.8,0.5,-0.2,"Opposite (HZ Down, RZV Up)"
RABGAP1L-DT,-0.016,3.4,0.3,-1.1,"Opposite (HZ Down, RZV Up)"
RAD51-AS1,-0.136,2.6,2.4,3.6,"Opposite (HZ Down, RZV Up)"
RAD9B,-0.026,0.7,2.7,-2.0,"Opposite (HZ Down, RZV Up)"
RADX,-0.188,0.9,1.1,0.9,"Opposite (HZ Down, RZV Up)"
RAP2C-AS1,-0.026,1.5,0.7,-0.0,"Opposite (HZ Down, RZV Up)"
RAPGEF1,-0.428,1.0,1.1,0.8,"Opposite (HZ Down, RZV Up)"
RAPGEFL1,-0.018,1.9,2.0,0.5,"Opposite (HZ Down, RZV Up)"
RASAL2,-4.003,1.8,-0.2,-1.1,"Opposite (HZ Down, RZV Up)"
RASAL3,-0.138,1.6,2.4,1.0,"Opposite (HZ Down, RZV Up)"
RBM14-RBM4,-0.091,2.4,2.5,2.1,"Opposite (HZ Down, RZV Up)"
RBM41,-0.091,0.6,1.0,0.7,"Opposite (HZ Down, RZV Up)"
RBM47,-0.227,0.6,-1.0,-0.3,"Opposite (HZ Down, RZV Up)"
RBSN,-0.012,0.7,0.7,0.4,"Opposite (HZ Down, RZV Up)"
RECK,-0.178,0.6,-0.8,0.8,"Opposite (HZ Down, RZV Up)"
PTPRD,-0.124,0.8,-0.6,-1.7,"Opposite (HZ Down, RZV Up)"
PHF21A,-0.134,1.2,2.0,0.7,"Opposite (HZ Down, RZV Up)"
MYLK,-0.037,1.4,0.8,-1.8,"Opposite (HZ Down, RZV Up)"
PHC2,-0.51,1.0,1.0,-0.4,"Opposite (HZ Down, RZV Up)"
MOSPD3,-0.188,1.6,-0.3,1.8,"Opposite (HZ Down, RZV Up)"
MPST,-0.051,1.9,3.0,0.9,"Opposite (HZ Down, RZV Up)"
MRPL10,-0.03,0.7,-0.1,0.6,"Opposite (HZ Down, RZV Up)"
MRTFB,-0.337,0.7,0.6,0.4,"Opposite (HZ Down, RZV Up)"
MTSS1,-0.053,1.2,0.4,1.0,"Opposite (HZ Down, RZV Up)"
MTUS2,-0.236,1.0,0.7,-0.1,"Opposite (HZ Down, RZV Up)"
MVB12B,-0.07,1.8,0.5,-1.2,"Opposite (HZ Down, RZV Up)"
MVD,-0.273,0.9,0.2,1.5,"Opposite (HZ Down, RZV Up)"
MXD4,-0.213,6.5,5.2,3.6,"Opposite (HZ Down, RZV Up)"
MORN3,-0.178,3.0,2.9,1.5,"Opposite (HZ Down, RZV Up)"
MYCBP2-AS1,0.0,2.0,2.2,1.3,"Opposite (HZ Down, RZV Up)"
NACC1,-0.023,1.3,1.5,0.5,"Opposite (HZ Down, RZV Up)"
NADSYN1,-0.025,0.6,0.0,0.1,"Opposite (HZ Down, RZV Up)"
NAPRT,-0.057,1.7,1.8,1.1,"Opposite (HZ Down, RZV Up)"
NARF,-0.025,0.9,0.5,0.3,"Opposite (HZ Down, RZV Up)"
NAV2,-0.047,1.8,0.9,0.4,"Opposite (HZ Down, RZV Up)"
NBR2,-0.004,1.5,1.7,-0.7,"Opposite (HZ Down, RZV Up)"
NCAPG,-0.022,1.5,-0.2,1.4,"Opposite (HZ Down, RZV Up)"
NCF4,-0.654,2.6,2.5,1.4,"Opposite (HZ Down, RZV Up)"
NCK1-DT,-0.168,1.9,-0.7,1.6,"Opposite (HZ Down, RZV Up)"
MYO1F,-0.419,3.6,2.9,-1.5,"Opposite (HZ Down, RZV Up)"
NDOR1,-0.124,1.3,1.8,2.2,"Opposite (HZ Down, RZV Up)"
MMUT,-0.169,1.6,1.3,1.1,"Opposite (HZ Down, RZV Up)"
MINK1,-0.121,1.0,-0.3,-0.6,"Opposite (HZ Down, RZV Up)"
MAPK3,-0.213,2.3,0.5,-0.9,"Opposite (HZ Down, RZV Up)"
MAP7,-0.031,0.7,0.5,-0.4,"Opposite (HZ Down, RZV Up)"
SCLT1,-0.193,0.9,1.1,1.2,"Opposite (HZ Down, RZV Up)"
MAPK9,-0.008,0.7,-0.2,0.8,"Opposite (HZ Down, RZV Up)"
MAPKBP1,-0.085,1.3,1.0,-1.4,"Opposite (HZ Down, RZV Up)"
MARCHF2,-0.739,2.2,1.8,2.7,"Opposite (HZ Down, RZV Up)"
MARCHF3,-0.194,1.4,2.7,-1.1,"Opposite (HZ Down, RZV Up)"
MARCHF8,-0.561,0.6,1.4,0.7,"Opposite (HZ Down, RZV Up)"
MARCKS,-0.061,0.6,-2.2,0.3,"Opposite (HZ Down, RZV Up)"
MIR762HG,-0.337,0.6,1.2,-2.4,"Opposite (HZ Down, RZV Up)"
MBD2,-0.209,0.7,0.5,0.1,"Opposite (HZ Down, RZV Up)"
MBNL1-AS1,-0.128,2.8,1.8,-0.6,"Opposite (HZ Down, RZV Up)"
MBOAT1,-0.313,3.6,4.6,0.8,"Opposite (HZ Down, RZV Up)"
MBOAT7,-0.473,0.8,-0.0,0.5,"Opposite (HZ Down, RZV Up)"
MCTP1,-0.081,3.8,3.0,1.8,"Opposite (HZ Down, RZV Up)"
MEAK7,-0.14,1.6,-1.3,-0.3,"Opposite (HZ Down, RZV Up)"
MED12L,-0.137,1.4,-1.5,-1.6,"Opposite (HZ Down, RZV Up)"
MED15,-0.515,0.8,0.6,0.3,"Opposite (HZ Down, RZV Up)"
MEF2D,-0.594,1.1,0.8,0.9,"Opposite (HZ Down, RZV Up)"
MEGF6,-0.221,0.7,2.2,0.6,"Opposite (HZ Down, RZV Up)"
MBD6,-0.022,1.7,1.2,1.4,"Opposite (HZ Down, RZV Up)"
NDUFA6-DT,-0.11,1.6,1.2,0.4,"Opposite (HZ Down, RZV Up)"
NEDD4L,-0.063,0.8,0.0,0.7,"Opposite (HZ Down, RZV Up)"
NF1,-0.391,0.7,0.3,0.5,"Opposite (HZ Down, RZV Up)"
PANK2,-0.344,0.8,0.7,0.2,"Opposite (HZ Down, RZV Up)"
PAPLN,-0.008,1.0,1.4,0.3,"Opposite (HZ Down, RZV Up)"
PARD6G,-0.045,3.3,0.7,0.4,"Opposite (HZ Down, RZV Up)"
PARPBP,-0.038,5.4,3.1,5.0,"Opposite (HZ Down, RZV Up)"
PARVB,-0.009,1.3,-0.6,0.1,"Opposite (HZ Down, RZV Up)"
PAWR,-0.06,1.7,1.5,-0.1,"Opposite (HZ Down, RZV Up)"
PCBD2,-0.46,2.2,3.0,2.2,"Opposite (HZ Down, RZV Up)"
PCBP4,-0.029,0.9,0.6,-1.0,"Opposite (HZ Down, RZV Up)"
PDE4D,-0.746,0.7,1.9,1.0,"Opposite (HZ Down, RZV Up)"
PAIP2,-0.008,0.7,0.6,0.4,"Opposite (HZ Down, RZV Up)"
PDE5A,-0.104,0.8,0.1,-0.1,"Opposite (HZ Down, RZV Up)"
PDGFA,-0.001,0.6,1.8,-0.5,"Opposite (HZ Down, RZV Up)"
PDK2,-0.057,4.9,0.6,3.4,"Opposite (HZ Down, RZV Up)"
PDK3,-0.204,0.7,0.2,0.0,"Opposite (HZ Down, RZV Up)"
PDZK1,0.0,3.6,2.3,0.7,"Opposite (HZ Down, RZV Up)"
PEAK1,-0.093,1.1,0.5,0.6,"Opposite (HZ Down, RZV Up)"
PER1,-0.506,0.9,0.7,-0.5,"Opposite (HZ Down, RZV Up)"
PEX11G,-0.023,1.9,0.3,0.2,"Opposite (HZ Down, RZV Up)"
PFKL,-0.103,1.3,1.4,0.3,"Opposite (HZ Down, RZV Up)"
PGAP6,-0.348,0.6,1.6,1.0,"Opposite (HZ Down, RZV Up)"
PDE7B,-0.106,3.1,5.9,1.3,"Opposite (HZ Down, RZV Up)"
PACS2,-0.022,0.9,0.3,0.7,"Opposite (HZ Down, RZV Up)"
PACRGL,-0.011,1.4,1.2,0.4,"Opposite (HZ Down, RZV Up)"
PACC1,-0.179,0.9,1.3,1.1,"Opposite (HZ Down, RZV Up)"
NFIX,-0.006,2.4,0.5,0.9,"Opposite (HZ Down, RZV Up)"
NINJ2-AS1,-0.116,1.3,2.1,-1.2,"Opposite (HZ Down, RZV Up)"
NLGN3,-0.004,0.8,2.0,0.2,"Opposite (HZ Down, RZV Up)"
NLRP2,-0.055,1.7,1.5,4.3,"Opposite (HZ Down, RZV Up)"
NOS3,-0.001,1.3,-1.0,-0.6,"Opposite (HZ Down, RZV Up)"
NPIPB11,-0.243,1.9,0.2,-0.8,"Opposite (HZ Down, RZV Up)"
NPIPB4,-0.003,1.3,1.2,-0.2,"Opposite (HZ Down, RZV Up)"
NPRL3,-0.079,1.3,1.5,0.4,"Opposite (HZ Down, RZV Up)"
NR6A1,-0.162,0.8,-0.0,0.9,"Opposite (HZ Down, RZV Up)"
NRARP,-0.007,1.6,-0.6,0.1,"Opposite (HZ Down, RZV Up)"
NRL,-0.077,2.2,-1.0,1.0,"Opposite (HZ Down, RZV Up)"
NRP1,-0.001,1.2,0.2,0.1,"Opposite (HZ Down, RZV Up)"
NRSN2,-0.031,0.6,-0.1,1.5,"Opposite (HZ Down, RZV Up)"
NTNG2,-0.124,2.1,-1.2,-0.6,"Opposite (HZ Down, RZV Up)"
NUCB1,-0.008,0.9,0.8,0.3,"Opposite (HZ Down, RZV Up)"
NUTM2B-AS1,-0.473,1.0,0.8,0.2,"Opposite (HZ Down, RZV Up)"
OGA,-2.063,0.9,0.8,0.6,"Opposite (HZ Down, RZV Up)"
OMG,-0.006,1.5,0.4,-3.3,"Opposite (HZ Down, RZV Up)"
OPTN,-0.219,1.4,1.1,1.1,"Opposite (HZ Down, RZV Up)"
OTUD5,-0.107,1.0,0.6,1.0,"Opposite (HZ Down, RZV Up)"
P2RX4,-0.029,1.8,1.8,2.0,"Opposite (HZ Down, RZV Up)"
PHETA2,-0.007,1.6,0.9,-0.3,"Opposite (HZ Down, RZV Up)"
SCPEP1,-0.013,3.6,2.1,5.1,"Opposite (HZ Down, RZV Up)"
UBALD1,-0.092,0.9,1.2,0.0,"Opposite (HZ Down, RZV Up)"
SEC24D,-0.043,0.7,0.5,0.0,"Opposite (HZ Down, RZV Up)"
TSPOAP1,-0.07,0.7,-0.3,-1.1,"Opposite (HZ Down, RZV Up)"
TXNDC11,-0.065,0.8,1.2,0.6,"Opposite (HZ Down, RZV Up)"
TXNRD1,-4.242,0.2,-0.2,-0.0,"Opposite (HZ Down, RZV Up)"
TYK2,-0.043,1.3,1.3,0.6,"Opposite (HZ Down, RZV Up)"
TYSND1,-0.08,4.7,1.9,1.6,"Opposite (HZ Down, RZV Up)"
UBALD2,-0.711,0.7,0.5,-0.0,"Opposite (HZ Down, RZV Up)"
UBE2R2-AS1,-0.014,1.6,0.2,-0.2,"Opposite (HZ Down, RZV Up)"
UBTD1,-0.097,0.7,1.3,0.3,"Opposite (HZ Down, RZV Up)"
UHRF1,-0.051,1.1,1.2,-0.0,"Opposite (HZ Down, RZV Up)"
TSPAN32,-0.241,1.2,0.7,-0.5,"Opposite (HZ Down, RZV Up)"
ULK1,-0.267,0.8,2.2,-0.7,"Opposite (HZ Down, RZV Up)"
USF2,-0.209,1.2,0.8,-0.2,"Opposite (HZ Down, RZV Up)"
USP35,-0.047,2.0,3.2,1.2,"Opposite (HZ Down, RZV Up)"
USP49,-0.011,0.9,-0.1,0.7,"Opposite (HZ Down, RZV Up)"
VAV3-AS1,-0.008,1.8,1.2,1.4,"Opposite (HZ Down, RZV Up)"
VPS13B-DT,-0.607,0.9,-1.2,0.2,"Opposite (HZ Down, RZV Up)"
VPS26B,-0.334,2.9,0.1,2.6,"Opposite (HZ Down, RZV Up)"
VPS37B,-0.66,1.3,1.7,0.8,"Opposite (HZ Down, RZV Up)"
VPS37C,-0.03,1.7,0.3,-0.7,"Opposite (HZ Down, RZV Up)"
VSIG10,-0.009,0.6,2.3,-2.4,"Opposite (HZ Down, RZV Up)"
URM1,-0.075,0.6,0.1,0.4,"Opposite (HZ Down, RZV Up)"
WDFY4,-0.006,0.9,1.2,0.3,"Opposite (HZ Down, RZV Up)"
TSNARE1,-0.083,3.0,-1.7,2.0,"Opposite (HZ Down, RZV Up)"
TSC22D4,-0.104,1.6,1.1,1.2,"Opposite (HZ Down, RZV Up)"
TOX2,-0.088,5.3,5.0,1.7,"Opposite (HZ Down, RZV Up)"
TP53INP2,-0.148,0.8,1.0,0.7,"Opposite (HZ Down, RZV Up)"
TP63,-0.033,1.3,-0.9,0.9,"Opposite (HZ Down, RZV Up)"
TPRG1,-0.01,1.3,2.4,3.6,"Opposite (HZ Down, RZV Up)"
TRAJ54,-0.03,0.8,1.8,1.4,"Opposite (HZ Down, RZV Up)"
TRAPPC9,-0.139,1.6,1.1,0.8,"Opposite (HZ Down, RZV Up)"
TRAV10,-0.018,0.8,-2.9,0.4,"Opposite (HZ Down, RZV Up)"
TRAV14DV4,-0.0,2.1,1.5,0.3,"Opposite (HZ Down, RZV Up)"
TRAV38-2DV8,-0.0,4.0,-0.2,4.1,"Opposite (HZ Down, RZV Up)"
TSHR,-0.061,0.9,0.6,0.5,"Opposite (HZ Down, RZV Up)"
TRAV6,-0.023,1.2,0.1,0.7,"Opposite (HZ Down, RZV Up)"
TRGV2,-0.06,1.3,-1.1,0.6,"Opposite (HZ Down, RZV Up)"
TRGV3,-0.01,1.5,2.0,2.1,"Opposite (HZ Down, RZV Up)"
TRHDE,0.0,0.9,0.5,-0.0,"Opposite (HZ Down, RZV Up)"
TRIB1,-0.324,0.8,0.8,0.5,"Opposite (HZ Down, RZV Up)"
TRIM65,-0.057,3.5,1.4,3.7,"Opposite (HZ Down, RZV Up)"
TRIM66,-0.06,2.4,-1.8,0.8,"Opposite (HZ Down, RZV Up)"
TRIM7,-0.084,1.3,-0.5,2.0,"Opposite (HZ Down, RZV Up)"
TRMT61B,-0.056,0.6,0.1,-0.3,"Opposite (HZ Down, RZV Up)"
TRPM3,-0.086,0.6,-2.1,0.0,"Opposite (HZ Down, RZV Up)"
TRDV1,-0.002,0.8,1.2,-1.8,"Opposite (HZ Down, RZV Up)"
WDPCP,-0.863,1.0,0.2,0.2,"Opposite (HZ Down, RZV Up)"
WDR25,-0.033,1.3,1.3,0.9,"Opposite (HZ Down, RZV Up)"
WEE1,-0.115,2.3,3.8,0.5,"Opposite (HZ Down, RZV Up)"
ZNF333,-0.095,0.8,1.8,1.5,"Opposite (HZ Down, RZV Up)"
ZNF341-AS1,-0.032,2.5,0.9,1.5,"Opposite (HZ Down, RZV Up)"
ZNF48,-0.278,0.7,0.2,0.1,"Opposite (HZ Down, RZV Up)"
ZNF529-AS1,-0.018,0.8,-2.4,0.3,"Opposite (HZ Down, RZV Up)"
ZNF579,-0.056,2.6,2.2,2.0,"Opposite (HZ Down, RZV Up)"
ZNF628,-0.191,1.0,-0.0,-0.1,"Opposite (HZ Down, RZV Up)"
ZNF668,-0.015,1.8,-1.3,0.5,"Opposite (HZ Down, RZV Up)"
ZNF684,-0.027,0.6,-0.0,1.0,"Opposite (HZ Down, RZV Up)"
ZNF70,-0.044,1.2,-1.1,-1.3,"Opposite (HZ Down, RZV Up)"
ZNF324B,-0.027,1.7,0.7,1.4,"Opposite (HZ Down, RZV Up)"
ZNF707,-0.246,1.0,1.0,-0.5,"Opposite (HZ Down, RZV Up)"
ZNF784,-0.043,1.8,-0.2,1.4,"Opposite (HZ Down, RZV Up)"
ZNF789,-0.109,2.3,1.5,2.1,"Opposite (HZ Down, RZV Up)"
ZNF821,-0.228,1.2,-0.1,0.8,"Opposite (HZ Down, RZV Up)"
ZNF831,-0.064,1.5,1.7,0.5,"Opposite (HZ Down, RZV Up)"
ZNF862,-0.55,1.1,-1.3,0.6,"Opposite (HZ Down, RZV Up)"
ZSCAN2,-0.068,2.0,1.5,1.9,"Opposite (HZ Down, RZV Up)"
ZSCAN5A,-0.026,1.1,-0.6,1.6,"Opposite (HZ Down, RZV Up)"
ZXDB,-0.105,1.1,1.1,-0.4,"Opposite (HZ Down, RZV Up)"
MAP4K1,-0.065,3.9,3.9,-1.2,"Opposite (HZ Down, RZV Up)"
ZNF778,-0.114,1.2,1.0,1.1,"Opposite (HZ Down, RZV Up)"
ZNF295-AS1,-0.421,1.3,3.2,0.4,"Opposite (HZ Down, RZV Up)"
ZNF287,-0.085,3.0,3.6,2.0,"Opposite (HZ Down, RZV Up)"
ZNF250,-0.301,2.0,-1.7,3.7,"Opposite (HZ Down, RZV Up)"
WWOX,-0.253,0.7,0.4,0.7,"Opposite (HZ Down, RZV Up)"
XKR6,-0.319,1.8,2.1,0.2,"Opposite (HZ Down, RZV Up)"
XXYLT1,-0.038,1.5,0.4,1.0,"Opposite (HZ Down, RZV Up)"
YJEFN3,-0.022,1.3,-1.7,-0.7,"Opposite (HZ Down, RZV Up)"
YPEL5,-0.048,0.6,0.4,0.5,"Opposite (HZ Down, RZV Up)"
ZACN,-0.006,2.1,2.1,0.2,"Opposite (HZ Down, RZV Up)"
ZBTB16,-0.111,1.5,4.6,-2.2,"Opposite (HZ Down, RZV Up)"
ZBTB46,-0.087,2.5,2.1,-0.9,"Opposite (HZ Down, RZV Up)"
ZBTB49,-0.076,2.3,1.2,0.9,"Opposite (HZ Down, RZV Up)"
ZC3H12C,-0.001,1.2,3.5,0.5,"Opposite (HZ Down, RZV Up)"
ZC3H12D,-0.127,0.9,1.2,-0.3,"Opposite (HZ Down, RZV Up)"
ZDHHC18,-0.449,0.9,0.3,-0.3,"Opposite (HZ Down, RZV Up)"
ZEB2-AS1,-0.003,3.5,2.8,1.3,"Opposite (HZ Down, RZV Up)"
ZER1,-0.323,3.0,4.2,2.7,"Opposite (HZ Down, RZV Up)"
ZFAND2B,-0.02,0.7,0.5,0.9,"Opposite (HZ Down, RZV Up)"
ZFPM1,-0.451,0.8,-0.2,-0.2,"Opposite (HZ Down, RZV Up)"
ZHX3,-0.029,0.7,1.9,-1.5,"Opposite (HZ Down, RZV Up)"
ZKSCAN2,-0.001,2.5,-0.7,0.3,"Opposite (HZ Down, RZV Up)"
ZKSCAN2-DT,-0.042,0.7,0.1,-1.8,"Opposite (HZ Down, RZV Up)"
ZNF213,-0.059,3.2,2.4,-0.3,"Opposite (HZ Down, RZV Up)"
ZNF25,-0.01,0.9,0.1,3.1,"Opposite (HZ Down, RZV Up)"
TOM1L2,-0.005,3.7,1.9,0.7,"Opposite (HZ Down, RZV Up)"
SCRIB,-0.038,1.8,2.1,1.5,"Opposite (HZ Down, RZV Up)"
TOM1,-0.293,2.0,1.4,1.6,"Opposite (HZ Down, RZV Up)"
TNRC18,-0.037,0.7,1.1,-1.1,"Opposite (HZ Down, RZV Up)"
SLC39A11,-0.174,2.2,3.2,2.0,"Opposite (HZ Down, RZV Up)"
SLC41A2,-0.012,1.8,0.1,0.7,"Opposite (HZ Down, RZV Up)"
SLC46A3,-0.235,3.3,3.2,1.9,"Opposite (HZ Down, RZV Up)"
SLC49A4,-0.406,2.5,0.8,0.2,"Opposite (HZ Down, RZV Up)"
SLC4A4,-0.047,0.6,-2.1,-2.4,"Opposite (HZ Down, RZV Up)"
SLC51A,-0.068,2.7,-1.7,1.6,"Opposite (HZ Down, RZV Up)"
SLC66A3,-0.816,0.9,0.3,0.9,"Opposite (HZ Down, RZV Up)"
SLC9A1,-0.004,1.9,0.0,-0.9,"Opposite (HZ Down, RZV Up)"
SLC9A7,-0.034,1.1,2.0,0.8,"Opposite (HZ Down, RZV Up)"
SLC36A1,-0.118,2.2,2.0,-0.9,"Opposite (HZ Down, RZV Up)"
SLC9A9,-0.412,1.8,2.6,-1.2,"Opposite (HZ Down, RZV Up)"
SMIM18,-0.043,1.1,2.2,1.6,"Opposite (HZ Down, RZV Up)"
SNHG26,-0.03,0.7,0.4,0.2,"Opposite (HZ Down, RZV Up)"
SNORD59A,0.0,1.4,1.8,1.9,"Opposite (HZ Down, RZV Up)"
SNTA1,-0.086,3.1,4.6,0.5,"Opposite (HZ Down, RZV Up)"
SNX22,-0.123,0.8,0.7,-0.9,"Opposite (HZ Down, RZV Up)"
SOBP,-0.011,1.0,0.6,1.2,"Opposite (HZ Down, RZV Up)"
SOX12,-0.093,1.5,0.3,-0.7,"Opposite (HZ Down, RZV Up)"
SOX6,-0.105,1.2,1.3,1.4,"Opposite (HZ Down, RZV Up)"
SPATA1,-0.079,0.7,0.4,0.6,"Opposite (HZ Down, RZV Up)"
SMAD7,-0.016,1.4,1.8,0.1,"Opposite (HZ Down, RZV Up)"
SPDYE5,-0.098,1.4,0.5,-0.3,"Opposite (HZ Down, RZV Up)"
SLC35G2,0.0,1.6,1.4,1.3,"Opposite (HZ Down, RZV Up)"
SLC27A4,-1.643,3.5,2.5,1.3,"Opposite (HZ Down, RZV Up)"
SEC31B,-0.026,2.4,2.0,-1.4,"Opposite (HZ Down, RZV Up)"
SELENOO,-0.297,0.6,1.0,0.4,"Opposite (HZ Down, RZV Up)"
SEMA4B,-0.002,1.5,-0.2,1.2,"Opposite (HZ Down, RZV Up)"
SFI1,-0.009,1.7,1.6,1.1,"Opposite (HZ Down, RZV Up)"
SGMS2,-0.005,2.3,5.0,0.8,"Opposite (HZ Down, RZV Up)"
SGSH,-0.071,0.7,1.3,-2.2,"Opposite (HZ Down, RZV Up)"
SH2D4A,-0.014,1.1,0.6,-0.3,"Opposite (HZ Down, RZV Up)"
SHARPIN,-0.089,1.2,1.1,2.1,"Opposite (HZ Down, RZV Up)"
SHC4,-0.125,4.8,1.2,-0.2,"Opposite (HZ Down, RZV Up)"
SLC2A8,-0.033,2.1,1.9,2.5,"Opposite (HZ Down, RZV Up)"
SHKBP1,-0.211,0.6,-0.3,0.3,"Opposite (HZ Down, RZV Up)"
SIRT6,-0.13,1.5,0.8,1.6,"Opposite (HZ Down, RZV Up)"
SKAP2,-0.003,2.2,1.6,1.0,"Opposite (HZ Down, RZV Up)"
SLC11A1,-0.51,1.3,0.9,-0.0,"Opposite (HZ Down, RZV Up)"
SLC12A4,-0.034,4.6,2.0,1.8,"Opposite (HZ Down, RZV Up)"
SLC12A8,-0.016,2.7,0.8,0.2,"Opposite (HZ Down, RZV Up)"
SLC17A5,-0.019,1.9,1.7,0.5,"Opposite (HZ Down, RZV Up)"
SLC25A25,-0.419,1.1,0.5,1.2,"Opposite (HZ Down, RZV Up)"
SLC25A42,-0.046,1.6,1.6,-1.7,"Opposite (HZ Down, RZV Up)"
SLC25A5-AS1,-0.048,2.6,3.6,-0.3,"Opposite (HZ Down, RZV Up)"
SIAH2,-0.035,0.7,0.7,0.3,"Opposite (HZ Down, RZV Up)"
SPESP1,-0.048,2.7,-0.7,1.2,"Opposite (HZ Down, RZV Up)"
SPIN2B,-0.143,1.0,0.4,0.9,"Opposite (HZ Down, RZV Up)"
SPINDOC,-0.076,1.9,1.5,0.9,"Opposite (HZ Down, RZV Up)"
TEX29,0.0,1.2,1.7,0.1,"Opposite (HZ Down, RZV Up)"
TFDP1,-0.001,1.2,1.0,0.6,"Opposite (HZ Down, RZV Up)"
TFE3,-0.099,1.6,1.1,1.2,"Opposite (HZ Down, RZV Up)"
TFR2,-0.068,1.2,0.5,0.2,"Opposite (HZ Down, RZV Up)"
THAP9,-0.051,4.3,-0.6,-0.1,"Opposite (HZ Down, RZV Up)"
THBS3,-0.043,0.9,0.1,-1.7,"Opposite (HZ Down, RZV Up)"
THEMIS2,-0.058,4.4,2.0,1.1,"Opposite (HZ Down, RZV Up)"
TIAM2,-0.119,2.4,3.5,1.8,"Opposite (HZ Down, RZV Up)"
TIRAP,-0.102,2.0,1.5,0.2,"Opposite (HZ Down, RZV Up)"
TEX14,-0.473,1.4,-0.9,-0.1,"Opposite (HZ Down, RZV Up)"
TJAP1,-0.063,0.8,0.6,0.4,"Opposite (HZ Down, RZV Up)"
TMEM107,-0.091,2.7,2.9,2.2,"Opposite (HZ Down, RZV Up)"
TMEM175,-0.008,2.4,2.8,0.6,"Opposite (HZ Down, RZV Up)"
TMEM184B,-0.184,1.4,0.5,1.3,"Opposite (HZ Down, RZV Up)"
TMEM201,-0.021,1.2,2.0,-0.0,"Opposite (HZ Down, RZV Up)"
TMEM266,-0.024,1.5,-1.7,-1.9,"Opposite (HZ Down, RZV Up)"
TMEM86B,-0.047,0.9,0.8,2.8,"Opposite (HZ Down, RZV Up)"
TMPRSS3,-0.001,7.3,4.9,2.3,"Opposite (HZ Down, RZV Up)"
TNFRSF8,-0.011,3.7,0.8,-0.7,"Opposite (HZ Down, RZV Up)"
TNNC2,-0.035,2.4,-2.2,-0.0,"Opposite (HZ Down, RZV Up)"
TMCC1,-0.162,1.1,1.4,1.2,"Opposite (HZ Down, RZV Up)"
TEPSIN,-0.06,0.6,0.9,0.3,"Opposite (HZ Down, RZV Up)"
TECPR2,-0.005,1.7,-1.0,0.3,"Opposite (HZ Down, RZV Up)"
TDRKH-AS1,-0.067,2.1,2.7,1.2,"Opposite (HZ Down, RZV Up)"
SPON2,-0.028,1.5,2.5,1.2,"Opposite (HZ Down, RZV Up)"
SPRED2,-0.022,1.9,0.9,0.3,"Opposite (HZ Down, RZV Up)"
SRGAP2C,-0.196,0.9,1.6,0.9,"Opposite (HZ Down, RZV Up)"
ST3GAL4,-0.204,2.2,-0.5,0.8,"Opposite (HZ Down, RZV Up)"
ST6GALNAC3,-0.007,3.3,0.2,-1.4,"Opposite (HZ Down, RZV Up)"
STARD9,-0.013,1.3,2.8,0.4,"Opposite (HZ Down, RZV Up)"
STIL,-0.02,2.2,2.8,1.9,"Opposite (HZ Down, RZV Up)"
STIM1,-0.024,1.8,1.7,1.2,"Opposite (HZ Down, RZV Up)"
STING1,-1.195,2.8,3.9,1.4,"Opposite (HZ Down, RZV Up)"
STK11,-0.21,0.7,0.5,-0.8,"Opposite (HZ Down, RZV Up)"
STKLD1,-0.008,1.1,-1.0,-0.2,"Opposite (HZ Down, RZV Up)"
STMN3,-0.371,2.0,5.1,2.7,"Opposite (HZ Down, RZV Up)"
STRADA,-0.019,1.5,1.1,1.2,"Opposite (HZ Down, RZV Up)"
STX16-NPEPL1,-0.027,1.2,-0.4,-0.3,"Opposite (HZ Down, RZV Up)"
STX18-AS1,-0.104,1.7,-0.3,1.1,"Opposite (HZ Down, RZV Up)"
SUMF1,-0.196,1.0,-0.1,1.1,"Opposite (HZ Down, RZV Up)"
SV2C,-0.388,1.6,-0.8,3.8,"Opposite (HZ Down, RZV Up)"
TAPT1-AS1,-0.024,0.7,-1.1,-0.9,"Opposite (HZ Down, RZV Up)"
TBC1D30,-0.047,8.9,2.1,0.1,"Opposite (HZ Down, RZV Up)"
TBC1D7,-0.056,1.3,1.2,0.2,"Opposite (HZ Down, RZV Up)"
TBXAS1,-0.515,2.3,4.5,-0.9,"Opposite (HZ Down, RZV Up)"
TOGARAM2,-0.034,2.4,0.2,1.0,"Opposite (HZ Down, RZV Up)"
MAP3K3,-0.406,1.7,2.8,0.3,"Opposite (HZ Down, RZV Up)"
RDH10,-0.01,2.7,2.7,1.8,"Opposite (HZ Down, RZV Up)"
MANEAL,-0.001,1.7,1.6,-1.1,"Opposite (HZ Down, RZV Up)"
CHKA,-0.228,1.0,1.3,0.7,"Opposite (HZ Down, RZV Up)"
CHKB-DT,-0.155,1.5,-1.1,0.3,"Opposite (HZ Down, RZV Up)"
CHPF2,-0.231,1.7,1.8,1.8,"Opposite (HZ Down, RZV Up)"
CHROMR,-0.194,0.6,1.3,0.5,"Opposite (HZ Down, RZV Up)"
CHTF18,-0.147,1.8,0.7,-1.9,"Opposite (HZ Down, RZV Up)"
CIAO3,-0.295,5.2,3.7,2.3,"Opposite (HZ Down, RZV Up)"
CLBA1,-0.035,3.7,1.9,4.7,"Opposite (HZ Down, RZV Up)"
CLCN6,-0.248,1.0,3.1,1.6,"Opposite (HZ Down, RZV Up)"
CLCN7,-0.035,2.0,1.9,2.4,"Opposite (HZ Down, RZV Up)"
CHAF1A,-0.032,1.3,2.4,3.1,"Opposite (HZ Down, RZV Up)"
CLHC1,-0.005,2.0,1.2,2.7,"Opposite (HZ Down, RZV Up)"
CLSPN,-0.023,2.4,4.1,3.3,"Opposite (HZ Down, RZV Up)"
CNIH2,-0.025,0.6,-0.3,1.0,"Opposite (HZ Down, RZV Up)"
CNIH3,-0.018,0.9,-2.2,1.0,"Opposite (HZ Down, RZV Up)"
CNNM2,-0.154,1.3,1.9,-0.1,"Opposite (HZ Down, RZV Up)"
CNNM3,-0.345,2.0,3.5,3.9,"Opposite (HZ Down, RZV Up)"
CNNM4,-0.063,0.8,0.7,-0.6,"Opposite (HZ Down, RZV Up)"
CNTNAP2,-0.108,1.6,-1.0,-0.9,"Opposite (HZ Down, RZV Up)"
COCH,-0.024,2.3,0.8,-0.4,"Opposite (HZ Down, RZV Up)"
COPG2,-0.058,1.5,0.6,-1.2,"Opposite (HZ Down, RZV Up)"
CLIP2,-0.036,1.9,0.4,0.4,"Opposite (HZ Down, RZV Up)"
COQ7,-0.115,1.4,0.7,1.3,"Opposite (HZ Down, RZV Up)"
CFAP45,-0.005,2.4,3.1,1.1,"Opposite (HZ Down, RZV Up)"
CEP131,-0.045,2.9,0.5,3.0,"Opposite (HZ Down, RZV Up)"
CCL4,-0.047,1.4,2.3,2.2,"Opposite (HZ Down, RZV Up)"
CCNB2,0.0,2.0,-2.1,-0.5,"Opposite (HZ Down, RZV Up)"
CCNE1,-0.02,5.0,-1.4,3.5,"Opposite (HZ Down, RZV Up)"
CCNE2,-0.078,0.9,1.8,0.2,"Opposite (HZ Down, RZV Up)"
CD70,-0.012,0.9,1.3,0.7,"Opposite (HZ Down, RZV Up)"
CD74,-0.084,0.6,0.6,0.2,"Opposite (HZ Down, RZV Up)"
CD8B,-0.696,1.5,0.6,-0.4,"Opposite (HZ Down, RZV Up)"
CDAN1,-0.06,2.1,2.2,2.8,"Opposite (HZ Down, RZV Up)"
CDC25A,0.0,0.8,2.1,1.1,"Opposite (HZ Down, RZV Up)"
CERT1,-0.803,0.7,1.1,0.7,"Opposite (HZ Down, RZV Up)"
CDC37L1-DT,-0.348,1.3,0.2,1.6,"Opposite (HZ Down, RZV Up)"
CDK14,-0.055,2.2,2.1,1.1,"Opposite (HZ Down, RZV Up)"
CDK16,-0.156,1.1,1.1,0.9,"Opposite (HZ Down, RZV Up)"
CDK2AP1,-0.473,1.1,0.7,0.9,"Opposite (HZ Down, RZV Up)"
CDKN2A,-0.075,2.9,1.5,0.0,"Opposite (HZ Down, RZV Up)"
CDYL2,-0.002,1.3,1.6,0.3,"Opposite (HZ Down, RZV Up)"
CEACAM21,-0.378,3.1,0.4,2.3,"Opposite (HZ Down, RZV Up)"
CEBPD,-0.268,1.9,3.0,2.0,"Opposite (HZ Down, RZV Up)"
CELSR1,-0.007,1.6,4.4,0.6,"Opposite (HZ Down, RZV Up)"
CENPP,-0.103,1.7,1.1,0.9,"Opposite (HZ Down, RZV Up)"
CDHR2,-0.069,2.4,3.5,-1.5,"Opposite (HZ Down, RZV Up)"
CCDC9,-0.053,1.1,0.9,0.8,"Opposite (HZ Down, RZV Up)"
CPA5,-0.017,2.2,1.4,0.4,"Opposite (HZ Down, RZV Up)"
CPLANE2,-0.016,2.4,-0.2,0.1,"Opposite (HZ Down, RZV Up)"
DLEU2,-0.442,1.2,0.9,0.6,"Opposite (HZ Down, RZV Up)"
DLG5,-0.005,3.0,3.1,4.2,"Opposite (HZ Down, RZV Up)"
DLGAP1,-0.133,1.0,-0.6,0.7,"Opposite (HZ Down, RZV Up)"
DMGDH,-0.067,1.2,0.2,-0.7,"Opposite (HZ Down, RZV Up)"
DMTN,-0.083,1.5,-0.8,0.6,"Opposite (HZ Down, RZV Up)"
DNAAF5,-0.044,0.8,0.5,0.8,"Opposite (HZ Down, RZV Up)"
DNAH17,-0.06,1.0,0.8,-0.0,"Opposite (HZ Down, RZV Up)"
DNAJC3-DT,-0.13,1.2,2.4,0.3,"Opposite (HZ Down, RZV Up)"
DOK3,-0.751,1.8,-1.0,-1.8,"Opposite (HZ Down, RZV Up)"
DLEU1,-1.445,1.5,1.1,0.1,"Opposite (HZ Down, RZV Up)"
DOK5,0.0,7.4,9.1,-0.1,"Opposite (HZ Down, RZV Up)"
DOP1A,-0.412,3.1,1.8,3.1,"Opposite (HZ Down, RZV Up)"
DPEP2,-0.016,5.5,5.7,-1.4,"Opposite (HZ Down, RZV Up)"
DPF3,-0.003,1.3,1.0,-0.6,"Opposite (HZ Down, RZV Up)"
DPP7,-0.037,0.6,0.8,0.8,"Opposite (HZ Down, RZV Up)"
DSCC1,0.0,1.4,1.1,0.3,"Opposite (HZ Down, RZV Up)"
DTNB,-0.086,0.8,0.6,0.6,"Opposite (HZ Down, RZV Up)"
DTX3,-0.137,3.3,1.9,6.0,"Opposite (HZ Down, RZV Up)"
DUSP10,-0.052,0.8,1.6,1.8,"Opposite (HZ Down, RZV Up)"
DXO,-0.035,1.6,-0.6,-0.4,"Opposite (HZ Down, RZV Up)"
DOK6,-0.014,0.7,0.0,-0.5,"Opposite (HZ Down, RZV Up)"
CPLANE1,-0.128,1.3,-0.6,-1.3,"Opposite (HZ Down, RZV Up)"
DKK3,-0.081,1.3,0.2,-0.3,"Opposite (HZ Down, RZV Up)"
DHRSX,-0.099,1.5,0.2,2.2,"Opposite (HZ Down, RZV Up)"
CPPED1,-0.207,5.9,7.2,5.7,"Opposite (HZ Down, RZV Up)"
CRLF1,-0.618,2.1,2.7,1.8,"Opposite (HZ Down, RZV Up)"
CRLF2,0.0,2.9,1.2,0.8,"Opposite (HZ Down, RZV Up)"
CSTF3-DT,-0.052,1.8,0.6,1.2,"Opposite (HZ Down, RZV Up)"
CTDSP1,-0.048,0.8,0.9,-0.5,"Opposite (HZ Down, RZV Up)"
CTSK,-0.004,0.6,1.7,-1.2,"Opposite (HZ Down, RZV Up)"
CXCL8,-0.933,2.5,-1.4,1.8,"Opposite (HZ Down, RZV Up)"
CYBC1,-1.193,0.9,1.0,0.6,"Opposite (HZ Down, RZV Up)"
D2HGDH,-0.198,1.6,2.2,0.3,"Opposite (HZ Down, RZV Up)"
DIXDC1,-0.006,1.2,1.7,1.4,"Opposite (HZ Down, RZV Up)"
DCLK2,-0.037,3.3,-0.6,1.5,"Opposite (HZ Down, RZV Up)"
DDN-AS1,-0.111,1.3,0.4,-3.8,"Opposite (HZ Down, RZV Up)"
DEAF1,-0.083,1.3,1.7,0.6,"Opposite (HZ Down, RZV Up)"
DENND11,-0.388,0.9,1.3,1.1,"Opposite (HZ Down, RZV Up)"
DENND1A,-0.013,0.8,0.9,0.4,"Opposite (HZ Down, RZV Up)"
DENND5A,-0.16,1.3,1.9,0.6,"Opposite (HZ Down, RZV Up)"
DEPDC1B,-0.036,2.7,3.3,-0.3,"Opposite (HZ Down, RZV Up)"
DGKI,-0.046,3.8,-0.0,-0.5,"Opposite (HZ Down, RZV Up)"
DGKQ,-0.262,2.5,2.8,-0.2,"Opposite (HZ Down, RZV Up)"
DHRS13,-0.115,1.4,-0.2,3.5,"Opposite (HZ Down, RZV Up)"
DCUN1D2,-0.061,1.2,1.1,0.3,"Opposite (HZ Down, RZV Up)"
CCDC77,-0.011,1.2,-0.6,0.3,"Opposite (HZ Down, RZV Up)"
CCDC40,0.0,1.9,3.3,1.8,"Opposite (HZ Down, RZV Up)"
CCDC157,-0.017,2.9,3.7,1.0,"Opposite (HZ Down, RZV Up)"
ANKRD49,-0.005,0.7,0.3,0.6,"Opposite (HZ Down, RZV Up)"
ANKS1B,-0.002,4.6,3.2,0.5,"Opposite (HZ Down, RZV Up)"
AOAH,-0.374,4.0,5.6,0.8,"Opposite (HZ Down, RZV Up)"
AOPEP,-0.121,2.4,3.0,-0.6,"Opposite (HZ Down, RZV Up)"
AP4B1-AS1,-0.035,1.4,1.7,1.3,"Opposite (HZ Down, RZV Up)"
AP5B1,-0.322,1.5,-2.0,0.5,"Opposite (HZ Down, RZV Up)"
APBB3,-0.132,1.8,-0.8,2.2,"Opposite (HZ Down, RZV Up)"
APOBEC3B,0.0,2.5,2.7,3.6,"Opposite (HZ Down, RZV Up)"
APOBEC3F,-0.031,0.6,1.8,1.3,"Opposite (HZ Down, RZV Up)"
ANKRD13C,-0.028,1.0,0.9,0.7,"Opposite (HZ Down, RZV Up)"
APOM,-0.11,0.6,1.3,-0.6,"Opposite (HZ Down, RZV Up)"
ARHGEF38,-0.054,1.7,1.2,1.4,"Opposite (HZ Down, RZV Up)"
ARHGEF39,-0.046,0.8,-0.2,1.2,"Opposite (HZ Down, RZV Up)"
ARL17A,-0.176,0.8,0.2,0.2,"Opposite (HZ Down, RZV Up)"
ARMC9,-3.275,2.1,-0.6,2.3,"Opposite (HZ Down, RZV Up)"
ARRDC2,-0.474,1.0,1.3,0.8,"Opposite (HZ Down, RZV Up)"
ARSA,-0.26,1.3,1.5,0.4,"Opposite (HZ Down, RZV Up)"
ASCL2,-0.019,2.6,1.1,2.5,"Opposite (HZ Down, RZV Up)"
ASIC3,-0.002,1.0,-0.8,0.4,"Opposite (HZ Down, RZV Up)"
ASPSCR1,-0.15,0.9,1.0,0.5,"Opposite (HZ Down, RZV Up)"
ARHGEF12,-0.009,0.9,0.3,0.8,"Opposite (HZ Down, RZV Up)"
ATAT1,-0.004,2.4,3.3,2.4,"Opposite (HZ Down, RZV Up)"
ANKMY1,-0.215,1.8,-0.5,0.1,"Opposite (HZ Down, RZV Up)"
AMN,-0.002,1.4,0.4,2.6,"Opposite (HZ Down, RZV Up)"
MAP3K20,-0.004,3.0,0.5,-0.3,"Opposite (HZ Down, RZV Up)"
AASS,-0.08,1.5,-0.1,1.5,"Opposite (HZ Down, RZV Up)"
ABCC6,-0.009,1.3,2.0,-0.5,"Opposite (HZ Down, RZV Up)"
ABITRAM,-0.325,1.2,0.6,1.3,"Opposite (HZ Down, RZV Up)"
ABTB1,-0.2,1.2,2.3,-0.9,"Opposite (HZ Down, RZV Up)"
ACAP3,-0.051,2.1,2.4,0.1,"Opposite (HZ Down, RZV Up)"
ACOXL,-0.517,2.4,0.5,0.2,"Opposite (HZ Down, RZV Up)"
ADAMTS6,-0.018,1.4,-0.6,0.4,"Opposite (HZ Down, RZV Up)"
ADAMTS9-AS2,-0.016,1.0,0.9,-0.3,"Opposite (HZ Down, RZV Up)"
ANKDD1B,-0.025,2.4,1.3,1.0,"Opposite (HZ Down, RZV Up)"
ADAP1,-0.048,0.9,0.5,1.0,"Opposite (HZ Down, RZV Up)"
AFMID,-0.036,5.6,3.0,3.3,"Opposite (HZ Down, RZV Up)"
AGBL3,-0.24,1.6,0.7,1.5,"Opposite (HZ Down, RZV Up)"
AHI1,-0.127,0.6,0.4,-0.1,"Opposite (HZ Down, RZV Up)"
AKAP5,-0.001,3.3,0.5,-1.1,"Opposite (HZ Down, RZV Up)"
AKT1,-0.506,1.3,2.0,0.9,"Opposite (HZ Down, RZV Up)"
ALS2,-0.157,0.7,-0.6,0.2,"Opposite (HZ Down, RZV Up)"
AMBRA1,-4.374,1.3,1.4,-0.2,"Opposite (HZ Down, RZV Up)"
AMFR,-0.134,0.8,0.6,0.7,"Opposite (HZ Down, RZV Up)"
AMMECR1,-0.346,0.8,0.5,1.2,"Opposite (HZ Down, RZV Up)"
ADGRV1,-0.101,0.9,1.5,2.2,"Opposite (HZ Down, RZV Up)"
ATF5,-0.012,0.7,-0.8,0.3,"Opposite (HZ Down, RZV Up)"
ATG16L2,-0.334,1.1,1.4,0.8,"Opposite (HZ Down, RZV Up)"
ATG2A,-0.534,3.4,1.9,3.7,"Opposite (HZ Down, RZV Up)"
C11orf65,-0.284,2.0,-0.6,-1.7,"Opposite (HZ Down, RZV Up)"
C12orf42,-0.139,1.5,-0.3,-0.4,"Opposite (HZ Down, RZV Up)"
C14orf93,-0.038,0.9,-0.1,-1.7,"Opposite (HZ Down, RZV Up)"
C17orf58,-0.002,2.3,1.2,2.8,"Opposite (HZ Down, RZV Up)"
C19orf47,-0.028,3.2,1.1,2.7,"Opposite (HZ Down, RZV Up)"
C1QTNF6,-0.303,0.8,-1.6,-1.6,"Opposite (HZ Down, RZV Up)"
C2CD3,-0.003,0.7,0.4,0.2,"Opposite (HZ Down, RZV Up)"
C5orf58,-0.139,4.9,1.5,-0.8,"Opposite (HZ Down, RZV Up)"
C6orf52,-0.024,2.4,2.9,0.1,"Opposite (HZ Down, RZV Up)"
BTBD6,-0.324,3.7,4.0,3.7,"Opposite (HZ Down, RZV Up)"
C9orf72,-0.401,1.4,0.7,1.6,"Opposite (HZ Down, RZV Up)"
CACNB2,-0.05,2.0,1.3,-1.3,"Opposite (HZ Down, RZV Up)"
CAMK1,-0.022,2.7,2.4,-1.4,"Opposite (HZ Down, RZV Up)"
CAND2,-0.833,1.4,-0.0,-1.6,"Opposite (HZ Down, RZV Up)"
CASP9,-0.114,0.9,-1.4,1.1,"Opposite (HZ Down, RZV Up)"
CASTOR2,-0.082,3.3,0.5,2.1,"Opposite (HZ Down, RZV Up)"
CASZ1,-0.028,1.7,0.9,-1.0,"Opposite (HZ Down, RZV Up)"
CATSPERG,-0.023,2.8,2.7,1.2,"Opposite (HZ Down, RZV Up)"
CBFA2T2,-0.003,1.7,1.7,1.9,"Opposite (HZ Down, RZV Up)"
CBX4,-0.717,3.5,2.7,-0.1,"Opposite (HZ Down, RZV Up)"
CACNA1C,0.0,1.3,1.0,0.3,"Opposite (HZ Down, RZV Up)"
BTBD3,-0.017,1.4,0.8,0.4,"Opposite (HZ Down, RZV Up)"
BRCA1,-0.013,1.5,0.3,1.0,"Opposite (HZ Down, RZV Up)"
BNIP1,-0.298,0.7,0.2,1.0,"Opposite (HZ Down, RZV Up)"
ATG4B,-0.158,0.7,0.3,0.3,"Opposite (HZ Down, RZV Up)"
ATG9A,-0.036,2.7,2.0,0.6,"Opposite (HZ Down, RZV Up)"
ATP10A,-0.181,0.7,0.6,-0.7,"Opposite (HZ Down, RZV Up)"
ATP2A3,-0.07,2.4,3.7,0.3,"Opposite (HZ Down, RZV Up)"
ATPSCKMT,-0.058,2.8,3.4,2.2,"Opposite (HZ Down, RZV Up)"
ATXN1,-0.326,1.4,1.0,0.0,"Opposite (HZ Down, RZV Up)"
AVPI1,-0.01,1.6,-2.1,4.2,"Opposite (HZ Down, RZV Up)"
B3GAT1,-0.015,1.0,-0.3,-0.2,"Opposite (HZ Down, RZV Up)"
B3GNT9,-0.042,1.6,-2.0,-0.0,"Opposite (HZ Down, RZV Up)"
B4GALNT3,-0.059,1.5,-0.5,0.3,"Opposite (HZ Down, RZV Up)"
BAG3,-0.213,0.6,0.4,-0.0,"Opposite (HZ Down, RZV Up)"
BBS4,-0.018,1.3,2.1,1.9,"Opposite (HZ Down, RZV Up)"
BCAS3,-2.913,3.1,2.3,2.5,"Opposite (HZ Down, RZV Up)"
BCAT1,-0.012,6.1,6.9,1.8,"Opposite (HZ Down, RZV Up)"
BCL2L1,-0.024,0.9,0.3,0.9,"Opposite (HZ Down, RZV Up)"
BCL2L15,-0.032,1.0,0.7,-1.0,"Opposite (HZ Down, RZV Up)"
BCL3,-0.565,1.9,0.3,0.5,"Opposite (HZ Down, RZV Up)"
BCL6,-0.578,0.7,1.1,-0.2,"Opposite (HZ Down, RZV Up)"
BEST4,-0.032,1.6,4.5,-1.6,"Opposite (HZ Down, RZV Up)"
BICD1,-0.089,2.1,2.1,0.1,"Opposite (HZ Down, RZV Up)"
BICRAL,-0.389,2.2,2.0,0.9,"Opposite (HZ Down, RZV Up)"
DYNLT1,-0.631,0.8,0.5,0.7,"Opposite (HZ Down, RZV Up)"
EBF1,-0.038,1.1,-2.1,0.4,"Opposite (HZ Down, RZV Up)"
ANGPTL6,-0.017,1.0,1.1,-1.4,"Opposite (HZ Down, RZV Up)"
EFCAB14-AS1,-0.058,2.0,2.7,2.5,"Opposite (HZ Down, RZV Up)"
ITGB2-AS1,-0.037,2.5,3.6,0.7,"Opposite (HZ Down, RZV Up)"
ITPKC,-0.033,2.8,1.8,1.5,"Opposite (HZ Down, RZV Up)"
JDP2,-0.085,0.8,1.3,-0.6,"Opposite (HZ Down, RZV Up)"
JMY,-0.201,0.6,1.0,-0.4,"Opposite (HZ Down, RZV Up)"
KANK3,-0.05,2.7,-0.2,1.1,"Opposite (HZ Down, RZV Up)"
KANSL1L,-0.089,1.7,2.3,1.3,"Opposite (HZ Down, RZV Up)"
KAZN,-0.046,0.9,-0.5,1.1,"Opposite (HZ Down, RZV Up)"
KBTBD2,-0.16,0.7,0.6,0.2,"Opposite (HZ Down, RZV Up)"
KCNIP2,-0.013,2.9,-1.1,0.4,"Opposite (HZ Down, RZV Up)"
ITGA4,-0.04,0.9,1.1,0.2,"Opposite (HZ Down, RZV Up)"
KCNIP4,-0.093,0.6,2.9,-0.8,"Opposite (HZ Down, RZV Up)"
KCNMB3,-1.177,0.9,0.9,1.9,"Opposite (HZ Down, RZV Up)"
KCNMB4,-0.042,1.0,2.0,0.8,"Opposite (HZ Down, RZV Up)"
KCNQ5,-0.034,0.7,0.9,0.2,"Opposite (HZ Down, RZV Up)"
KCTD17,-0.164,1.1,2.3,0.2,"Opposite (HZ Down, RZV Up)"
KCTD2,-0.127,1.7,0.3,1.7,"Opposite (HZ Down, RZV Up)"
KCTD21-AS1,-0.142,1.0,-0.1,-0.6,"Opposite (HZ Down, RZV Up)"
KDM5B,-2.077,0.8,0.6,0.1,"Opposite (HZ Down, RZV Up)"
KDM7A-DT,-0.056,1.3,1.7,-0.6,"Opposite (HZ Down, RZV Up)"
KIAA2013,-0.145,1.0,1.2,-0.5,"Opposite (HZ Down, RZV Up)"
KCNK12,-0.102,3.6,0.6,0.9,"Opposite (HZ Down, RZV Up)"
KIF23,-0.029,3.2,3.4,-1.4,"Opposite (HZ Down, RZV Up)"
IRAK3,-0.335,1.2,-1.4,1.0,"Opposite (HZ Down, RZV Up)"
INSYN2B,-0.015,2.7,2.1,-1.3,"Opposite (HZ Down, RZV Up)"
HMGB3,-0.018,1.2,1.6,1.9,"Opposite (HZ Down, RZV Up)"
HNRNPA1L2,-0.278,0.8,0.7,0.1,"Opposite (HZ Down, RZV Up)"
HPDL,0.0,1.6,-1.1,2.0,"Opposite (HZ Down, RZV Up)"
HPS1,-0.365,0.6,0.1,0.1,"Opposite (HZ Down, RZV Up)"
HSF1,-0.291,0.6,-0.1,0.3,"Opposite (HZ Down, RZV Up)"
HSH2D,-0.526,1.8,1.4,2.6,"Opposite (HZ Down, RZV Up)"
ICAM3,-0.074,1.3,1.1,-0.4,"Opposite (HZ Down, RZV Up)"
IDUA,-0.243,1.3,1.5,-0.2,"Opposite (HZ Down, RZV Up)"
IER5L,-0.093,1.4,1.7,1.8,"Opposite (HZ Down, RZV Up)"
IQCN,-0.156,0.6,-1.8,-0.2,"Opposite (HZ Down, RZV Up)"
IFNG-AS1,-0.006,1.3,0.2,-3.2,"Opposite (HZ Down, RZV Up)"
IL12RB2,-0.069,3.2,3.5,1.9,"Opposite (HZ Down, RZV Up)"
IL17RE,-0.005,1.0,4.2,-0.2,"Opposite (HZ Down, RZV Up)"
IL18RAP,-0.084,0.7,0.6,0.4,"Opposite (HZ Down, RZV Up)"
IL1RL1,0.0,5.4,2.2,3.5,"Opposite (HZ Down, RZV Up)"
IL1RN,-0.045,0.8,0.4,0.4,"Opposite (HZ Down, RZV Up)"
IL7,-0.728,1.5,4.4,0.1,"Opposite (HZ Down, RZV Up)"
INPP5D,-0.26,1.3,1.3,-2.4,"Opposite (HZ Down, RZV Up)"
INPP5K,-0.006,1.3,1.2,0.2,"Opposite (HZ Down, RZV Up)"
INSL6,-0.045,2.5,1.0,0.8,"Opposite (HZ Down, RZV Up)"
IL10RB,-0.002,0.9,0.9,0.8,"Opposite (HZ Down, RZV Up)"
KLF7,-0.008,1.9,4.3,2.3,"Opposite (HZ Down, RZV Up)"
KLF8,-0.001,1.2,-0.9,0.4,"Opposite (HZ Down, RZV Up)"
KLHDC2,-0.006,0.9,0.5,0.9,"Opposite (HZ Down, RZV Up)"
LIPE-AS1,-0.022,1.9,0.7,0.8,"Opposite (HZ Down, RZV Up)"
LMF2,-0.356,1.9,3.0,2.0,"Opposite (HZ Down, RZV Up)"
LNX2,-0.099,3.8,3.3,4.2,"Opposite (HZ Down, RZV Up)"
LRFN4,-0.037,4.5,6.1,0.7,"Opposite (HZ Down, RZV Up)"
LRRC28,-0.739,1.2,-1.6,0.7,"Opposite (HZ Down, RZV Up)"
LRRC37A,-0.041,0.7,2.7,0.5,"Opposite (HZ Down, RZV Up)"
LRRC37B,-0.413,2.7,1.4,2.7,"Opposite (HZ Down, RZV Up)"
LSMEM1,-0.031,2.9,1.3,-0.5,"Opposite (HZ Down, RZV Up)"
LST1,-0.163,1.8,-0.6,-1.9,"Opposite (HZ Down, RZV Up)"
LINC02798,-0.068,1.3,1.2,1.6,"Opposite (HZ Down, RZV Up)"
LUCAT1,-0.562,2.6,4.1,1.2,"Opposite (HZ Down, RZV Up)"
MAFK,-0.046,0.7,-0.3,-0.3,"Opposite (HZ Down, RZV Up)"
MAGI2,-0.044,1.6,-0.5,0.3,"Opposite (HZ Down, RZV Up)"
MAK,-0.013,4.7,4.9,4.8,"Opposite (HZ Down, RZV Up)"
MAMDC4,-0.007,0.8,-2.0,-0.9,"Opposite (HZ Down, RZV Up)"
MAN2B1,-0.013,1.5,2.4,2.7,"Opposite (HZ Down, RZV Up)"
MAN2C1,-0.18,1.2,2.4,2.3,"Opposite (HZ Down, RZV Up)"
MANBA,-0.012,2.1,1.1,1.4,"Opposite (HZ Down, RZV Up)"
EFCAB10,-1.143,2.2,0.2,2.2,"Opposite (HZ Down, RZV Up)"
MANEA-DT,-0.163,4.2,3.7,-0.6,"Opposite (HZ Down, RZV Up)"
LZTS3,-0.047,1.0,1.9,0.5,"Opposite (HZ Down, RZV Up)"
LINC01891,-0.208,1.5,1.1,-1.7,"Opposite (HZ Down, RZV Up)"
LINC01772,-0.061,2.0,0.9,-0.4,"Opposite (HZ Down, RZV Up)"
LINC01480,-0.012,3.6,3.1,-0.2,"Opposite (HZ Down, RZV Up)"
KLHL11,-0.01,0.7,1.1,0.2,"Opposite (HZ Down, RZV Up)"
KPTN,-0.021,1.1,2.1,-1.3,"Opposite (HZ Down, RZV Up)"
LAG3,-0.082,1.5,1.6,0.0,"Opposite (HZ Down, RZV Up)"
LAMA2,-0.032,1.4,2.2,-3.6,"Opposite (HZ Down, RZV Up)"
LAMA5,-0.002,2.5,1.2,1.4,"Opposite (HZ Down, RZV Up)"
LAMTOR5-AS1,-0.225,2.2,1.3,0.4,"Opposite (HZ Down, RZV Up)"
LANCL2,-0.021,1.0,0.9,0.2,"Opposite (HZ Down, RZV Up)"
LAT2,-0.052,2.7,1.9,4.8,"Opposite (HZ Down, RZV Up)"
LBHD1,-0.022,2.7,0.9,1.1,"Opposite (HZ Down, RZV Up)"
LCAT,-0.006,3.2,-2.0,-1.7,"Opposite (HZ Down, RZV Up)"
LDHAL6A,0.0,2.5,0.1,-0.5,"Opposite (HZ Down, RZV Up)"
LDLRAD3,-0.025,2.4,-1.0,-0.9,"Opposite (HZ Down, RZV Up)"
LENG8-AS1,-0.017,1.1,1.6,-0.2,"Opposite (HZ Down, RZV Up)"
LHFPL2,-0.024,1.8,0.2,-0.6,"Opposite (HZ Down, RZV Up)"
LIMD1,-0.038,2.0,2.1,0.3,"Opposite (HZ Down, RZV Up)"
LIMK2,-0.635,0.6,-0.0,1.2,"Opposite (HZ Down, RZV Up)"
LINC00309,-0.039,1.2,1.2,3.1,"Opposite (HZ Down, RZV Up)"
LINC00511,-0.096,0.8,3.0,0.2,"Opposite (HZ Down, RZV Up)"
LINC00910,-0.687,2.0,-2.7,-0.6,"Opposite (HZ Down, RZV Up)"
LINC01393,-0.022,2.2,2.8,0.8,"Opposite (HZ Down, RZV Up)"
LINC01465,-0.096,1.1,3.1,4.1,"Opposite (HZ Down, RZV Up)"
HLA-DRB5,-0.15,1.1,1.4,-1.0,"Opposite (HZ Down, RZV Up)"
HIVEP3,-0.007,0.7,0.6,0.1,"Opposite (HZ Down, RZV Up)"
LSP1,-0.213,0.6,1.1,-0.1,"Opposite (HZ Down, RZV Up)"
HEXD,-1.023,2.0,1.4,0.7,"Opposite (HZ Down, RZV Up)"
FAM3A,-0.003,1.0,-0.8,0.2,"Opposite (HZ Down, RZV Up)"
FAXDC2,-0.023,1.0,2.0,-0.5,"Opposite (HZ Down, RZV Up)"
FBH1,-0.874,0.8,1.1,0.3,"Opposite (HZ Down, RZV Up)"
FBXL13,-0.083,0.9,0.8,-0.7,"Opposite (HZ Down, RZV Up)"
FBXL6,-0.067,0.6,-0.4,1.2,"Opposite (HZ Down, RZV Up)"
FBXL8,-0.151,2.4,2.4,1.3,"Opposite (HZ Down, RZV Up)"
FBXO36,-0.119,1.1,-0.3,-1.0,"Opposite (HZ Down, RZV Up)"
FBXO4,-0.036,1.4,2.5,0.3,"Opposite (HZ Down, RZV Up)"
FBXO42,-0.116,0.6,0.5,-0.1,"Opposite (HZ Down, RZV Up)"
FAM234A,-0.208,0.6,0.8,-0.9,"Opposite (HZ Down, RZV Up)"
FBXO46,-0.339,1.1,1.1,0.3,"Opposite (HZ Down, RZV Up)"
FBXW5,-0.171,1.1,1.1,0.3,"Opposite (HZ Down, RZV Up)"
FCSK,-0.163,5.0,4.3,1.4,"Opposite (HZ Down, RZV Up)"
FEZ1,-0.124,1.3,0.2,0.7,"Opposite (HZ Down, RZV Up)"
FHL2,-0.019,2.4,-0.0,-0.3,"Opposite (HZ Down, RZV Up)"
FKBP8,-0.375,0.9,0.3,0.5,"Opposite (HZ Down, RZV Up)"
FLOT2,-0.061,3.7,2.2,2.4,"Opposite (HZ Down, RZV Up)"
FMNL1,-0.122,1.0,1.2,0.4,"Opposite (HZ Down, RZV Up)"
FNBP1L,-0.007,1.1,-0.4,1.0,"Opposite (HZ Down, RZV Up)"
FOXO3,-0.02,0.8,0.3,0.5,"Opposite (HZ Down, RZV Up)"
FBXW4,-0.233,1.6,0.7,0.1,"Opposite (HZ Down, RZV Up)"
FOXP4,-0.045,0.9,1.2,0.9,"Opposite (HZ Down, RZV Up)"
FAM20A,-0.031,2.0,2.4,-1.6,"Opposite (HZ Down, RZV Up)"
FAM184B,-0.028,0.6,1.7,-1.8,"Opposite (HZ Down, RZV Up)"
EGLN3,-0.216,1.0,-2.2,-0.7,"Opposite (HZ Down, RZV Up)"
HIF1A-AS3,-0.671,2.0,-1.2,-0.8,"Opposite (HZ Down, RZV Up)"
EFCAB5,-0.207,1.8,0.7,-1.8,"Opposite (HZ Down, RZV Up)"
EIF2AK3-DT,-0.099,2.5,4.2,1.0,"Opposite (HZ Down, RZV Up)"
EIF3J-DT,-0.634,1.5,0.5,0.8,"Opposite (HZ Down, RZV Up)"
ELMO1,-0.283,0.7,0.7,0.3,"Opposite (HZ Down, RZV Up)"
EML4-AS1,-0.049,0.8,1.5,-1.0,"Opposite (HZ Down, RZV Up)"
ENAH,-0.071,1.5,0.4,1.9,"Opposite (HZ Down, RZV Up)"
ENDOV,-0.086,1.4,3.1,0.5,"Opposite (HZ Down, RZV Up)"
FAM209A,-0.148,2.0,0.4,-0.2,"Opposite (HZ Down, RZV Up)"
ENO1-AS1,-0.003,0.6,-4.1,-1.6,"Opposite (HZ Down, RZV Up)"
ESR1,-0.096,2.0,2.2,-1.1,"Opposite (HZ Down, RZV Up)"
ESRRA,-0.18,0.9,1.7,1.4,"Opposite (HZ Down, RZV Up)"
ETFDH,-0.109,1.6,1.3,0.9,"Opposite (HZ Down, RZV Up)"
EVA1C,-0.273,0.6,0.4,0.5,"Opposite (HZ Down, RZV Up)"
EXO1,0.0,2.5,-0.7,1.5,"Opposite (HZ Down, RZV Up)"
EXOC6,-0.176,0.7,0.2,0.1,"Opposite (HZ Down, RZV Up)"
EXTL3,-0.191,2.0,-0.1,-0.6,"Opposite (HZ Down, RZV Up)"
F8,-0.001,1.2,2.1,-1.3,"Opposite (HZ Down, RZV Up)"
FAF1,-0.262,0.7,0.4,0.4,"Opposite (HZ Down, RZV Up)"
ESPL1,0.0,0.7,1.8,-1.0,"Opposite (HZ Down, RZV Up)"
FOXRED1,-0.237,1.8,1.3,0.7,"Opposite (HZ Down, RZV Up)"
ENC1,-0.014,1.6,2.1,-1.0,"Opposite (HZ Down, RZV Up)"
FRAT2,-0.095,1.1,1.2,-1.8,"Opposite (HZ Down, RZV Up)"
GVQW3,-0.061,2.2,-1.2,-0.6,"Opposite (HZ Down, RZV Up)"
GZMH,-0.041,2.3,2.7,2.8,"Opposite (HZ Down, RZV Up)"
H1-1,-0.29,2.4,0.5,-0.4,"Opposite (HZ Down, RZV Up)"
H1-10,-3.826,1.1,0.3,1.4,"Opposite (HZ Down, RZV Up)"
H1-2,-2.134,0.8,-0.6,-2.2,"Opposite (HZ Down, RZV Up)"
H1-3,-2.441,3.2,2.5,3.7,"Opposite (HZ Down, RZV Up)"
H1-4,-2.507,3.5,1.9,3.8,"Opposite (HZ Down, RZV Up)"
H2AC20,-0.8,0.9,0.0,2.3,"Opposite (HZ Down, RZV Up)"
H2AC6,-0.736,1.1,0.6,1.8,"Opposite (HZ Down, RZV Up)"
GUCY1B1,-0.015,0.7,-0.5,-1.6,"Opposite (HZ Down, RZV Up)"
H2AC8,-0.067,1.0,0.9,-1.8,"Opposite (HZ Down, RZV Up)"
H2BC15,-0.14,1.7,2.0,-1.1,"Opposite (HZ Down, RZV Up)"
H2BC5,-0.141,1.8,-0.0,0.7,"Opposite (HZ Down, RZV Up)"
H4C5,-0.143,0.7,-2.2,-0.0,"Opposite (HZ Down, RZV Up)"
HACD1,-0.097,2.4,0.9,-1.1,"Opposite (HZ Down, RZV Up)"
HAL,-0.03,1.7,-0.6,0.8,"Opposite (HZ Down, RZV Up)"
HES6,-0.006,4.1,3.0,4.6,"Opposite (HZ Down, RZV Up)"
HBB,-1.369,1.0,1.7,7.5,"Opposite (HZ Down, RZV Up)"
FPGS,-0.21,0.7,0.3,0.5,"Opposite (HZ Down, RZV Up)"
HDC,-0.014,0.9,1.8,-0.3,"Opposite (HZ Down, RZV Up)"
H2BC12,-0.257,1.2,0.7,0.4,"Opposite (HZ Down, RZV Up)"
GTPBP3,-0.053,0.6,1.2,2.1,"Opposite (HZ Down, RZV Up)"
H4C8,-0.134,1.0,2.6,-1.6,"Opposite (HZ Down, RZV Up)"
GSE1,-0.099,0.6,-0.2,-0.7,"Opposite (HZ Down, RZV Up)"
FRY,-0.097,0.8,1.9,-0.2,"Opposite (HZ Down, RZV Up)"
GSTZ1,-0.022,1.9,3.8,-1.8,"Opposite (HZ Down, RZV Up)"
FSCN1,-0.009,0.7,-0.3,-1.6,"Opposite (HZ Down, RZV Up)"
FURIN,-0.17,0.6,1.8,0.9,"Opposite (HZ Down, RZV Up)"
GAK,-0.113,0.7,0.5,0.2,"Opposite (HZ Down, RZV Up)"
GALNT2,-0.09,0.8,0.7,0.9,"Opposite (HZ Down, RZV Up)"
GAREM2,-0.069,1.6,2.0,-0.1,"Opposite (HZ Down, RZV Up)"
GATA3,-0.013,1.0,1.0,0.9,"Opposite (HZ Down, RZV Up)"
GCC2-AS1,-0.036,0.7,2.9,-1.1,"Opposite (HZ Down, RZV Up)"
GCDH,-1.877,0.7,0.4,1.3,"Opposite (HZ Down, RZV Up)"
GAA,-0.03,4.4,5.3,3.0,"Opposite (HZ Down, RZV Up)"
GCLC,-0.097,1.3,0.9,0.8,"Opposite (HZ Down, RZV Up)"
FRMD5,-0.502,2.6,1.0,0.9,"Opposite (HZ Down, RZV Up)"
GRAMD1A,-0.177,0.6,0.4,0.9,"Opposite (HZ Down, RZV Up)"
GPX3,-0.083,2.2,-1.4,4.4,"Opposite (HZ Down, RZV Up)"
GPSM2,-0.046,0.7,0.0,1.2,"Opposite (HZ Down, RZV Up)"
GPR150,-0.131,1.4,1.1,0.5,"Opposite (HZ Down, RZV Up)"
FRMD8,-0.186,1.0,0.6,-0.0,"Opposite (HZ Down, RZV Up)"
GCNT7,-0.089,0.9,-0.2,-0.9,"Opposite (HZ Down, RZV Up)"
GOLGA2,-0.147,0.9,0.9,1.4,"Opposite (HZ Down, RZV Up)"
GDPD5,-0.191,0.8,1.9,0.7,"Opposite (HZ Down, RZV Up)"
GPR137,-0.082,1.2,1.7,0.8,"Opposite (HZ Down, RZV Up)"
RNF2,0.475,-1.1,-0.5,-0.1,"Opposite (HZ Up, RZV Down)"
RNY1,0.056,-0.7,0.1,1.0,"Opposite (HZ Up, RZV Down)"
RNVU1-6,0.093,-4.2,-3.9,-0.3,"Opposite (HZ Up, RZV Down)"
RNVU1-4,0.183,-1.9,2.9,1.4,"Opposite (HZ Up, RZV Down)"
RNVU1-19,0.262,-2.7,-5.0,0.2,"Opposite (HZ Up, RZV Down)"
RNVU1-15,0.041,-3.4,-2.0,0.8,"Opposite (HZ Up, RZV Down)"
RNU6-94P,0.105,-0.7,-0.0,-0.8,"Opposite (HZ Up, RZV Down)"
RNU5F-1,0.589,-2.0,-2.3,-1.6,"Opposite (HZ Up, RZV Down)"
RNU5B-1,0.102,-3.3,-1.9,0.2,"Opposite (HZ Up, RZV Down)"
RNU5A-1,0.064,-2.6,-3.9,-1.6,"Opposite (HZ Up, RZV Down)"
RNF157,0.124,-5.1,-5.7,-3.4,"Opposite (HZ Up, RZV Down)"
RNU1-2,0.018,-2.0,-1.8,-0.7,"Opposite (HZ Up, RZV Down)"
RNLS,0.029,-3.5,-2.6,-2.0,"Opposite (HZ Up, RZV Down)"
RNF212,0.101,-2.0,0.1,0.3,"Opposite (HZ Up, RZV Down)"
RNF175,0.043,-3.9,-4.3,-4.3,"Opposite (HZ Up, RZV Down)"
ROBO3,0.104,-1.9,1.3,0.6,"Opposite (HZ Up, RZV Down)"
RNU6-1016P,0.04,-1.3,-0.6,-3.4,"Opposite (HZ Up, RZV Down)"
RNU4ATAC,0.121,-0.9,-0.6,-0.0,"Opposite (HZ Up, RZV Down)"
RPL7,3.147,-0.4,-0.1,0.1,"Opposite (HZ Up, RZV Down)"
RPL10P15,0.084,-0.8,-0.5,-0.6,"Opposite (HZ Up, RZV Down)"
S100A9,0.425,-2.4,-2.3,-1.8,"Opposite (HZ Up, RZV Down)"
S100A8,0.167,-1.8,-3.6,-3.6,"Opposite (HZ Up, RZV Down)"
S100A6,0.363,-1.0,-0.6,-0.4,"Opposite (HZ Up, RZV Down)"
RNF144A,0.023,-5.3,-4.2,-4.7,"Opposite (HZ Up, RZV Down)"
S100A10,0.393,-0.6,-0.2,-0.0,"Opposite (HZ Up, RZV Down)"
RXRA,0.046,-0.7,-1.1,-1.5,"Opposite (HZ Up, RZV Down)"
RTN4,0.236,-0.9,0.1,-0.3,"Opposite (HZ Up, RZV Down)"
RTL8C,0.268,-1.8,-1.1,-0.0,"Opposite (HZ Up, RZV Down)"
RPGRIP1L,0.091,-2.2,-2.0,-1.2,"Opposite (HZ Up, RZV Down)"
RTL6,0.192,-0.8,-0.4,-0.4,"Opposite (HZ Up, RZV Down)"
RRAS2,0.096,-0.6,-0.4,-0.2,"Opposite (HZ Up, RZV Down)"
RRAGD,0.063,-4.8,-5.8,-3.0,"Opposite (HZ Up, RZV Down)"
RPL5P4,0.82,-0.8,-1.2,-1.7,"Opposite (HZ Up, RZV Down)"
RPL3P7,0.051,-1.2,-0.9,-0.9,"Opposite (HZ Up, RZV Down)"
RPL22L1,0.709,-0.8,-1.1,-0.6,"Opposite (HZ Up, RZV Down)"
RPL21,3.447,-0.1,-0.2,-0.0,"Opposite (HZ Up, RZV Down)"
RPL14P1,1.794,-0.6,-0.4,-0.6,"Opposite (HZ Up, RZV Down)"
RPL13P5,0.15,-0.6,-2.8,-3.1,"Opposite (HZ Up, RZV Down)"
RSAD2,0.525,-1.8,-2.1,-0.2,"Opposite (HZ Up, RZV Down)"
RNF14,0.213,-1.0,-0.3,0.0,"Opposite (HZ Up, RZV Down)"
RCHY1,0.506,-0.8,-0.6,-0.2,"Opposite (HZ Up, RZV Down)"
RN7SL473P,0.031,-1.5,1.9,0.9,"Opposite (HZ Up, RZV Down)"
RBM44,0.046,-4.0,-1.8,-1.4,"Opposite (HZ Up, RZV Down)"
RBM11,0.1,-2.3,-2.0,-2.6,"Opposite (HZ Up, RZV Down)"
RASSF5,0.268,-0.8,-0.3,-0.5,"Opposite (HZ Up, RZV Down)"
RARG,0.341,-1.7,-1.5,1.2,"Opposite (HZ Up, RZV Down)"
RAP1GDS1,0.266,-0.6,-0.6,-0.3,"Opposite (HZ Up, RZV Down)"
RANBP10,0.225,-0.6,0.1,-0.5,"Opposite (HZ Up, RZV Down)"
RALGPS2,0.067,-0.7,-0.8,-1.3,"Opposite (HZ Up, RZV Down)"
RALGAPA1,0.069,-0.7,-0.5,-0.5,"Opposite (HZ Up, RZV Down)"
RAI1,0.135,-1.4,-0.5,-1.4,"Opposite (HZ Up, RZV Down)"
RAG1,0.003,-1.0,2.5,-0.3,"Opposite (HZ Up, RZV Down)"
RAD9A,0.021,-4.0,-3.6,-0.5,"Opposite (HZ Up, RZV Down)"
RABL2B,0.323,-1.7,0.6,-0.4,"Opposite (HZ Up, RZV Down)"
RAB43,0.003,-1.3,-1.8,-2.6,"Opposite (HZ Up, RZV Down)"
RAB33B,0.471,-0.7,-0.2,0.1,"Opposite (HZ Up, RZV Down)"
S1PR1,0.452,-1.3,-0.7,-0.7,"Opposite (HZ Up, RZV Down)"
RAB24,0.133,-1.5,-4.4,1.0,"Opposite (HZ Up, RZV Down)"
RAB23,0.031,-1.2,-0.9,-0.7,"Opposite (HZ Up, RZV Down)"
RBMS1,0.203,-1.4,-1.1,-0.6,"Opposite (HZ Up, RZV Down)"
RBP7,0.18,-1.6,-2.0,0.5,"Opposite (HZ Up, RZV Down)"
RCBTB2,0.261,-2.2,-5.5,-3.0,"Opposite (HZ Up, RZV Down)"
RETREG1,0.127,-0.8,-1.6,0.1,"Opposite (HZ Up, RZV Down)"
RMND5B,0.122,-0.9,0.0,-0.4,"Opposite (HZ Up, RZV Down)"
RLN1,0.009,-2.4,-1.6,-1.0,"Opposite (HZ Up, RZV Down)"
RIPOR1,0.142,-1.3,-2.4,0.2,"Opposite (HZ Up, RZV Down)"
RIPK2,0.137,-1.1,-0.3,0.2,"Opposite (HZ Up, RZV Down)"
RIN3,1.196,-1.2,-1.0,-0.3,"Opposite (HZ Up, RZV Down)"
RIMKLB,0.124,-2.3,-4.7,-0.8,"Opposite (HZ Up, RZV Down)"
RILP,0.065,-1.0,2.0,-1.2,"Opposite (HZ Up, RZV Down)"
RIDA,0.095,-0.9,1.2,0.7,"Opposite (HZ Up, RZV Down)"
RN7SL49P,0.046,-1.3,1.3,0.0,"Opposite (HZ Up, RZV Down)"
RHPN1,0.032,-1.5,-0.9,-1.6,"Opposite (HZ Up, RZV Down)"
RHOC,0.022,-4.6,-5.2,-2.4,"Opposite (HZ Up, RZV Down)"
RHOB,0.26,-0.9,-1.7,-0.2,"Opposite (HZ Up, RZV Down)"
RGS14,0.417,-1.8,-0.9,0.0,"Opposite (HZ Up, RZV Down)"
RGS1,0.072,-1.3,0.8,0.9,"Opposite (HZ Up, RZV Down)"
RGL4,0.355,-0.9,-0.9,-2.3,"Opposite (HZ Up, RZV Down)"
RFK,0.567,-0.7,-0.3,-0.3,"Opposite (HZ Up, RZV Down)"
RFFL,0.358,-1.3,-0.5,-1.5,"Opposite (HZ Up, RZV Down)"
REV3L,0.45,-0.9,-0.5,-0.8,"Opposite (HZ Up, RZV Down)"
RHOF,0.807,-0.7,-0.6,-0.6,"Opposite (HZ Up, RZV Down)"
SACS,0.778,-0.6,-0.3,-0.6,"Opposite (HZ Up, RZV Down)"
SLC25A22,0.069,-1.0,-1.1,-0.6,"Opposite (HZ Up, RZV Down)"
SAMD3,0.315,-5.4,-0.2,-0.4,"Opposite (HZ Up, RZV Down)"
SLC5A6,0.192,-0.6,-0.3,0.2,"Opposite (HZ Up, RZV Down)"
SLC4A8,0.015,-0.6,-2.9,0.5,"Opposite (HZ Up, RZV Down)"
SLC44A1,0.204,-1.6,-0.3,-0.6,"Opposite (HZ Up, RZV Down)"
SLC43A3,0.28,-0.7,-0.3,-0.5,"Opposite (HZ Up, RZV Down)"
SLC40A1,0.762,-3.7,-5.0,-1.5,"Opposite (HZ Up, RZV Down)"
SLC39A8,0.289,-1.1,-0.5,-0.2,"Opposite (HZ Up, RZV Down)"
SLC39A4,0.472,-1.1,-1.1,-0.3,"Opposite (HZ Up, RZV Down)"
SLC39A13,0.017,-1.2,-2.6,-0.7,"Opposite (HZ Up, RZV Down)"
SLC39A10,0.47,-1.0,-1.5,-1.3,"Opposite (HZ Up, RZV Down)"
SLC39A1,0.591,-0.6,-0.8,-0.1,"Opposite (HZ Up, RZV Down)"
SLC35C1,0.116,-0.6,-1.2,0.1,"Opposite (HZ Up, RZV Down)"
SLC35B2,0.093,-1.1,-1.5,-0.3,"Opposite (HZ Up, RZV Down)"
SLC35A1,0.37,-1.3,-0.2,-0.1,"Opposite (HZ Up, RZV Down)"
SLC30A6,0.219,-1.1,-0.5,-0.4,"Opposite (HZ Up, RZV Down)"
SLC30A4,0.118,-2.9,-5.4,-3.5,"Opposite (HZ Up, RZV Down)"
SLC27A1,0.007,-0.8,-1.2,-1.2,"Opposite (HZ Up, RZV Down)"
SLC25A43,0.054,-5.7,-4.5,-3.7,"Opposite (HZ Up, RZV Down)"
SLC7A5P1,0.015,-0.8,-0.2,0.0,"Opposite (HZ Up, RZV Down)"
SLC8B1,0.282,-0.8,-0.5,-0.3,"Opposite (HZ Up, RZV Down)"
SLFN12,0.285,-1.6,-0.7,0.5,"Opposite (HZ Up, RZV Down)"
SLFN5,1.815,-0.8,-0.8,-0.3,"Opposite (HZ Up, RZV Down)"
SNORD12B,0.022,-2.1,-2.0,-0.4,"Opposite (HZ Up, RZV Down)"
RAB19,0.028,-1.3,-2.4,-2.5,"Opposite (HZ Up, RZV Down)"
SNORD104,1.052,-0.6,-0.8,-0.3,"Opposite (HZ Up, RZV Down)"
SNORD100,0.018,-0.6,-0.5,0.1,"Opposite (HZ Up, RZV Down)"
SNORA74D,0.079,-0.9,-3.0,-1.5,"Opposite (HZ Up, RZV Down)"
SNORA33,0.108,-0.7,-1.0,-0.1,"Opposite (HZ Up, RZV Down)"
SNORA12,0.051,-0.7,-0.4,-0.4,"Opposite (HZ Up, RZV Down)"
SNHG16,0.294,-0.6,-0.4,-0.0,"Opposite (HZ Up, RZV Down)"
SLC25A4,0.167,-2.6,-1.6,0.3,"Opposite (HZ Up, RZV Down)"
SNAPC1,0.515,-1.0,-1.1,-0.1,"Opposite (HZ Up, RZV Down)"
SMPD1,0.135,-1.1,0.3,-0.2,"Opposite (HZ Up, RZV Down)"
SMKR1,0.015,-1.3,-0.3,0.4,"Opposite (HZ Up, RZV Down)"
SMIM33,0.019,-1.5,0.9,-1.0,"Opposite (HZ Up, RZV Down)"
SMIM3,0.047,-0.8,-0.7,0.8,"Opposite (HZ Up, RZV Down)"
SMIM14,0.299,-3.7,-4.7,-3.3,"Opposite (HZ Up, RZV Down)"
SMG7-AS1,0.016,-1.5,-1.6,0.7,"Opposite (HZ Up, RZV Down)"
SMCR8,0.676,-0.8,-2.2,-2.1,"Opposite (HZ Up, RZV Down)"
SMAD1,0.026,-0.7,2.5,-2.9,"Opposite (HZ Up, RZV Down)"
SNAI3,0.116,-0.7,0.5,-0.6,"Opposite (HZ Up, RZV Down)"
SLC25A15,0.012,-1.9,-1.1,-1.2,"Opposite (HZ Up, RZV Down)"
SLC25A10,0.05,-1.7,-0.0,-0.5,"Opposite (HZ Up, RZV Down)"
SLC22A17,0.095,-1.3,-5.6,-4.6,"Opposite (HZ Up, RZV Down)"
SESN1,0.083,-1.2,-0.5,-1.3,"Opposite (HZ Up, RZV Down)"
SERPINI1,0.031,-3.1,-4.1,-1.1,"Opposite (HZ Up, RZV Down)"
SERPINB6,0.476,-1.7,-6.9,-2.4,"Opposite (HZ Up, RZV Down)"
SERGEF,0.305,-1.5,0.9,-1.4,"Opposite (HZ Up, RZV Down)"
SENP7,0.052,-1.1,-0.4,-0.6,"Opposite (HZ Up, RZV Down)"
SENCR,0.156,-0.8,-1.3,-1.9,"Opposite (HZ Up, RZV Down)"
SEMA6A-AS1,0.077,-3.6,-2.6,-3.6,"Opposite (HZ Up, RZV Down)"
SELENOI,0.037,-0.7,-1.0,-0.2,"Opposite (HZ Up, RZV Down)"
SETD3,0.433,-0.6,-0.7,0.5,"Opposite (HZ Up, RZV Down)"
SEC22A,0.03,-0.9,-0.4,-0.6,"Opposite (HZ Up, RZV Down)"
SCNN1A,0.003,-1.1,-0.5,-1.9,"Opposite (HZ Up, RZV Down)"
SCML4,0.356,-2.3,-1.5,-2.1,"Opposite (HZ Up, RZV Down)"
SCML1,0.247,-1.9,-2.2,-1.4,"Opposite (HZ Up, RZV Down)"
SCARB2,0.23,-2.9,-1.7,0.7,"Opposite (HZ Up, RZV Down)"
SBK1,0.029,-0.9,0.7,0.1,"Opposite (HZ Up, RZV Down)"
SAXO2,0.065,-1.9,-2.0,-0.4,"Opposite (HZ Up, RZV Down)"
SATB1,2.288,-1.0,-0.4,-0.6,"Opposite (HZ Up, RZV Down)"
SARDH,0.033,-1.1,-2.8,-2.5,"Opposite (HZ Up, RZV Down)"
SDE2,0.021,-0.6,-1.1,-0.1,"Opposite (HZ Up, RZV Down)"
SAMD12,0.241,-4.1,-2.3,-1.5,"Opposite (HZ Up, RZV Down)"
SFR1,0.439,-1.0,0.5,0.9,"Opposite (HZ Up, RZV Down)"
SGK1,0.29,-1.1,-0.4,0.3,"Opposite (HZ Up, RZV Down)"
SLC1A4,0.014,-1.6,0.2,-1.2,"Opposite (HZ Up, RZV Down)"
SLC16A11,0.078,-3.2,-2.8,-2.6,"Opposite (HZ Up, RZV Down)"
SLC16A1,0.167,-0.6,-0.2,-0.4,"Opposite (HZ Up, RZV Down)"
SLC11A2,0.323,-0.7,-0.5,-0.9,"Opposite (HZ Up, RZV Down)"
SLAMF7,0.242,-1.7,-3.3,1.3,"Opposite (HZ Up, RZV Down)"
SLAMF1,0.746,-0.8,-0.3,-0.3,"Opposite (HZ Up, RZV Down)"
SLA,0.437,-0.7,-0.3,-0.3,"Opposite (HZ Up, RZV Down)"
SKIL,0.011,-0.7,-0.3,-0.1,"Opposite (HZ Up, RZV Down)"
SGCB,0.218,-1.6,-4.3,-0.4,"Opposite (HZ Up, RZV Down)"
SKI,0.22,-1.0,-0.9,-1.4,"Opposite (HZ Up, RZV Down)"
SIGLEC16,0.011,-0.8,-2.2,-0.6,"Opposite (HZ Up, RZV Down)"
SIDT1,0.267,-1.2,-0.2,-0.9,"Opposite (HZ Up, RZV Down)"
SH3YL1,0.019,-0.8,-1.1,-0.3,"Opposite (HZ Up, RZV Down)"
SH3BP5,0.481,-3.5,-2.9,-2.8,"Opposite (HZ Up, RZV Down)"
SH2D3A,0.061,-1.7,-0.6,0.1,"Opposite (HZ Up, RZV Down)"
SGSM2,0.082,-1.0,0.7,-0.5,"Opposite (HZ Up, RZV Down)"
SGSM1,0.038,-0.8,-0.5,-2.2,"Opposite (HZ Up, RZV Down)"
SGO1,0.01,-0.9,-2.7,-0.9,"Opposite (HZ Up, RZV Down)"
SKA3,0.032,-1.3,-3.4,0.7,"Opposite (HZ Up, RZV Down)"
RAB11FIP4,0.305,-0.8,-0.0,-0.5,"Opposite (HZ Up, RZV Down)"
PDE7A,0.421,-1.0,-0.6,-0.7,"Opposite (HZ Up, RZV Down)"
PYROXD1,0.41,-0.6,-0.2,0.0,"Opposite (HZ Up, RZV Down)"
PAFAH1B3,0.546,-0.7,-1.1,-0.3,"Opposite (HZ Up, RZV Down)"
PACSIN2,0.349,-0.7,-0.6,0.4,"Opposite (HZ Up, RZV Down)"
P4HA1,0.355,-1.0,-1.0,-0.0,"Opposite (HZ Up, RZV Down)"
P2RY14,0.142,-1.2,-0.2,-2.1,"Opposite (HZ Up, RZV Down)"
OSBP2,0.02,-0.7,-0.4,-0.7,"Opposite (HZ Up, RZV Down)"
OR4D1,0.246,-2.3,-3.1,-1.1,"Opposite (HZ Up, RZV Down)"
OCM,0.132,-1.1,-1.2,-2.6,"Opposite (HZ Up, RZV Down)"
OAT,0.715,-0.6,-0.7,-0.3,"Opposite (HZ Up, RZV Down)"
OAS3,0.28,-1.2,-2.4,0.2,"Opposite (HZ Up, RZV Down)"
NXPE3,0.562,-0.6,-0.5,-0.2,"Opposite (HZ Up, RZV Down)"
NUS1,0.188,-0.7,-0.8,0.1,"Opposite (HZ Up, RZV Down)"
NUP93,0.05,-0.6,-0.4,-0.0,"Opposite (HZ Up, RZV Down)"
NUDT18,0.146,-1.9,-2.7,-0.4,"Opposite (HZ Up, RZV Down)"
NUDT11,0.007,-1.2,0.7,-1.8,"Opposite (HZ Up, RZV Down)"
NUBPL,0.055,-0.8,-0.3,-1.2,"Opposite (HZ Up, RZV Down)"
NUAK2,0.064,-1.3,-3.7,-4.6,"Opposite (HZ Up, RZV Down)"
NTAN1P2,0.028,-1.9,-0.7,-0.7,"Opposite (HZ Up, RZV Down)"
PAG1,0.844,-1.1,-1.2,-1.5,"Opposite (HZ Up, RZV Down)"
PAIP2B,0.343,-0.7,-0.4,0.8,"Opposite (HZ Up, RZV Down)"
PAK1,0.058,-2.1,-0.4,-0.9,"Opposite (HZ Up, RZV Down)"
PANX1,0.019,-0.8,-0.9,-0.3,"Opposite (HZ Up, RZV Down)"
PEG13,0.009,-1.5,-0.5,-0.6,"Opposite (HZ Up, RZV Down)"
PDP1,0.363,-1.2,0.0,-0.4,"Opposite (HZ Up, RZV Down)"
PDLIM1,0.1,-0.7,-1.7,0.9,"Opposite (HZ Up, RZV Down)"
PDE9A,0.184,-1.0,-1.7,-1.6,"Opposite (HZ Up, RZV Down)"
PDE8A,0.144,-1.1,-1.7,-0.2,"Opposite (HZ Up, RZV Down)"
PDE6B,0.168,-0.7,1.5,-1.0,"Opposite (HZ Up, RZV Down)"
PCYOX1,0.88,-0.9,0.4,-0.5,"Opposite (HZ Up, RZV Down)"
PCSK5,0.135,-1.9,-4.2,-3.9,"Opposite (HZ Up, RZV Down)"
NT5DC3,0.072,-0.7,-0.4,-0.7,"Opposite (HZ Up, RZV Down)"
PCSK1N,0.135,-2.8,-2.1,-0.4,"Opposite (HZ Up, RZV Down)"
PCGF5,0.369,-0.9,-0.8,-0.3,"Opposite (HZ Up, RZV Down)"
PCDH9,0.005,-0.6,-1.1,-0.3,"Opposite (HZ Up, RZV Down)"
PBX2,0.675,-2.0,1.9,-0.6,"Opposite (HZ Up, RZV Down)"
PATJ,0.272,-3.8,-5.2,0.2,"Opposite (HZ Up, RZV Down)"
PARVG,0.321,-1.1,-0.7,-0.6,"Opposite (HZ Up, RZV Down)"
PARS2,0.048,-0.9,-3.0,-3.9,"Opposite (HZ Up, RZV Down)"
PARP9,1.003,-0.6,-1.1,-0.9,"Opposite (HZ Up, RZV Down)"
PARP8,0.198,-0.6,-0.5,-0.8,"Opposite (HZ Up, RZV Down)"
PCNX1,0.502,-0.6,0.2,-0.5,"Opposite (HZ Up, RZV Down)"
PEPD,0.052,-0.9,-1.2,0.7,"Opposite (HZ Up, RZV Down)"
NT5C3B,0.143,-3.3,-1.3,-0.9,"Opposite (HZ Up, RZV Down)"
NRIP1,0.701,-1.5,-1.1,-1.3,"Opposite (HZ Up, RZV Down)"
NEIL1,0.092,-1.3,-1.1,-0.1,"Opposite (HZ Up, RZV Down)"
NEDD4,0.073,-1.2,0.8,0.8,"Opposite (HZ Up, RZV Down)"
NEB,0.052,-0.9,-0.4,-0.3,"Opposite (HZ Up, RZV Down)"
NDUFAF3,1.126,-0.7,-0.9,-0.3,"Opposite (HZ Up, RZV Down)"
NDFIP2,0.106,-0.6,-0.3,0.1,"Opposite (HZ Up, RZV Down)"
NDC1,0.086,-0.6,-0.2,-0.2,"Opposite (HZ Up, RZV Down)"
NCKAP1,0.078,-2.6,-2.6,-1.0,"Opposite (HZ Up, RZV Down)"
NCEH1,0.078,-0.8,-0.3,-0.1,"Opposite (HZ Up, RZV Down)"
NBPF9,0.21,-1.0,-0.3,-0.6,"Opposite (HZ Up, RZV Down)"
NBPF8,0.43,-0.6,0.3,-1.1,"Opposite (HZ Up, RZV Down)"
NBPF26,0.012,-1.0,0.4,-0.2,"Opposite (HZ Up, RZV Down)"
NBPF20,0.094,-3.2,1.1,-1.6,"Opposite (HZ Up, RZV Down)"
NBPF19,0.649,-1.4,-0.9,-0.4,"Opposite (HZ Up, RZV Down)"
NBPF17P,0.038,-1.1,-0.3,-1.0,"Opposite (HZ Up, RZV Down)"
NBPF14,0.207,-0.9,-0.8,-1.2,"Opposite (HZ Up, RZV Down)"
NBPF1,0.243,-1.6,-0.4,-0.4,"Opposite (HZ Up, RZV Down)"
SNORD14A,0.181,-1.4,-2.2,-1.1,"Opposite (HZ Up, RZV Down)"
NEK1,0.252,-0.9,-0.2,-0.5,"Opposite (HZ Up, RZV Down)"
NEK11,0.015,-4.0,-3.8,-0.6,"Opposite (HZ Up, RZV Down)"
NEK8,0.033,-3.7,-0.6,0.6,"Opposite (HZ Up, RZV Down)"
NEO1,0.121,-2.5,-3.2,-2.5,"Opposite (HZ Up, RZV Down)"
NRAV,0.029,-2.7,-0.7,-1.1,"Opposite (HZ Up, RZV Down)"
NPTXR,0.062,-3.2,-2.8,-0.5,"Opposite (HZ Up, RZV Down)"
NPR2,0.073,-1.8,-0.8,2.3,"Opposite (HZ Up, RZV Down)"
NMNAT3,0.027,-0.7,-0.2,1.7,"Opposite (HZ Up, RZV Down)"
NME4,0.281,-5.6,-8.1,-0.1,"Opposite (HZ Up, RZV Down)"
NLRP6,0.008,-0.6,-0.9,-0.5,"Opposite (HZ Up, RZV Down)"
NLRP3,0.02,-1.3,0.4,-0.4,"Opposite (HZ Up, RZV Down)"
NLN,0.044,-0.7,-0.4,-0.4,"Opposite (HZ Up, RZV Down)"
NRP2,0.007,-2.2,0.6,-2.1,"Opposite (HZ Up, RZV Down)"
NKILA,0.033,-4.2,-4.7,-2.8,"Opposite (HZ Up, RZV Down)"
NID1,0.027,-0.8,-0.3,-0.2,"Opposite (HZ Up, RZV Down)"
NHLH1,0.004,-2.2,-2.0,-1.4,"Opposite (HZ Up, RZV Down)"
NFKBIZ,0.296,-0.6,-0.5,0.0,"Opposite (HZ Up, RZV Down)"
NFKBIL1,0.072,-4.4,-0.6,0.2,"Opposite (HZ Up, RZV Down)"
NFKB2,0.006,-0.8,-0.2,-0.2,"Opposite (HZ Up, RZV Down)"
NFIC,0.017,-1.0,-0.9,-0.4,"Opposite (HZ Up, RZV Down)"
NEURL4,0.042,-0.9,-1.5,-1.9,"Opposite (HZ Up, RZV Down)"
NET1,0.475,-2.5,-2.2,-2.5,"Opposite (HZ Up, RZV Down)"
NIPSNAP1,0.382,-2.2,-2.0,-0.8,"Opposite (HZ Up, RZV Down)"
PEX1,0.357,-0.8,0.0,-1.2,"Opposite (HZ Up, RZV Down)"
PEX5,0.207,-1.5,-1.2,-0.4,"Opposite (HZ Up, RZV Down)"
PFKFB2,0.001,-4.7,-1.5,-4.4,"Opposite (HZ Up, RZV Down)"
PROSER2,0.011,-1.9,-2.3,-2.3,"Opposite (HZ Up, RZV Down)"
PRNP,0.715,-0.7,-0.3,-0.5,"Opposite (HZ Up, RZV Down)"
PRMT7,0.018,-0.8,0.1,-0.4,"Opposite (HZ Up, RZV Down)"
PRMT1,0.491,-0.6,-0.6,0.2,"Opposite (HZ Up, RZV Down)"
PRKD3,0.345,-0.7,-1.0,-0.4,"Opposite (HZ Up, RZV Down)"
PRKD2,0.165,-1.0,-0.9,-1.0,"Opposite (HZ Up, RZV Down)"
PRKCZ-AS1,0.004,-1.9,-1.9,-2.3,"Opposite (HZ Up, RZV Down)"
PRKCD,0.229,-0.7,-0.5,-1.6,"Opposite (HZ Up, RZV Down)"
PRKAG2,0.112,-0.8,-0.4,-0.0,"Opposite (HZ Up, RZV Down)"
PRG4,0.235,-0.9,-3.0,-2.0,"Opposite (HZ Up, RZV Down)"
PRCP,0.175,-0.8,-0.3,-0.3,"Opposite (HZ Up, RZV Down)"
PPP1R3E,0.195,-2.5,2.2,-1.2,"Opposite (HZ Up, RZV Down)"
PPP1R21,0.535,-0.6,-0.3,-0.6,"Opposite (HZ Up, RZV Down)"
PPP1R13L,0.013,-0.8,-1.3,-0.8,"Opposite (HZ Up, RZV Down)"
PPM1N,0.089,-1.3,-1.2,-0.2,"Opposite (HZ Up, RZV Down)"
PPM1L,0.005,-2.8,-3.7,-0.0,"Opposite (HZ Up, RZV Down)"
PPIP5K1,0.031,-1.9,-3.5,-1.1,"Opposite (HZ Up, RZV Down)"
PRR19,0.003,-0.8,-1.3,-1.4,"Opposite (HZ Up, RZV Down)"
PRR34-AS1,0.476,-1.7,-0.3,2.3,"Opposite (HZ Up, RZV Down)"
PRR5,0.423,-0.6,-1.3,-0.5,"Opposite (HZ Up, RZV Down)"
PRR7,0.022,-1.2,-0.7,-2.0,"Opposite (HZ Up, RZV Down)"
PWWP2B,0.044,-2.5,-2.6,-0.1,"Opposite (HZ Up, RZV Down)"
PVR,0.045,-2.6,-4.2,-3.0,"Opposite (HZ Up, RZV Down)"
PURA,0.12,-0.6,-0.1,-0.5,"Opposite (HZ Up, RZV Down)"
PTPRN2,0.077,-1.6,-0.7,-1.3,"Opposite (HZ Up, RZV Down)"
PTPN9,0.129,-0.8,-0.6,-0.3,"Opposite (HZ Up, RZV Down)"
PTPN4,0.566,-0.6,-0.7,-0.4,"Opposite (HZ Up, RZV Down)"
PTPN13,0.067,-0.6,-1.7,-1.1,"Opposite (HZ Up, RZV Down)"
PTPDC1,0.026,-1.1,-3.4,-2.2,"Opposite (HZ Up, RZV Down)"
PPIH,0.535,-0.6,-0.5,0.1,"Opposite (HZ Up, RZV Down)"
PTP4A3,0.207,-2.1,-3.0,0.0,"Opposite (HZ Up, RZV Down)"
PTK2,0.117,-3.1,-3.7,-0.1,"Opposite (HZ Up, RZV Down)"
PTGR2,0.204,-0.8,-2.1,-1.1,"Opposite (HZ Up, RZV Down)"
PTGFRN,0.021,-1.1,0.1,0.1,"Opposite (HZ Up, RZV Down)"
PTGER2,0.304,-1.8,-2.2,-0.6,"Opposite (HZ Up, RZV Down)"
PTGDR,0.068,-2.8,-4.8,0.9,"Opposite (HZ Up, RZV Down)"
PSTPIP2,0.338,-3.1,-2.8,-0.1,"Opposite (HZ Up, RZV Down)"
PSD3,0.007,-1.1,0.3,-1.3,"Opposite (HZ Up, RZV Down)"
PRSS36,0.075,-0.6,0.1,-0.9,"Opposite (HZ Up, RZV Down)"
PTP4A1,1.429,-0.6,-0.4,-0.1,"Opposite (HZ Up, RZV Down)"
POP5,0.377,-0.7,0.1,-0.1,"Opposite (HZ Up, RZV Down)"
POLR3G,0.028,-1.5,0.1,0.8,"Opposite (HZ Up, RZV Down)"
POLR2A,0.189,-0.7,-0.4,-1.4,"Opposite (HZ Up, RZV Down)"
PLA2G12A,0.307,-1.9,-2.3,-1.3,"Opposite (HZ Up, RZV Down)"
PKP4,0.179,-2.3,-1.9,0.4,"Opposite (HZ Up, RZV Down)"
PKNOX1,0.272,-0.8,-0.4,-0.0,"Opposite (HZ Up, RZV Down)"
PKD1P6,0.046,-1.2,0.0,-0.1,"Opposite (HZ Up, RZV Down)"
PIP4P2,0.301,-0.6,-1.0,1.1,"Opposite (HZ Up, RZV Down)"
PIK3R1,0.092,-1.2,-0.2,-0.3,"Opposite (HZ Up, RZV Down)"
PIK3CD-AS2,0.01,-0.9,-2.3,-0.3,"Opposite (HZ Up, RZV Down)"
PIK3CB,0.378,-1.3,-0.9,-0.7,"Opposite (HZ Up, RZV Down)"
PLAC8,1.922,-0.6,-1.0,-1.1,"Opposite (HZ Up, RZV Down)"
PIK3C2A,0.601,-0.9,-0.1,0.3,"Opposite (HZ Up, RZV Down)"
PHOSPHO2,0.152,-0.7,1.0,-2.6,"Opposite (HZ Up, RZV Down)"
PHLDA2,0.046,-3.7,-6.0,1.6,"Opposite (HZ Up, RZV Down)"
PHLDA1,0.022,-0.6,-0.3,-0.2,"Opposite (HZ Up, RZV Down)"
PHC1,0.37,-1.7,-1.0,-2.1,"Opposite (HZ Up, RZV Down)"
PGPEP1,0.124,-1.4,-0.5,1.3,"Opposite (HZ Up, RZV Down)"
PGM3,0.079,-0.7,0.0,0.2,"Opposite (HZ Up, RZV Down)"
PGBD4,0.131,-2.1,3.6,2.9,"Opposite (HZ Up, RZV Down)"
PGAP1,0.202,-0.8,-0.3,-0.3,"Opposite (HZ Up, RZV Down)"
PICK1,0.096,-1.1,-4.2,-0.9,"Opposite (HZ Up, RZV Down)"
QPCTL,0.026,-0.6,-1.5,-1.8,"Opposite (HZ Up, RZV Down)"
PLEK,0.278,-0.8,-0.9,-0.2,"Opposite (HZ Up, RZV Down)"
PLEKHA1,0.465,-1.4,-0.7,-0.7,"Opposite (HZ Up, RZV Down)"
POLA2,0.235,-2.2,-1.1,0.6,"Opposite (HZ Up, RZV Down)"
POC1A,0.015,-1.6,-2.5,-1.5,"Opposite (HZ Up, RZV Down)"
PNPLA4,0.158,-1.9,-1.7,-0.4,"Opposite (HZ Up, RZV Down)"
PMS2,0.237,-0.8,-1.1,-2.2,"Opposite (HZ Up, RZV Down)"
PMEPA1,0.124,-1.6,-1.1,0.1,"Opposite (HZ Up, RZV Down)"
PM20D2,0.18,-1.8,-3.1,-1.7,"Opposite (HZ Up, RZV Down)"
PM20D1,0.013,-1.2,1.2,-1.5,"Opposite (HZ Up, RZV Down)"
PLXNA3,0.035,-1.1,-3.4,-1.4,"Opposite (HZ Up, RZV Down)"
PLEK2,0.05,-4.7,-7.0,-2.9,"Opposite (HZ Up, RZV Down)"
PLXNA2,0.01,-1.3,0.2,0.6,"Opposite (HZ Up, RZV Down)"
PLS1,0.028,-4.7,-3.2,0.7,"Opposite (HZ Up, RZV Down)"
PLP2,0.882,-1.1,-0.3,-0.2,"Opposite (HZ Up, RZV Down)"
PLOD1,0.04,-1.2,-0.4,-2.1,"Opposite (HZ Up, RZV Down)"
PLEKHO2,0.403,-3.6,-1.1,-1.5,"Opposite (HZ Up, RZV Down)"
PLEKHM3,0.097,-1.2,-3.1,0.3,"Opposite (HZ Up, RZV Down)"
PLEKHH2,0.075,-2.9,-2.5,-1.8,"Opposite (HZ Up, RZV Down)"
PLEKHB1,0.32,-2.3,-3.4,2.5,"Opposite (HZ Up, RZV Down)"
PLEKHA8,0.214,-0.9,-1.1,0.4,"Opposite (HZ Up, RZV Down)"
PLXDC1,0.161,-3.6,0.5,-4.1,"Opposite (HZ Up, RZV Down)"
SNORD46,0.026,-1.3,-0.6,-2.7,"Opposite (HZ Up, RZV Down)"
UGP2,0.716,-0.7,-0.8,0.1,"Opposite (HZ Up, RZV Down)"
SNORD99,0.033,-1.9,-0.7,-0.8,"Opposite (HZ Up, RZV Down)"
ZBTB18,0.215,-1.5,-2.8,-3.7,"Opposite (HZ Up, RZV Down)"
ZBTB11-AS1,0.125,-0.6,3.1,2.1,"Opposite (HZ Up, RZV Down)"
ZBTB10,0.065,-1.6,-2.5,-1.3,"Opposite (HZ Up, RZV Down)"
YPEL1,0.02,-0.6,0.5,-0.7,"Opposite (HZ Up, RZV Down)"
YOD1,0.287,-1.0,-0.7,-1.4,"Opposite (HZ Up, RZV Down)"
YIPF6,0.342,-0.7,-0.4,-0.2,"Opposite (HZ Up, RZV Down)"
YIPF2,0.107,-1.3,0.6,0.7,"Opposite (HZ Up, RZV Down)"
XRCC3,0.022,-1.8,-0.9,-3.0,"Opposite (HZ Up, RZV Down)"
XPR1,0.036,-1.3,-0.6,0.1,"Opposite (HZ Up, RZV Down)"
XKR8,0.062,-1.8,1.5,-0.3,"Opposite (HZ Up, RZV Down)"
XIAP,0.969,-0.6,-0.4,-0.5,"Opposite (HZ Up, RZV Down)"
XCL2,0.149,-1.7,-1.6,-0.0,"Opposite (HZ Up, RZV Down)"
XCL1,0.065,-2.3,-2.1,-0.6,"Opposite (HZ Up, RZV Down)"
XAF1,1.034,-0.6,-0.2,0.3,"Opposite (HZ Up, RZV Down)"
WNT2B,0.009,-2.0,0.3,1.5,"Opposite (HZ Up, RZV Down)"
WDR90,0.007,-1.8,-0.4,0.8,"Opposite (HZ Up, RZV Down)"
WDR53,0.02,-0.9,-0.3,-0.2,"Opposite (HZ Up, RZV Down)"
ZBTB20-AS1,0.023,-3.9,-2.5,-3.7,"Opposite (HZ Up, RZV Down)"
ZBTB45,0.069,-0.8,0.1,-1.0,"Opposite (HZ Up, RZV Down)"
ZC3H6,0.54,-0.8,-0.9,-0.7,"Opposite (HZ Up, RZV Down)"
ZC3H7B,0.382,-0.6,0.2,-0.3,"Opposite (HZ Up, RZV Down)"
ZNF117,0.086,-0.7,-0.4,0.7,"Opposite (HZ Up, RZV Down)"
ZNF107,0.374,-0.6,-0.7,-0.4,"Opposite (HZ Up, RZV Down)"
ZMYM3,0.224,-1.0,0.6,-1.1,"Opposite (HZ Up, RZV Down)"
ZMIZ1-AS1,0.005,-1.7,-1.0,-1.7,"Opposite (HZ Up, RZV Down)"
ZIK1,0.066,-2.9,-2.0,-1.0,"Opposite (HZ Up, RZV Down)"
ZFYVE9,0.062,-1.0,-4.5,-2.7,"Opposite (HZ Up, RZV Down)"
ZFYVE21,0.187,-0.9,0.3,1.5,"Opposite (HZ Up, RZV Down)"
ZFP90,0.471,-1.8,-2.5,-3.2,"Opposite (HZ Up, RZV Down)"
WDR27,0.351,-1.8,0.4,-0.7,"Opposite (HZ Up, RZV Down)"
ZFP69,0.107,-1.7,0.4,-0.8,"Opposite (HZ Up, RZV Down)"
ZFP37,0.222,-2.6,-1.5,-3.8,"Opposite (HZ Up, RZV Down)"
ZFP30,0.228,-1.8,0.9,-2.5,"Opposite (HZ Up, RZV Down)"
ZFP28,0.158,-2.7,-2.6,2.6,"Opposite (HZ Up, RZV Down)"
ZFHX2,0.006,-3.6,-3.1,-4.8,"Opposite (HZ Up, RZV Down)"
ZFAS1,0.458,-0.7,-0.7,-0.3,"Opposite (HZ Up, RZV Down)"
ZDHHC23,0.077,-0.8,-0.3,-0.3,"Opposite (HZ Up, RZV Down)"
ZDBF2,0.017,-0.9,-1.1,-0.8,"Opposite (HZ Up, RZV Down)"
ZCCHC24,0.001,-1.1,0.4,-1.3,"Opposite (HZ Up, RZV Down)"
ZFP62,0.369,-0.8,-1.0,-0.6,"Opposite (HZ Up, RZV Down)"
ZNF132,0.017,-1.1,-1.4,-1.1,"Opposite (HZ Up, RZV Down)"
WBP1,0.044,-0.9,1.0,0.5,"Opposite (HZ Up, RZV Down)"
VTRNA1-1,0.103,-0.8,-0.0,0.0,"Opposite (HZ Up, RZV Down)"
NAV1,0.111,-2.9,-3.4,-2.1,"Opposite (HZ Up, RZV Down)"
UBXN10,0.014,-4.8,-5.5,-3.3,"Opposite (HZ Up, RZV Down)"
UBL3,0.27,-1.2,-0.2,-0.9,"Opposite (HZ Up, RZV Down)"
UBE2T,0.363,-0.6,-0.7,-0.1,"Opposite (HZ Up, RZV Down)"
UBE2D4,0.241,-0.7,-0.5,-0.3,"Opposite (HZ Up, RZV Down)"
UBE2C,0.015,-1.2,1.5,-2.2,"Opposite (HZ Up, RZV Down)"
TXNDC16,0.294,-0.8,-0.7,-1.3,"Opposite (HZ Up, RZV Down)"
TWSG1,0.135,-1.5,0.1,-0.3,"Opposite (HZ Up, RZV Down)"
TVP23C,0.111,-1.5,0.4,0.6,"Opposite (HZ Up, RZV Down)"
TUBE1,0.287,-0.8,-1.1,0.2,"Opposite (HZ Up, RZV Down)"
TUBB4B,0.294,-0.8,-0.4,-0.2,"Opposite (HZ Up, RZV Down)"
TUBB2A,0.08,-6.7,-2.8,-0.6,"Opposite (HZ Up, RZV Down)"
TUBB,0.883,-1.5,-1.3,-0.5,"Opposite (HZ Up, RZV Down)"
TUBA4A,0.853,-1.1,-0.6,0.2,"Opposite (HZ Up, RZV Down)"
TUBA1C,0.343,-0.7,-0.5,-0.2,"Opposite (HZ Up, RZV Down)"
TUBA1B,0.698,-1.2,-0.8,-0.0,"Opposite (HZ Up, RZV Down)"
TTYH3,0.004,-0.6,-0.8,-1.5,"Opposite (HZ Up, RZV Down)"
ULK2,0.191,-2.1,-0.1,-5.1,"Opposite (HZ Up, RZV Down)"
ULK3,0.933,-0.6,0.3,-0.6,"Opposite (HZ Up, RZV Down)"
UNC119,0.897,-0.7,-0.2,1.5,"Opposite (HZ Up, RZV Down)"
UNC13D,0.085,-2.6,-1.4,-3.4,"Opposite (HZ Up, RZV Down)"
VSTM4,0.011,-0.7,1.2,-0.2,"Opposite (HZ Up, RZV Down)"
VSIG1,0.537,-2.1,-1.8,-0.8,"Opposite (HZ Up, RZV Down)"
VPS72,0.207,-0.6,-0.7,-0.1,"Opposite (HZ Up, RZV Down)"
VIPR1,0.295,-2.1,-3.0,-1.7,"Opposite (HZ Up, RZV Down)"
VIM,0.637,-1.0,-0.7,-0.8,"Opposite (HZ Up, RZV Down)"
VGLL4,0.306,-0.8,-2.0,-0.9,"Opposite (HZ Up, RZV Down)"
VCPIP1,0.562,-0.6,0.4,-0.5,"Opposite (HZ Up, RZV Down)"
VCL,0.709,-0.7,-0.8,-0.2,"Opposite (HZ Up, RZV Down)"
VTRNA1-3,0.099,-0.8,0.3,-0.2,"Opposite (HZ Up, RZV Down)"
UTS2,0.136,-1.3,1.1,-0.9,"Opposite (HZ Up, RZV Down)"
USP6NL,0.061,-1.2,-2.9,-3.4,"Opposite (HZ Up, RZV Down)"
USP53,0.334,-1.8,-1.8,-1.0,"Opposite (HZ Up, RZV Down)"
USP46,0.295,-0.9,-0.9,-0.2,"Opposite (HZ Up, RZV Down)"
USP40,0.248,-1.7,-0.8,2.2,"Opposite (HZ Up, RZV Down)"
USP28,0.379,-1.0,-1.4,-0.7,"Opposite (HZ Up, RZV Down)"
URGCP,0.032,-1.1,-1.0,-0.8,"Opposite (HZ Up, RZV Down)"
URB2,0.047,-0.7,-0.8,-1.0,"Opposite (HZ Up, RZV Down)"
UPP1,0.397,-1.1,-0.5,-0.1,"Opposite (HZ Up, RZV Down)"
USPL1,0.474,-0.8,-0.1,-0.2,"Opposite (HZ Up, RZV Down)"
ZNF142,0.208,-0.6,0.1,-0.9,"Opposite (HZ Up, RZV Down)"
ZNF155,0.119,-0.7,-0.5,-1.0,"Opposite (HZ Up, RZV Down)"
ZNF165,0.031,-3.3,-1.9,-2.1,"Opposite (HZ Up, RZV Down)"
ZNF654,0.518,-0.6,-0.3,-0.9,"Opposite (HZ Up, RZV Down)"
ZNF629,0.095,-5.7,-5.3,-4.7,"Opposite (HZ Up, RZV Down)"
ZNF627,0.114,-1.7,-2.0,-0.1,"Opposite (HZ Up, RZV Down)"
ZNF626,0.809,-4.5,-3.3,0.1,"Opposite (HZ Up, RZV Down)"
ZNF624,0.128,-2.2,1.5,1.2,"Opposite (HZ Up, RZV Down)"
ZNF623,0.397,-1.1,-3.2,-1.1,"Opposite (HZ Up, RZV Down)"
ZNF609,0.158,-0.8,-0.5,-1.0,"Opposite (HZ Up, RZV Down)"
ZNF605,0.579,-1.0,0.3,-0.0,"Opposite (HZ Up, RZV Down)"
ZNF600,0.044,-1.7,-1.6,0.3,"Opposite (HZ Up, RZV Down)"
ZNF585B,0.232,-0.7,-1.4,-0.6,"Opposite (HZ Up, RZV Down)"
ZNF582,0.08,-1.4,-2.2,1.3,"Opposite (HZ Up, RZV Down)"
ZNF578,0.094,-3.1,-3.3,0.1,"Opposite (HZ Up, RZV Down)"
ZNF577,0.117,-0.8,1.2,-1.7,"Opposite (HZ Up, RZV Down)"
ZNF573,0.331,-1.5,-1.4,-0.5,"Opposite (HZ Up, RZV Down)"
ZNF566,0.456,-1.2,-0.8,0.5,"Opposite (HZ Up, RZV Down)"
ZNF562,0.282,-0.7,-0.8,-0.5,"Opposite (HZ Up, RZV Down)"
ZNF561-AS1,0.103,-0.8,0.0,2.2,"Opposite (HZ Up, RZV Down)"
ZNF665,0.048,-1.7,-1.4,-0.9,"Opposite (HZ Up, RZV Down)"
ZNF667-AS1,0.002,-3.4,-5.0,-4.2,"Opposite (HZ Up, RZV Down)"
ZNF669,0.287,-0.9,-1.0,-0.4,"Opposite (HZ Up, RZV Down)"
ZNF677,0.109,-3.3,-5.9,0.5,"Opposite (HZ Up, RZV Down)"
ZP3,0.041,-3.0,-4.3,-2.2,"Opposite (HZ Up, RZV Down)"
ZNF93,0.128,-2.6,-4.7,-1.7,"Opposite (HZ Up, RZV Down)"
ZNF891,0.317,-1.5,-1.1,-1.0,"Opposite (HZ Up, RZV Down)"
ZNF850,0.068,-1.0,-1.5,-0.0,"Opposite (HZ Up, RZV Down)"
ZNF846,0.193,-1.1,-3.3,0.4,"Opposite (HZ Up, RZV Down)"
ZNF844,0.488,-1.0,0.2,2.9,"Opposite (HZ Up, RZV Down)"
ZNF841,0.4,-1.9,-0.4,-0.4,"Opposite (HZ Up, RZV Down)"
ZNF84,0.066,-0.6,-0.5,0.3,"Opposite (HZ Up, RZV Down)"
ZNF559,0.576,-1.4,-0.4,-0.3,"Opposite (HZ Up, RZV Down)"
ZNF836,0.585,-0.8,-1.2,0.9,"Opposite (HZ Up, RZV Down)"
ZNF823,0.058,-1.3,1.5,1.6,"Opposite (HZ Up, RZV Down)"
ZNF799,0.146,-2.7,-1.1,0.9,"Opposite (HZ Up, RZV Down)"
ZNF793-AS1,0.045,-2.9,-1.8,-2.9,"Opposite (HZ Up, RZV Down)"
ZNF793,0.265,-3.2,-2.4,-2.9,"Opposite (HZ Up, RZV Down)"
ZNF775,0.005,-0.9,1.2,0.4,"Opposite (HZ Up, RZV Down)"
ZNF74,0.161,-3.1,-4.3,-3.3,"Opposite (HZ Up, RZV Down)"
ZNF721,0.164,-0.6,-0.5,-0.2,"Opposite (HZ Up, RZV Down)"
ZNF717,0.076,-1.3,1.0,-0.7,"Opposite (HZ Up, RZV Down)"
ZNF835,0.096,-1.9,-1.3,0.4,"Opposite (HZ Up, RZV Down)"
ZNF555,0.117,-2.4,-1.5,-0.0,"Opposite (HZ Up, RZV Down)"
ZNF554,0.004,-2.5,0.2,-0.4,"Opposite (HZ Up, RZV Down)"
ZNF549,0.065,-0.7,-1.6,-1.1,"Opposite (HZ Up, RZV Down)"
ZNF285,0.05,-1.8,-1.7,-1.6,"Opposite (HZ Up, RZV Down)"
ZNF284,0.098,-0.6,1.2,0.0,"Opposite (HZ Up, RZV Down)"
ZNF283,0.073,-0.9,0.4,0.3,"Opposite (HZ Up, RZV Down)"
ZNF280B,0.144,-1.1,-1.7,1.9,"Opposite (HZ Up, RZV Down)"
ZNF274,0.285,-1.1,-0.7,0.6,"Opposite (HZ Up, RZV Down)"
ZNF268,0.24,-1.2,-0.0,-0.3,"Opposite (HZ Up, RZV Down)"
ZNF257,0.116,-0.7,-1.0,0.3,"Opposite (HZ Up, RZV Down)"
ZNF256,0.164,-0.8,-1.0,0.2,"Opposite (HZ Up, RZV Down)"
ZNF32,0.482,-0.6,-0.1,-0.1,"Opposite (HZ Up, RZV Down)"
ZNF248,0.224,-1.2,-2.0,-1.6,"Opposite (HZ Up, RZV Down)"
ZNF232,0.113,-0.7,-0.1,0.3,"Opposite (HZ Up, RZV Down)"
ZNF23,0.034,-1.1,-1.6,0.3,"Opposite (HZ Up, RZV Down)"
ZNF223,0.031,-1.1,-0.8,2.0,"Opposite (HZ Up, RZV Down)"
ZNF22,0.633,-0.8,-0.4,0.2,"Opposite (HZ Up, RZV Down)"
ZNF219,0.036,-2.4,-1.3,-0.8,"Opposite (HZ Up, RZV Down)"
ZNF215,0.009,-1.4,1.1,-1.9,"Opposite (HZ Up, RZV Down)"
ZNF208,0.049,-2.6,-4.5,-0.9,"Opposite (HZ Up, RZV Down)"
ZNF182,0.564,-1.7,1.0,-0.3,"Opposite (HZ Up, RZV Down)"
ZNF239,0.153,-1.0,-3.0,-0.4,"Opposite (HZ Up, RZV Down)"
TTLL4,0.027,-0.7,-0.4,0.6,"Opposite (HZ Up, RZV Down)"
ZNF329,0.08,-4.6,-2.1,-3.1,"Opposite (HZ Up, RZV Down)"
ZNF347,0.175,-0.9,-5.7,-5.9,"Opposite (HZ Up, RZV Down)"
ZNF530,0.007,-2.4,1.0,-0.3,"Opposite (HZ Up, RZV Down)"
ZNF528-AS1,0.024,-1.3,-1.0,1.7,"Opposite (HZ Up, RZV Down)"
ZNF519,0.09,-0.9,-2.2,-0.8,"Opposite (HZ Up, RZV Down)"
ZNF502,0.042,-1.0,3.4,0.1,"Opposite (HZ Up, RZV Down)"
ZNF493,0.694,-0.8,0.5,0.7,"Opposite (HZ Up, RZV Down)"
ZNF480,0.539,-0.6,0.3,-0.0,"Opposite (HZ Up, RZV Down)"
ZNF473,0.124,-0.6,0.1,0.3,"Opposite (HZ Up, RZV Down)"
ZNF470,0.163,-2.9,-2.8,-1.7,"Opposite (HZ Up, RZV Down)"
ZNF34,0.142,-2.0,-1.4,4.5,"Opposite (HZ Up, RZV Down)"
ZNF460-AS1,0.019,-2.1,-1.9,-1.2,"Opposite (HZ Up, RZV Down)"
ZNF442,0.06,-1.4,-2.0,-2.1,"Opposite (HZ Up, RZV Down)"
ZNF436-AS1,0.07,-1.3,-0.0,-0.2,"Opposite (HZ Up, RZV Down)"
ZNF429,0.015,-0.8,-1.0,-0.8,"Opposite (HZ Up, RZV Down)"
ZNF418,0.036,-1.4,-1.1,1.2,"Opposite (HZ Up, RZV Down)"
ZNF395,0.35,-1.6,-1.4,-2.8,"Opposite (HZ Up, RZV Down)"
ZNF391,0.161,-2.1,-1.0,0.2,"Opposite (HZ Up, RZV Down)"
ZNF383,0.38,-0.6,-0.3,-0.7,"Opposite (HZ Up, RZV Down)"
ZNF365,0.069,-2.4,-4.1,-3.4,"Opposite (HZ Up, RZV Down)"
ZNF443,0.08,-2.9,-1.0,1.8,"Opposite (HZ Up, RZV Down)"
SNORD89,0.202,-0.7,-0.7,0.1,"Opposite (HZ Up, RZV Down)"
TTC9C,0.733,-0.0,-0.0,-0.3,"Opposite (HZ Up, RZV Down)"
TTC39C-AS1,0.236,-1.6,-2.0,-1.8,"Opposite (HZ Up, RZV Down)"
TCEAL4,0.274,-3.0,-2.8,-1.4,"Opposite (HZ Up, RZV Down)"
TCEAL2,0.03,-2.4,-3.5,-2.1,"Opposite (HZ Up, RZV Down)"
TCEAL1,0.235,-5.2,-4.5,-1.2,"Opposite (HZ Up, RZV Down)"
TCEA3,0.425,-1.7,-0.4,-1.5,"Opposite (HZ Up, RZV Down)"
TCAIM,0.198,-1.1,-2.5,-1.6,"Opposite (HZ Up, RZV Down)"
TC2N,0.799,-0.6,0.3,-0.2,"Opposite (HZ Up, RZV Down)"
TBKBP1,0.013,-1.5,-0.7,-1.2,"Opposite (HZ Up, RZV Down)"
TBC1D8B,0.008,-1.5,-3.4,-2.3,"Opposite (HZ Up, RZV Down)"
TBC1D32,0.241,-2.5,-0.1,-1.8,"Opposite (HZ Up, RZV Down)"
TAS2R14,0.036,-1.2,-1.2,-2.5,"Opposite (HZ Up, RZV Down)"
TAF7,0.556,-0.6,-0.6,-0.1,"Opposite (HZ Up, RZV Down)"
TAF1A-AS1,0.071,-0.6,0.4,-0.1,"Opposite (HZ Up, RZV Down)"
TAB1,0.015,-1.0,-2.1,-1.9,"Opposite (HZ Up, RZV Down)"
SYPL1,0.766,-1.0,-1.0,-0.2,"Opposite (HZ Up, RZV Down)"
SYP,0.005,-0.7,0.3,0.8,"Opposite (HZ Up, RZV Down)"
SYNM,0.029,-1.3,-1.8,-3.3,"Opposite (HZ Up, RZV Down)"
SYNJ2BP,0.959,-1.3,-2.3,-0.9,"Opposite (HZ Up, RZV Down)"
TCF20,0.212,-1.0,-1.8,-0.5,"Opposite (HZ Up, RZV Down)"
TCF7L2,0.067,-4.8,-4.9,-2.6,"Opposite (HZ Up, RZV Down)"
TCP11L1,0.16,-1.2,-0.4,-0.3,"Opposite (HZ Up, RZV Down)"
TCTN1,0.007,-2.7,-2.3,-1.0,"Opposite (HZ Up, RZV Down)"
TMEM126A,0.409,-0.6,-0.6,0.0,"Opposite (HZ Up, RZV Down)"
TMEM106B,1.173,-0.7,-0.9,-0.4,"Opposite (HZ Up, RZV Down)"
TM7SF2,0.179,-0.9,-0.4,1.1,"Opposite (HZ Up, RZV Down)"
TLR1,0.246,-1.4,-3.4,-2.8,"Opposite (HZ Up, RZV Down)"
TKFC,0.026,-1.1,-1.4,-3.9,"Opposite (HZ Up, RZV Down)"
TIGD7,0.236,-2.8,-2.6,-1.5,"Opposite (HZ Up, RZV Down)"
TIFA,0.515,-0.8,-1.4,-0.8,"Opposite (HZ Up, RZV Down)"
THNSL1,0.306,-0.9,-1.0,-0.8,"Opposite (HZ Up, RZV Down)"
SYCP3,0.013,-2.8,-0.2,-1.5,"Opposite (HZ Up, RZV Down)"
THEM4,0.252,-0.7,-0.9,-0.0,"Opposite (HZ Up, RZV Down)"
THAP2,0.238,-1.2,-0.9,-0.4,"Opposite (HZ Up, RZV Down)"
TGFBRAP1,0.192,-1.0,-0.9,-1.0,"Opposite (HZ Up, RZV Down)"
TGFA,0.001,-3.1,-2.5,-0.1,"Opposite (HZ Up, RZV Down)"
TFRC,0.274,-0.6,-0.4,-0.1,"Opposite (HZ Up, RZV Down)"
TESMIN,0.027,-2.4,-3.0,-0.5,"Opposite (HZ Up, RZV Down)"
TESK1,0.131,-0.7,-0.5,-0.3,"Opposite (HZ Up, RZV Down)"
TES,0.857,-0.9,-0.2,-0.5,"Opposite (HZ Up, RZV Down)"
TDRD7,0.309,-0.9,-0.1,0.8,"Opposite (HZ Up, RZV Down)"
THBS1,0.004,-4.1,-3.5,-3.4,"Opposite (HZ Up, RZV Down)"
TMEM150A,0.179,-1.3,-2.3,0.4,"Opposite (HZ Up, RZV Down)"
SVIP,0.055,-0.6,-0.9,0.4,"Opposite (HZ Up, RZV Down)"
SV2A,0.008,-2.3,-2.1,-4.2,"Opposite (HZ Up, RZV Down)"
SPIRE1,0.023,-2.7,1.3,2.0,"Opposite (HZ Up, RZV Down)"
SPINT2,1.513,-7.0,-5.8,-1.1,"Opposite (HZ Up, RZV Down)"
SPINK2,0.031,-1.1,-3.5,1.0,"Opposite (HZ Up, RZV Down)"
SPIN3,0.196,-5.2,-2.4,-1.1,"Opposite (HZ Up, RZV Down)"
SPATS2,0.275,-1.6,-2.9,0.2,"Opposite (HZ Up, RZV Down)"
SPATA33,0.084,-0.6,0.7,0.4,"Opposite (HZ Up, RZV Down)"
SPART,0.449,-1.8,-2.1,-0.9,"Opposite (HZ Up, RZV Down)"
SPAG16,0.374,-1.4,1.1,2.0,"Opposite (HZ Up, RZV Down)"
SOX8,0.022,-1.8,-1.5,-2.0,"Opposite (HZ Up, RZV Down)"
SORT1,0.097,-1.2,0.2,0.7,"Opposite (HZ Up, RZV Down)"
SORBS1,0.022,-0.7,-3.0,-2.1,"Opposite (HZ Up, RZV Down)"
SOCS2,0.182,-0.7,-1.3,0.4,"Opposite (HZ Up, RZV Down)"
SNX24,0.011,-2.9,-1.3,0.5,"Opposite (HZ Up, RZV Down)"
SNX18,0.176,-2.3,-2.0,-3.1,"Opposite (HZ Up, RZV Down)"
SNURF,0.194,-1.1,-0.6,-0.2,"Opposite (HZ Up, RZV Down)"
SNTB1,0.15,-1.6,-0.2,-0.0,"Opposite (HZ Up, RZV Down)"
SNRK,0.523,-0.8,-0.1,-0.5,"Opposite (HZ Up, RZV Down)"
SPON1,0.008,-2.5,2.4,1.0,"Opposite (HZ Up, RZV Down)"
SPRYD3,0.289,-0.7,-1.3,-0.2,"Opposite (HZ Up, RZV Down)"
SPRYD4,0.12,-0.6,-0.2,-1.0,"Opposite (HZ Up, RZV Down)"
SPRYD7,0.129,-1.8,-3.3,1.2,"Opposite (HZ Up, RZV Down)"
STXBP1,0.039,-1.9,-1.5,-1.4,"Opposite (HZ Up, RZV Down)"
STX1A,0.022,-1.0,1.4,1.5,"Opposite (HZ Up, RZV Down)"
STX19,0.01,-0.9,0.8,-1.5,"Opposite (HZ Up, RZV Down)"
STPG1,0.226,-0.6,-0.2,-0.9,"Opposite (HZ Up, RZV Down)"
STOM,0.269,-1.9,-2.6,-1.5,"Opposite (HZ Up, RZV Down)"
STN1,0.07,-0.8,-1.5,-0.0,"Opposite (HZ Up, RZV Down)"
STK38L,0.184,-0.6,-0.2,0.5,"Opposite (HZ Up, RZV Down)"
STK36,0.106,-0.6,-1.3,2.4,"Opposite (HZ Up, RZV Down)"
SVIL,0.219,-2.3,-1.8,-0.5,"Opposite (HZ Up, RZV Down)"
STK17B,0.597,-1.0,-0.6,-0.3,"Opposite (HZ Up, RZV Down)"
STARD3NL,0.286,-0.6,-0.3,0.1,"Opposite (HZ Up, RZV Down)"
STARD10,0.486,-1.2,-0.9,-0.4,"Opposite (HZ Up, RZV Down)"
SSBP3,0.151,-0.7,0.2,0.3,"Opposite (HZ Up, RZV Down)"
SSBP2,0.247,-3.2,-2.7,-5.6,"Opposite (HZ Up, RZV Down)"
SREBF1,0.16,-1.0,-0.7,-0.9,"Opposite (HZ Up, RZV Down)"
SRCAP,0.003,-0.8,-0.2,-0.8,"Opposite (HZ Up, RZV Down)"
SQLE,0.236,-0.6,-0.7,0.3,"Opposite (HZ Up, RZV Down)"
SPTBN4,0.007,-1.6,-1.3,-0.8,"Opposite (HZ Up, RZV Down)"
STARD5,0.166,-1.1,-0.2,-1.2,"Opposite (HZ Up, RZV Down)"
TMEM161B,0.479,-0.6,-0.4,-0.4,"Opposite (HZ Up, RZV Down)"
TMEM177,0.12,-0.7,-2.0,-2.1,"Opposite (HZ Up, RZV Down)"
TMEM184C,0.359,-0.7,-0.2,0.3,"Opposite (HZ Up, RZV Down)"
TRBV2,0.041,-1.0,0.1,-0.7,"Opposite (HZ Up, RZV Down)"
TRBV19,0.137,-1.2,0.0,0.2,"Opposite (HZ Up, RZV Down)"
TRBV18,0.265,-0.8,-1.3,0.5,"Opposite (HZ Up, RZV Down)"
TRBV14,0.172,-2.1,-1.6,-1.3,"Opposite (HZ Up, RZV Down)"
TRBV12-4,0.022,-1.4,-2.6,0.2,"Opposite (HZ Up, RZV Down)"
TRBV10-3,0.029,-3.3,-1.8,-2.7,"Opposite (HZ Up, RZV Down)"
TRAV9-2,0.03,-1.9,0.1,0.8,"Opposite (HZ Up, RZV Down)"
TRAV8-3,0.146,-1.0,0.8,0.0,"Opposite (HZ Up, RZV Down)"
TRAV41,0.116,-0.7,-1.4,-1.4,"Opposite (HZ Up, RZV Down)"
TRAV4,0.618,-0.9,-0.6,-1.0,"Opposite (HZ Up, RZV Down)"
TRAV34,0.015,-1.4,-1.5,-1.2,"Opposite (HZ Up, RZV Down)"
TRAV30,0.056,-3.8,-1.6,1.3,"Opposite (HZ Up, RZV Down)"
TRAV26-2,0.016,-2.0,-2.1,-1.9,"Opposite (HZ Up, RZV Down)"
TRAV26-1,0.091,-1.2,-0.9,-0.7,"Opposite (HZ Up, RZV Down)"
TRAV24,0.035,-2.5,-3.1,-2.9,"Opposite (HZ Up, RZV Down)"
TRAV22,0.054,-0.6,-4.7,-0.8,"Opposite (HZ Up, RZV Down)"
TRAV21,0.099,-2.2,1.4,-2.3,"Opposite (HZ Up, RZV Down)"
TRBV29-1,0.179,-1.6,-2.5,-3.0,"Opposite (HZ Up, RZV Down)"
TRBV3-1,0.098,-2.0,0.6,-0.7,"Opposite (HZ Up, RZV Down)"
TRBV4-1,0.088,-1.7,-2.7,-2.7,"Opposite (HZ Up, RZV Down)"
TRBV4-2,0.016,-0.7,-2.3,-1.0,"Opposite (HZ Up, RZV Down)"
TSPYL5,0.047,-1.0,-0.4,-2.6,"Opposite (HZ Up, RZV Down)"
TSPAN6,0.132,-1.8,-3.0,3.2,"Opposite (HZ Up, RZV Down)"
TSHZ1,0.158,-1.2,0.7,-0.6,"Opposite (HZ Up, RZV Down)"
TRMT2B,0.17,-1.7,-0.2,-2.4,"Opposite (HZ Up, RZV Down)"
TRMT11,0.417,-1.0,-1.3,-0.2,"Opposite (HZ Up, RZV Down)"
TRIP13,0.015,-0.9,0.1,0.1,"Opposite (HZ Up, RZV Down)"
TRIO,0.054,-1.5,1.3,-3.3,"Opposite (HZ Up, RZV Down)"
TRIM69,1.115,-0.7,-0.6,-0.5,"Opposite (HZ Up, RZV Down)"
TRAV20,0.047,-4.4,-4.4,-4.7,"Opposite (HZ Up, RZV Down)"
TRIM52,0.461,-0.8,-0.1,-0.6,"Opposite (HZ Up, RZV Down)"
TRIM26,0.329,-0.7,0.4,0.0,"Opposite (HZ Up, RZV Down)"
TRIM2,0.159,-3.3,0.4,-2.5,"Opposite (HZ Up, RZV Down)"
TRG-AS1,0.137,-0.8,-4.2,-3.1,"Opposite (HZ Up, RZV Down)"
TRERF1,0.134,-1.5,-2.5,-1.6,"Opposite (HZ Up, RZV Down)"
TRDMT1,0.401,-0.9,-0.6,-0.6,"Opposite (HZ Up, RZV Down)"
TRBV9,0.036,-1.5,2.0,-0.8,"Opposite (HZ Up, RZV Down)"
TRBV7-6,0.005,-1.1,-1.9,-0.6,"Opposite (HZ Up, RZV Down)"
TRBV7-3,0.016,-0.7,3.2,2.7,"Opposite (HZ Up, RZV Down)"
TRIM44,0.654,-1.0,-0.7,-0.2,"Opposite (HZ Up, RZV Down)"
TRAV2,0.038,-0.6,1.6,0.8,"Opposite (HZ Up, RZV Down)"
TRAV19,0.153,-2.3,-0.4,-0.4,"Opposite (HZ Up, RZV Down)"
TRAV17,0.247,-2.7,0.2,-1.0,"Opposite (HZ Up, RZV Down)"
TNFRSF10D,0.198,-4.2,-1.8,0.8,"Opposite (HZ Up, RZV Down)"
TNF,0.163,-1.1,-0.9,-0.4,"Opposite (HZ Up, RZV Down)"
TMTC3,0.09,-1.1,-0.3,-0.3,"Opposite (HZ Up, RZV Down)"
TMPO-AS1,0.096,-1.1,0.6,0.8,"Opposite (HZ Up, RZV Down)"
TMOD2,0.225,-2.3,2.3,1.2,"Opposite (HZ Up, RZV Down)"
TMEM81,0.054,-3.1,-4.5,-5.5,"Opposite (HZ Up, RZV Down)"
TMEM63B,0.042,-0.8,2.1,-0.2,"Opposite (HZ Up, RZV Down)"
TMEM63A,1.242,-2.4,1.0,-1.1,"Opposite (HZ Up, RZV Down)"
TNFRSF13C,0.086,-2.1,-1.7,-3.0,"Opposite (HZ Up, RZV Down)"
TMEM53,0.0,-0.6,1.8,3.6,"Opposite (HZ Up, RZV Down)"
TMEM25,0.223,-2.6,-1.0,-1.3,"Opposite (HZ Up, RZV Down)"
TMEM231,0.003,-1.9,-0.9,1.2,"Opposite (HZ Up, RZV Down)"
TMEM229B,0.061,-2.3,-1.5,-1.5,"Opposite (HZ Up, RZV Down)"
TMEM216,0.398,-0.7,-0.1,0.7,"Opposite (HZ Up, RZV Down)"
TMEM200A,0.033,-3.0,-0.1,-0.1,"Opposite (HZ Up, RZV Down)"
TMEM192,0.327,-0.6,-0.8,-0.5,"Opposite (HZ Up, RZV Down)"
TMEM19,0.488,-0.6,-0.7,-0.7,"Opposite (HZ Up, RZV Down)"
TMEM185B,0.08,-0.8,-0.1,-0.4,"Opposite (HZ Up, RZV Down)"
TMEM38B,0.248,-1.4,-0.8,-0.3,"Opposite (HZ Up, RZV Down)"
TTC8,0.046,-1.5,-1.9,-0.2,"Opposite (HZ Up, RZV Down)"
TNFSF10,1.557,-1.0,-1.2,-0.3,"Opposite (HZ Up, RZV Down)"
TNFSF14,0.271,-1.0,-0.6,-0.5,"Opposite (HZ Up, RZV Down)"
TRAV13-2,0.179,-0.7,-0.4,-1.5,"Opposite (HZ Up, RZV Down)"
TRAV12-3,0.236,-2.2,0.3,-2.5,"Opposite (HZ Up, RZV Down)"
TRAV1-2,0.076,-0.9,-2.0,1.3,"Opposite (HZ Up, RZV Down)"
TRAV1-1,0.011,-1.7,-3.2,0.1,"Opposite (HZ Up, RZV Down)"
TRAT1,1.031,-0.6,-0.4,-0.9,"Opposite (HZ Up, RZV Down)"
TRAPPC2,0.447,-0.8,-0.1,0.1,"Opposite (HZ Up, RZV Down)"
TRAM2,0.318,-1.2,-2.2,-1.6,"Opposite (HZ Up, RZV Down)"
TRAJ49,0.012,-0.8,-1.2,-0.8,"Opposite (HZ Up, RZV Down)"
TNFSF13B,0.133,-1.3,-0.6,-1.9,"Opposite (HZ Up, RZV Down)"
TRAF4,0.084,-0.9,-0.8,-0.9,"Opposite (HZ Up, RZV Down)"
TRABD2A,0.037,-0.9,-2.8,-0.1,"Opposite (HZ Up, RZV Down)"
TPPP,0.036,-2.0,-4.1,-1.0,"Opposite (HZ Up, RZV Down)"
TPM2,0.007,-0.7,0.7,1.0,"Opposite (HZ Up, RZV Down)"
TPM1,0.204,-2.1,-1.3,0.7,"Opposite (HZ Up, RZV Down)"
TPH1,0.039,-0.8,-1.0,0.3,"Opposite (HZ Up, RZV Down)"
TPD52,0.535,-1.4,-0.4,0.4,"Opposite (HZ Up, RZV Down)"
TP53TG1,0.318,-0.8,1.0,-1.4,"Opposite (HZ Up, RZV Down)"
TONSL,0.008,-1.0,1.8,-0.7,"Opposite (HZ Up, RZV Down)"
TRAF3IP1,0.037,-1.1,-0.1,1.2,"Opposite (HZ Up, RZV Down)"
NAT14,0.048,-0.8,-3.7,-3.5,"Opposite (HZ Up, RZV Down)"
IL17RC,0.154,-1.0,-2.1,-1.4,"Opposite (HZ Up, RZV Down)"
NACC2,0.042,-3.2,-1.7,1.2,"Opposite (HZ Up, RZV Down)"
CORO2A,0.23,-3.5,-3.4,-5.2,"Opposite (HZ Up, RZV Down)"
COQ8B,0.164,-3.0,-2.1,0.1,"Opposite (HZ Up, RZV Down)"
COPZ2,0.038,-0.8,1.6,-0.4,"Opposite (HZ Up, RZV Down)"
COMTD1,0.286,-0.9,0.0,1.2,"Opposite (HZ Up, RZV Down)"
COMMD7,1.347,-0.6,-0.3,0.8,"Opposite (HZ Up, RZV Down)"
COL9A2,0.034,-1.8,1.4,1.8,"Opposite (HZ Up, RZV Down)"
COL6A1,0.073,-5.0,-4.6,-4.4,"Opposite (HZ Up, RZV Down)"
COG7,0.133,-0.9,-0.9,0.4,"Opposite (HZ Up, RZV Down)"
COG6,0.27,-1.7,0.6,0.5,"Opposite (HZ Up, RZV Down)"
CNTNAP1,0.083,-2.5,-1.3,-1.6,"Opposite (HZ Up, RZV Down)"
CNN3,0.042,-3.3,-2.1,-3.1,"Opposite (HZ Up, RZV Down)"
CNKSR2,0.054,-0.8,-0.3,-1.4,"Opposite (HZ Up, RZV Down)"
CLYBL,0.015,-1.7,2.0,-0.6,"Opposite (HZ Up, RZV Down)"
CLUAP1,0.422,-1.8,-1.6,-3.8,"Opposite (HZ Up, RZV Down)"
CLIP1,0.514,-0.6,-0.2,0.1,"Opposite (HZ Up, RZV Down)"
CLDND2,0.062,-1.6,-1.6,2.5,"Opposite (HZ Up, RZV Down)"
CLCN3,0.642,-0.8,1.2,0.0,"Opposite (HZ Up, RZV Down)"
CORO7,1.047,-0.9,-0.1,-1.7,"Opposite (HZ Up, RZV Down)"
CPOX,0.523,-0.9,0.3,-1.6,"Opposite (HZ Up, RZV Down)"
CRB3,0.16,-2.4,-2.2,-0.1,"Opposite (HZ Up, RZV Down)"
CRIM1,0.015,-1.1,-0.7,-1.6,"Opposite (HZ Up, RZV Down)"
CUX1,0.189,-0.9,-1.2,-0.6,"Opposite (HZ Up, RZV Down)"
CUBN,0.067,-0.6,1.2,-0.3,"Opposite (HZ Up, RZV Down)"
CTSZ,0.098,-1.9,-1.2,-1.6,"Opposite (HZ Up, RZV Down)"
CTSO,0.306,-4.1,-2.1,-2.7,"Opposite (HZ Up, RZV Down)"
CTSL,0.065,-2.0,-2.1,-1.4,"Opposite (HZ Up, RZV Down)"
CTSF,0.111,-2.0,-0.8,-1.2,"Opposite (HZ Up, RZV Down)"
CTNNA1,0.132,-1.5,-0.6,0.4,"Opposite (HZ Up, RZV Down)"
CTC1,0.375,-0.7,-0.7,-0.2,"Opposite (HZ Up, RZV Down)"
CLCF1,0.118,-1.0,-2.5,0.1,"Opposite (HZ Up, RZV Down)"
CSTF2T,0.446,-0.6,0.3,-1.0,"Opposite (HZ Up, RZV Down)"
CSPP1,0.063,-0.7,-0.5,-0.4,"Opposite (HZ Up, RZV Down)"
CSGALNACT1,0.317,-1.5,0.8,-0.7,"Opposite (HZ Up, RZV Down)"
CSF1R,0.037,-1.1,-1.1,-3.3,"Opposite (HZ Up, RZV Down)"
CSF1,0.155,-1.0,-1.7,0.1,"Opposite (HZ Up, RZV Down)"
CRYL1,0.107,-1.3,-0.7,0.4,"Opposite (HZ Up, RZV Down)"
CRYBG3,0.185,-4.2,-3.5,-1.2,"Opposite (HZ Up, RZV Down)"
CRYBG2,0.026,-4.4,-4.9,-2.9,"Opposite (HZ Up, RZV Down)"
CRYBG1,0.629,-0.6,-0.5,-1.0,"Opposite (HZ Up, RZV Down)"
CST3,0.149,-1.4,-1.1,0.2,"Opposite (HZ Up, RZV Down)"
CXCL5,0.004,-1.1,-0.7,1.9,"Opposite (HZ Up, RZV Down)"
CIB2,0.042,-1.7,0.7,-0.1,"Opposite (HZ Up, RZV Down)"
CHST10,0.007,-0.6,4.2,-1.0,"Opposite (HZ Up, RZV Down)"
CDK6,0.308,-0.7,-0.1,-0.9,"Opposite (HZ Up, RZV Down)"
CDK5RAP2,0.52,-0.6,0.1,0.1,"Opposite (HZ Up, RZV Down)"
CDK4,0.407,-0.7,-0.8,-0.3,"Opposite (HZ Up, RZV Down)"
CDK20,0.15,-1.1,-4.2,-1.3,"Opposite (HZ Up, RZV Down)"
CDK10,0.064,-0.6,0.1,0.1,"Opposite (HZ Up, RZV Down)"
CDH24,0.006,-1.1,-1.2,-2.3,"Opposite (HZ Up, RZV Down)"
CDH20,0.032,-1.5,-1.1,-3.9,"Opposite (HZ Up, RZV Down)"
CDH1,0.002,-0.7,2.5,1.1,"Opposite (HZ Up, RZV Down)"
CDC42SE2,0.308,-0.6,-0.5,-0.5,"Opposite (HZ Up, RZV Down)"
CDC42EP3,0.671,-1.1,-0.6,-0.3,"Opposite (HZ Up, RZV Down)"
CDC42BPB,0.044,-0.8,-2.2,-0.9,"Opposite (HZ Up, RZV Down)"
CDC37L1,0.372,-0.6,-0.4,-0.4,"Opposite (HZ Up, RZV Down)"
CDC20,0.03,-1.6,-0.5,0.2,"Opposite (HZ Up, RZV Down)"
CDC14B,0.096,-1.0,-3.1,-1.9,"Opposite (HZ Up, RZV Down)"
CDC14A,0.432,-1.2,-1.7,-0.5,"Opposite (HZ Up, RZV Down)"
CD9,0.193,-2.9,-3.0,-0.5,"Opposite (HZ Up, RZV Down)"
CD79B,1.492,-0.9,-4.1,-3.5,"Opposite (HZ Up, RZV Down)"
CDKL1,0.127,-0.7,-0.9,-1.0,"Opposite (HZ Up, RZV Down)"
CDKL5,0.057,-2.6,-1.3,-3.1,"Opposite (HZ Up, RZV Down)"
CDKN1A,0.056,-2.4,-1.4,-1.1,"Opposite (HZ Up, RZV Down)"
CDNF,0.079,-1.1,-2.2,-1.4,"Opposite (HZ Up, RZV Down)"
CHRNA10,0.061,-0.8,0.5,-0.2,"Opposite (HZ Up, RZV Down)"
CHI3L2,0.436,-3.3,-4.6,-2.9,"Opposite (HZ Up, RZV Down)"
CHCHD6,0.137,-1.9,-1.4,0.1,"Opposite (HZ Up, RZV Down)"
CHCHD10,0.533,-0.8,0.3,-0.1,"Opposite (HZ Up, RZV Down)"
CGAS,0.357,-0.8,-0.9,-0.5,"Opposite (HZ Up, RZV Down)"
CFP,0.795,-1.8,-1.3,-3.9,"Opposite (HZ Up, RZV Down)"
CFAP70,0.07,-1.2,0.2,-0.7,"Opposite (HZ Up, RZV Down)"
CFAP44,0.252,-1.0,0.0,-3.1,"Opposite (HZ Up, RZV Down)"
CHUK,0.521,-0.8,-0.4,-0.1,"Opposite (HZ Up, RZV Down)"
CES4A,0.073,-2.9,-2.8,-2.6,"Opposite (HZ Up, RZV Down)"
CEP70,0.268,-4.0,-1.8,1.2,"Opposite (HZ Up, RZV Down)"
CEP68,0.555,-2.3,-1.1,-0.0,"Opposite (HZ Up, RZV Down)"
CEP57L1,0.264,-0.8,-1.5,-0.5,"Opposite (HZ Up, RZV Down)"
CEP170B,0.019,-1.9,-2.2,-1.2,"Opposite (HZ Up, RZV Down)"
CEP120,0.545,-0.7,0.3,0.2,"Opposite (HZ Up, RZV Down)"
CENPW,0.248,-0.6,0.1,-2.5,"Opposite (HZ Up, RZV Down)"
CENPQ,0.294,-0.6,-0.1,-0.6,"Opposite (HZ Up, RZV Down)"
CEACAM1,0.041,-1.9,-1.1,-0.9,"Opposite (HZ Up, RZV Down)"
CEP85,0.089,-0.8,-1.0,-0.1,"Opposite (HZ Up, RZV Down)"
CXCR3,0.489,-0.6,-0.3,-0.5,"Opposite (HZ Up, RZV Down)"
CXCR5,0.116,-0.9,-0.1,-1.8,"Opposite (HZ Up, RZV Down)"
CYB5A,0.412,-1.3,-0.3,0.2,"Opposite (HZ Up, RZV Down)"
ENDOD1,0.358,-1.0,0.1,-2.8,"Opposite (HZ Up, RZV Down)"
EMP1,0.002,-3.5,-4.8,-0.7,"Opposite (HZ Up, RZV Down)"
EML5,0.101,-2.9,-3.2,-3.3,"Opposite (HZ Up, RZV Down)"
ELOVL7,0.031,-0.8,-2.7,-2.7,"Opposite (HZ Up, RZV Down)"
ELOVL4,0.157,-5.5,-5.3,-3.7,"Opposite (HZ Up, RZV Down)"
ELMO3,0.126,-3.2,1.0,-1.4,"Opposite (HZ Up, RZV Down)"
EIF4A1,0.602,-0.8,-0.6,-0.1,"Opposite (HZ Up, RZV Down)"
EID3,0.82,-0.9,-0.5,-0.5,"Opposite (HZ Up, RZV Down)"
EGR2,0.04,-0.8,-0.6,-0.5,"Opposite (HZ Up, RZV Down)"
EFNA3,0.101,-1.9,0.5,-1.5,"Opposite (HZ Up, RZV Down)"
EFCAB13,0.293,-3.2,-0.9,-0.6,"Opposite (HZ Up, RZV Down)"
EEPD1,0.181,-3.0,-3.8,-3.0,"Opposite (HZ Up, RZV Down)"
EEF2KMT,0.222,-1.3,-2.8,-0.5,"Opposite (HZ Up, RZV Down)"
EEF2K,0.002,-1.8,-2.3,-2.1,"Opposite (HZ Up, RZV Down)"
EEF1DP7,0.003,-2.9,-1.0,-0.6,"Opposite (HZ Up, RZV Down)"
EEF1A2,0.014,-2.0,-0.3,-1.5,"Opposite (HZ Up, RZV Down)"
EEA1,0.752,-0.7,-0.5,-0.7,"Opposite (HZ Up, RZV Down)"
ENO2,1.214,-2.2,-1.9,-0.5,"Opposite (HZ Up, RZV Down)"
ENPP4,0.427,-1.1,-1.2,-0.5,"Opposite (HZ Up, RZV Down)"
EPB41L2,0.162,-2.0,-3.4,-1.7,"Opposite (HZ Up, RZV Down)"
EPB41L4A,0.004,-1.2,-1.5,-2.0,"Opposite (HZ Up, RZV Down)"
F2RL1,0.048,-7.2,-7.4,-3.5,"Opposite (HZ Up, RZV Down)"
F11R,0.349,-3.3,-2.5,-0.6,"Opposite (HZ Up, RZV Down)"
EZR,0.071,-0.6,-0.7,-0.4,"Opposite (HZ Up, RZV Down)"
EVI2B,0.815,-0.8,-0.7,-0.8,"Opposite (HZ Up, RZV Down)"
EVI2A,1.83,-0.8,-0.7,-0.6,"Opposite (HZ Up, RZV Down)"
ETS2,0.179,-2.2,-1.5,-1.1,"Opposite (HZ Up, RZV Down)"
ETFBKMT,0.011,-0.7,2.2,1.4,"Opposite (HZ Up, RZV Down)"
ESCO2,0.054,-0.7,-1.1,-1.3,"Opposite (HZ Up, RZV Down)"
EDA,0.124,-3.0,-2.8,-0.8,"Opposite (HZ Up, RZV Down)"
ERO1A,0.409,-0.6,-0.4,0.1,"Opposite (HZ Up, RZV Down)"
ERICH6-AS1,0.041,-1.1,-1.0,-0.7,"Opposite (HZ Up, RZV Down)"
ERBB2,0.025,-1.1,-0.6,-0.9,"Opposite (HZ Up, RZV Down)"
ERAP2,0.513,-1.6,-1.4,-1.3,"Opposite (HZ Up, RZV Down)"
EPHX2,0.4,-2.5,-0.7,-0.5,"Opposite (HZ Up, RZV Down)"
EPHA4,0.035,-3.0,-0.4,-4.1,"Opposite (HZ Up, RZV Down)"
EPHA1,0.049,-0.6,-0.6,1.1,"Opposite (HZ Up, RZV Down)"
EPG5,0.46,-0.8,1.0,-1.1,"Opposite (HZ Up, RZV Down)"
EPB41L5,0.094,-2.8,-3.2,-0.8,"Opposite (HZ Up, RZV Down)"
ERMP1,0.186,-1.4,-1.1,-0.5,"Opposite (HZ Up, RZV Down)"
DYNLT3,0.469,-1.3,-1.1,0.0,"Opposite (HZ Up, RZV Down)"
DYNC2H1,0.066,-2.6,-2.2,-1.1,"Opposite (HZ Up, RZV Down)"
DUTP6,0.033,-1.6,-0.7,-1.9,"Opposite (HZ Up, RZV Down)"
DEPTOR,0.01,-2.3,-1.7,1.1,"Opposite (HZ Up, RZV Down)"
DEPDC7,0.173,-2.8,-2.5,-3.9,"Opposite (HZ Up, RZV Down)"
DDX60L,0.375,-1.3,-0.7,-0.7,"Opposite (HZ Up, RZV Down)"
DDX47,0.063,-0.7,0.3,0.3,"Opposite (HZ Up, RZV Down)"
DDX3X,0.487,-0.6,-0.5,-0.2,"Opposite (HZ Up, RZV Down)"
DDX11-AS1,0.027,-1.0,-1.4,-1.1,"Opposite (HZ Up, RZV Down)"
DDTL,0.021,-0.8,-2.8,-2.4,"Opposite (HZ Up, RZV Down)"
DDR1,0.004,-2.7,-0.5,0.7,"Opposite (HZ Up, RZV Down)"
DGLUCY,0.061,-1.0,1.1,-1.6,"Opposite (HZ Up, RZV Down)"
DCUN1D3,0.141,-1.0,-0.7,-0.6,"Opposite (HZ Up, RZV Down)"
DCBLD2,0.03,-1.0,-3.3,-3.9,"Opposite (HZ Up, RZV Down)"
DBT,0.519,-0.6,-1.1,-0.2,"Opposite (HZ Up, RZV Down)"
DBNDD1,0.1,-1.2,-1.2,1.5,"Opposite (HZ Up, RZV Down)"
DACT1,0.061,-2.4,-1.3,-2.7,"Opposite (HZ Up, RZV Down)"
CYSLTR1,0.654,-0.7,-0.5,-1.0,"Opposite (HZ Up, RZV Down)"
CYP51A1,0.095,-0.7,-0.1,-0.6,"Opposite (HZ Up, RZV Down)"
CYP2R1,0.061,-1.0,-0.4,0.6,"Opposite (HZ Up, RZV Down)"
CYFIP1,0.003,-0.8,-1.7,-2.7,"Opposite (HZ Up, RZV Down)"
DCHS1,0.032,-0.8,-3.9,-1.2,"Opposite (HZ Up, RZV Down)"
CD79A,0.125,-1.2,0.7,0.6,"Opposite (HZ Up, RZV Down)"
DHCR24,0.088,-0.7,-1.4,-2.2,"Opposite (HZ Up, RZV Down)"
DIP2B,0.257,-0.8,0.4,-0.1,"Opposite (HZ Up, RZV Down)"
DUSP7,0.211,-1.4,-2.0,-2.1,"Opposite (HZ Up, RZV Down)"
DUSP6,0.427,-0.7,0.9,-0.2,"Opposite (HZ Up, RZV Down)"
DUSP23,0.211,-0.7,-0.8,0.1,"Opposite (HZ Up, RZV Down)"
DTX3L,1.383,-1.1,-0.6,-0.5,"Opposite (HZ Up, RZV Down)"
DSN1,0.026,-3.0,0.0,-2.8,"Opposite (HZ Up, RZV Down)"
DSEL,0.012,-5.4,-3.5,-1.8,"Opposite (HZ Up, RZV Down)"
DSE,0.052,-1.0,-2.0,-2.2,"Opposite (HZ Up, RZV Down)"
DPP4,0.516,-1.3,-1.6,-1.2,"Opposite (HZ Up, RZV Down)"
DHCR7,0.071,-1.7,0.4,-0.4,"Opposite (HZ Up, RZV Down)"
DOLK,0.062,-0.6,-0.3,-6.2,"Opposite (HZ Up, RZV Down)"
DOCK7,0.047,-1.5,-1.0,0.1,"Opposite (HZ Up, RZV Down)"
DOCK10,0.462,-1.0,-1.1,-0.6,"Opposite (HZ Up, RZV Down)"
DNAH8,0.004,-1.2,-3.4,-0.1,"Opposite (HZ Up, RZV Down)"
DNAH6,0.151,-1.1,-2.2,-0.1,"Opposite (HZ Up, RZV Down)"
DMXL2,0.095,-1.3,-2.3,-1.5,"Opposite (HZ Up, RZV Down)"
DMXL1,0.295,-0.9,-0.4,-0.6,"Opposite (HZ Up, RZV Down)"
DLGAP3,0.016,-2.6,0.5,0.2,"Opposite (HZ Up, RZV Down)"
DLEC1,0.053,-3.0,-6.1,-3.7,"Opposite (HZ Up, RZV Down)"
DOCK9,0.352,-0.6,0.2,-0.2,"Opposite (HZ Up, RZV Down)"
FAAH,0.026,-1.8,-2.9,-3.3,"Opposite (HZ Up, RZV Down)"
CD63,0.629,-1.0,-0.8,0.4,"Opposite (HZ Up, RZV Down)"
CD48,1.545,-1.0,-0.8,-0.3,"Opposite (HZ Up, RZV Down)"
AP1S3,0.06,-4.0,-0.7,-0.8,"Opposite (HZ Up, RZV Down)"
AOC2,0.013,-1.8,1.9,-2.3,"Opposite (HZ Up, RZV Down)"
ANKZF1,0.426,-2.6,-0.6,-1.6,"Opposite (HZ Up, RZV Down)"
ANKS6,0.09,-1.9,-4.4,-1.4,"Opposite (HZ Up, RZV Down)"
ANKRD9,0.047,-0.8,-0.7,-0.3,"Opposite (HZ Up, RZV Down)"
ANKRD33B,0.01,-0.6,-1.6,1.9,"Opposite (HZ Up, RZV Down)"
ANKRD18EP,0.047,-1.5,-1.6,-2.0,"Opposite (HZ Up, RZV Down)"
ANKRD13D,0.051,-0.9,-3.7,-3.3,"Opposite (HZ Up, RZV Down)"
ANKLE1,0.023,-0.9,-2.1,-1.2,"Opposite (HZ Up, RZV Down)"
ANKHD1-EIF4EBP3,0.001,-1.3,0.8,-0.9,"Opposite (HZ Up, RZV Down)"
ANKFY1,0.384,-0.6,0.6,-0.6,"Opposite (HZ Up, RZV Down)"
ANKEF1,0.216,-2.6,-1.6,-3.0,"Opposite (HZ Up, RZV Down)"
ANK3,0.142,-0.7,-0.1,-0.2,"Opposite (HZ Up, RZV Down)"
ANGPT2,0.006,-0.8,-1.2,-0.1,"Opposite (HZ Up, RZV Down)"
ANAPC10,1.033,-0.6,0.1,-0.6,"Opposite (HZ Up, RZV Down)"
AMPD3,0.18,-1.1,-1.9,-0.6,"Opposite (HZ Up, RZV Down)"
AMOTL1,0.004,-3.3,-4.0,-4.6,"Opposite (HZ Up, RZV Down)"
AP4S1,0.275,-0.6,-0.3,0.1,"Opposite (HZ Up, RZV Down)"
APBB1,0.052,-1.3,0.1,1.3,"Opposite (HZ Up, RZV Down)"
APLP2,0.415,-1.1,-0.6,-0.5,"Opposite (HZ Up, RZV Down)"
APOBR,0.091,-2.6,-2.4,2.1,"Opposite (HZ Up, RZV Down)"
ATP5PB,0.925,-0.2,-0.3,-0.1,"Opposite (HZ Up, RZV Down)"
ATP23,0.164,-2.2,0.8,-0.1,"Opposite (HZ Up, RZV Down)"
ATN1,0.031,-2.0,-2.4,-1.4,"Opposite (HZ Up, RZV Down)"
ATG10,0.019,-2.7,-1.8,-1.7,"Opposite (HZ Up, RZV Down)"
ASPRV1,0.01,-1.9,1.1,-2.1,"Opposite (HZ Up, RZV Down)"
ASB13,0.207,-1.4,0.0,-1.3,"Opposite (HZ Up, RZV Down)"
ARRDC3,0.193,-1.1,-0.7,0.1,"Opposite (HZ Up, RZV Down)"
ARMCX5,0.376,-0.6,0.4,-0.1,"Opposite (HZ Up, RZV Down)"
AMIGO2,0.16,-0.8,-1.2,-0.1,"Opposite (HZ Up, RZV Down)"
ARHGEF9,0.105,-1.5,-0.9,-0.0,"Opposite (HZ Up, RZV Down)"
ARHGEF10,0.082,-0.6,-1.2,-1.0,"Opposite (HZ Up, RZV Down)"
ARHGAP5,0.779,-1.6,-1.3,-0.6,"Opposite (HZ Up, RZV Down)"
ARHGAP32,0.002,-1.8,-5.3,-5.0,"Opposite (HZ Up, RZV Down)"
ARHGAP31,0.03,-0.8,-0.1,0.1,"Opposite (HZ Up, RZV Down)"
ARFIP2,0.186,-0.7,-1.1,-0.5,"Opposite (HZ Up, RZV Down)"
APOL6,1.676,-0.7,-0.6,-0.5,"Opposite (HZ Up, RZV Down)"
APOL2,0.518,-1.4,-0.3,-0.7,"Opposite (HZ Up, RZV Down)"
APOL1,0.534,-1.0,-0.8,-2.0,"Opposite (HZ Up, RZV Down)"
ARHGEF37,0.006,-1.8,-0.5,-0.2,"Opposite (HZ Up, RZV Down)"
ATP6V0A1,0.179,-3.9,-2.3,0.2,"Opposite (HZ Up, RZV Down)"
AMIGO1,0.28,-0.7,1.6,0.8,"Opposite (HZ Up, RZV Down)"
ALG10B,0.226,-1.5,-0.9,-3.8,"Opposite (HZ Up, RZV Down)"
ACVR2B,0.297,-4.2,-2.8,-3.7,"Opposite (HZ Up, RZV Down)"
ACVR1C,0.238,-3.6,-4.1,-4.4,"Opposite (HZ Up, RZV Down)"
ACVR1B,0.023,-2.8,0.6,-0.7,"Opposite (HZ Up, RZV Down)"
ACVR1,0.131,-0.9,0.0,-0.1,"Opposite (HZ Up, RZV Down)"
ACSL6,1.081,-2.4,-2.6,-0.6,"Opposite (HZ Up, RZV Down)"
ACOT4,0.005,-1.0,-0.6,0.4,"Opposite (HZ Up, RZV Down)"
ACO1,0.108,-1.8,-1.8,-1.0,"Opposite (HZ Up, RZV Down)"
ACER2,0.03,-1.2,-0.6,0.8,"Opposite (HZ Up, RZV Down)"
ACBD4,0.176,-1.5,-0.6,-0.8,"Opposite (HZ Up, RZV Down)"
ABO,0.157,-1.0,-0.7,-0.2,"Opposite (HZ Up, RZV Down)"
ABL2,0.06,-1.3,-0.3,-0.7,"Opposite (HZ Up, RZV Down)"
ABHD1,0.02,-2.0,-4.3,-0.1,"Opposite (HZ Up, RZV Down)"
ABCC3,0.008,-0.9,-1.6,-0.3,"Opposite (HZ Up, RZV Down)"
ABCA1,0.117,-2.8,-6.1,-7.0,"Opposite (HZ Up, RZV Down)"
AACS,0.047,-1.6,-2.7,2.1,"Opposite (HZ Up, RZV Down)"
A1BG-AS1,0.049,-1.2,-0.8,0.8,"Opposite (HZ Up, RZV Down)"
ZSCAN12,0.184,-1.2,0.9,0.4,"Opposite (HZ Up, RZV Down)"
ACYP1,0.438,-0.7,-1.3,0.5,"Opposite (HZ Up, RZV Down)"
ADAM15,0.044,-2.2,0.6,0.2,"Opposite (HZ Up, RZV Down)"
ADAM19,0.076,-0.7,0.3,-0.6,"Opposite (HZ Up, RZV Down)"
ADAM9,0.062,-0.7,2.2,2.4,"Opposite (HZ Up, RZV Down)"
ALDOC,0.899,-2.2,-1.6,-1.6,"Opposite (HZ Up, RZV Down)"
ALDH6A1,0.141,-1.3,-4.9,-3.3,"Opposite (HZ Up, RZV Down)"
ALDH1B1,0.042,-0.7,-0.6,0.7,"Opposite (HZ Up, RZV Down)"
ALDH16A1,0.424,-1.9,1.7,0.1,"Opposite (HZ Up, RZV Down)"
AKT3,0.314,-1.5,-0.6,-1.9,"Opposite (HZ Up, RZV Down)"
AK5,0.161,-2.9,-3.0,-2.5,"Opposite (HZ Up, RZV Down)"
AJM1,0.009,-0.9,-1.8,-2.0,"Opposite (HZ Up, RZV Down)"
AIG1,0.239,-1.2,-1.8,-2.9,"Opposite (HZ Up, RZV Down)"
ALMS1-IT1,0.004,-0.9,2.4,-0.8,"Opposite (HZ Up, RZV Down)"
AIFM2,0.024,-2.7,-1.6,-2.3,"Opposite (HZ Up, RZV Down)"
AGTRAP,0.397,-1.5,0.3,-0.6,"Opposite (HZ Up, RZV Down)"
AGRN,0.006,-0.7,-1.6,-1.5,"Opposite (HZ Up, RZV Down)"
AGL,0.611,-0.6,-0.6,-0.0,"Opposite (HZ Up, RZV Down)"
ADHFE1,0.45,-1.1,0.9,-2.4,"Opposite (HZ Up, RZV Down)"
ADGRL1,0.148,-2.2,-2.0,-1.0,"Opposite (HZ Up, RZV Down)"
ADCK2,0.424,-1.6,1.2,-1.8,"Opposite (HZ Up, RZV Down)"
ADAMTS7P4,0.136,-1.8,3.8,-0.3,"Opposite (HZ Up, RZV Down)"
ADAMTS17,0.023,-2.3,-1.6,-0.2,"Opposite (HZ Up, RZV Down)"
AIF1,0.573,-2.0,-4.0,-3.7,"Opposite (HZ Up, RZV Down)"
ATP6V0E2,0.183,-1.8,-1.6,-0.0,"Opposite (HZ Up, RZV Down)"
ATP8A2,0.056,-2.8,-1.8,-2.5,"Opposite (HZ Up, RZV Down)"
ATRN,0.064,-0.6,-1.6,-0.9,"Opposite (HZ Up, RZV Down)"
CC2D2A,0.002,-1.8,-2.6,-2.1,"Opposite (HZ Up, RZV Down)"
CBR3-AS1,0.074,-1.2,-0.7,0.8,"Opposite (HZ Up, RZV Down)"
CATSPER2,0.016,-2.1,-2.0,-1.0,"Opposite (HZ Up, RZV Down)"
CASP10,0.692,-1.3,-2.0,-1.4,"Opposite (HZ Up, RZV Down)"
CAPS,0.011,-0.9,1.0,1.1,"Opposite (HZ Up, RZV Down)"
CAMSAP2,0.14,-2.3,-1.8,-1.4,"Opposite (HZ Up, RZV Down)"
CAMKK1,0.016,-1.2,-4.1,-0.4,"Opposite (HZ Up, RZV Down)"
CAMK4,0.409,-1.3,-1.0,-1.2,"Opposite (HZ Up, RZV Down)"
CAMK1D,0.026,-0.7,-0.3,-0.1,"Opposite (HZ Up, RZV Down)"
CALHM6,0.24,-0.8,-1.4,-1.5,"Opposite (HZ Up, RZV Down)"
CALHM2,0.319,-1.6,-1.8,-0.1,"Opposite (HZ Up, RZV Down)"
CACNA1E,0.003,-1.1,-1.4,-1.7,"Opposite (HZ Up, RZV Down)"
CACFD1,0.001,-0.7,-1.4,1.4,"Opposite (HZ Up, RZV Down)"
CA2,0.045,-6.0,-6.2,-8.3,"Opposite (HZ Up, RZV Down)"
C8orf58,0.039,-4.1,1.4,1.6,"Opposite (HZ Up, RZV Down)"
C7orf25,0.026,-2.4,-1.8,-1.7,"Opposite (HZ Up, RZV Down)"
C6orf136,0.093,-1.2,0.5,0.7,"Opposite (HZ Up, RZV Down)"
CCDC102B,0.087,-0.8,-1.3,-0.9,"Opposite (HZ Up, RZV Down)"
CCDC112,0.061,-1.7,0.7,-0.3,"Opposite (HZ Up, RZV Down)"
CCDC125,0.45,-0.6,0.9,0.0,"Opposite (HZ Up, RZV Down)"
CCDC146,0.182,-1.0,0.9,0.1,"Opposite (HZ Up, RZV Down)"
CD40LG,1.146,-1.0,-0.7,-0.2,"Opposite (HZ Up, RZV Down)"
CD40,0.111,-1.1,-1.4,-0.4,"Opposite (HZ Up, RZV Down)"
CD2AP,0.526,-1.0,-0.7,-0.7,"Opposite (HZ Up, RZV Down)"
CD274,0.179,-1.1,-0.4,-0.2,"Opposite (HZ Up, RZV Down)"
CD22,0.017,-1.6,-0.8,-0.6,"Opposite (HZ Up, RZV Down)"
CD14,0.077,-3.5,-5.1,-4.5,"Opposite (HZ Up, RZV Down)"
CCT8P1,0.008,-0.8,-0.5,0.0,"Opposite (HZ Up, RZV Down)"
CCSER2,0.239,-0.6,-0.2,-0.1,"Opposite (HZ Up, RZV Down)"
C3,0.006,-1.9,-2.7,1.0,"Opposite (HZ Up, RZV Down)"
CCR6,0.225,-1.9,-3.1,-4.3,"Opposite (HZ Up, RZV Down)"
CCNB1,0.092,-2.1,0.1,0.3,"Opposite (HZ Up, RZV Down)"
CCM2,0.19,-0.6,-0.9,0.5,"Opposite (HZ Up, RZV Down)"
CCL3L1,0.207,-1.4,-0.6,1.7,"Opposite (HZ Up, RZV Down)"
CCL28,0.172,-1.0,1.5,1.4,"Opposite (HZ Up, RZV Down)"
CCL20,0.019,-1.1,-0.0,0.7,"Opposite (HZ Up, RZV Down)"
CCDC88A,0.191,-3.4,-0.7,-1.8,"Opposite (HZ Up, RZV Down)"
CCDC85C,0.181,-0.7,-4.6,-3.1,"Opposite (HZ Up, RZV Down)"
CCDC15,0.108,-1.3,-0.4,-1.2,"Opposite (HZ Up, RZV Down)"
CCND2,2.491,-1.0,-1.0,-1.2,"Opposite (HZ Up, RZV Down)"
C2orf15,0.155,-1.5,-3.3,-1.6,"Opposite (HZ Up, RZV Down)"
C20orf96,0.098,-1.6,0.0,1.2,"Opposite (HZ Up, RZV Down)"
C1orf74,0.015,-0.7,-2.0,-0.4,"Opposite (HZ Up, RZV Down)"
BMI1,0.233,-1.2,-1.4,-0.5,"Opposite (HZ Up, RZV Down)"
BLVRB,0.462,-5.1,-1.3,0.7,"Opposite (HZ Up, RZV Down)"
BLOC1S3,0.254,-1.3,-0.8,-1.1,"Opposite (HZ Up, RZV Down)"
BIN1,0.516,-0.7,0.6,1.3,"Opposite (HZ Up, RZV Down)"
BIK,0.235,-0.9,-1.2,-0.5,"Opposite (HZ Up, RZV Down)"
BEX4,0.244,-0.7,-0.8,0.1,"Opposite (HZ Up, RZV Down)"
BEGAIN,0.021,-3.2,-3.4,-2.6,"Opposite (HZ Up, RZV Down)"
BCORL1,0.022,-1.2,-0.8,-1.9,"Opposite (HZ Up, RZV Down)"
BMP1,0.025,-1.0,-0.9,-0.7,"Opposite (HZ Up, RZV Down)"
BCAS4,0.45,-1.3,-1.8,-0.8,"Opposite (HZ Up, RZV Down)"
BBS2,0.943,-1.8,-0.5,0.4,"Opposite (HZ Up, RZV Down)"
BBS1,0.087,-0.6,0.8,0.2,"Opposite (HZ Up, RZV Down)"
BATF3,0.069,-3.0,-2.7,-0.9,"Opposite (HZ Up, RZV Down)"
B4GALT7,0.144,-0.6,0.1,0.5,"Opposite (HZ Up, RZV Down)"
B3GNT5,0.012,-1.0,-0.3,0.5,"Opposite (HZ Up, RZV Down)"
B3GNT4,0.015,-0.7,0.7,-1.9,"Opposite (HZ Up, RZV Down)"
B3GALNT1,0.004,-2.7,-1.0,-1.2,"Opposite (HZ Up, RZV Down)"
AURKC,0.003,-0.7,0.6,0.3,"Opposite (HZ Up, RZV Down)"
BBX,0.292,-0.8,-0.7,-0.5,"Opposite (HZ Up, RZV Down)"
CD55,0.207,-0.8,-0.6,-0.3,"Opposite (HZ Up, RZV Down)"
BMPR1A,0.133,-1.4,-2.4,-0.9,"Opposite (HZ Up, RZV Down)"
BNIP3,0.712,-2.0,-2.1,-1.0,"Opposite (HZ Up, RZV Down)"
C1orf54,0.057,-0.7,1.0,-2.2,"Opposite (HZ Up, RZV Down)"
C1orf162,0.676,-2.0,-1.5,-1.8,"Opposite (HZ Up, RZV Down)"
C1orf115,0.033,-1.7,-1.7,0.9,"Opposite (HZ Up, RZV Down)"
C1RL-AS1,0.088,-0.7,-0.2,-1.3,"Opposite (HZ Up, RZV Down)"
C1GALT1,0.414,-0.7,-1.3,-0.4,"Opposite (HZ Up, RZV Down)"
C1DP5,0.046,-1.3,2.6,0.5,"Opposite (HZ Up, RZV Down)"
C19orf73,0.061,-1.3,-0.9,-2.3,"Opposite (HZ Up, RZV Down)"
C19orf44,0.061,-1.0,0.7,0.7,"Opposite (HZ Up, RZV Down)"
BMPR2,0.505,-0.8,0.9,1.0,"Opposite (HZ Up, RZV Down)"
C17orf100,0.029,-1.5,-1.4,0.6,"Opposite (HZ Up, RZV Down)"
C13orf46,0.003,-1.3,-0.2,-3.9,"Opposite (HZ Up, RZV Down)"
C11orf71,0.305,-1.4,-1.1,-1.3,"Opposite (HZ Up, RZV Down)"
C10orf143,0.076,-0.7,0.9,0.6,"Opposite (HZ Up, RZV Down)"
BTBD10,0.241,-0.8,-0.9,-0.4,"Opposite (HZ Up, RZV Down)"
BSPRY,0.01,-0.9,-0.9,0.1,"Opposite (HZ Up, RZV Down)"
BRMS1L,0.152,-0.8,0.2,0.7,"Opposite (HZ Up, RZV Down)"
BRF2,0.104,-2.4,-0.1,-0.4,"Opposite (HZ Up, RZV Down)"
BRD3OS,0.153,-0.9,-0.9,-0.3,"Opposite (HZ Up, RZV Down)"
C16orf54,0.384,-1.1,1.9,0.0,"Opposite (HZ Up, RZV Down)"
NAP1L2,0.273,-2.2,0.6,-2.4,"Opposite (HZ Up, RZV Down)"
FAH,0.137,-2.5,-0.3,2.1,"Opposite (HZ Up, RZV Down)"
FAM111B,0.027,-2.7,-2.0,-1.2,"Opposite (HZ Up, RZV Down)"
LINC00954,0.084,-1.2,-0.4,0.7,"Opposite (HZ Up, RZV Down)"
LINC00921,0.204,-0.7,1.6,-1.9,"Opposite (HZ Up, RZV Down)"
LINC00852,0.045,-3.5,-0.1,-0.5,"Opposite (HZ Up, RZV Down)"
LINC00243,0.076,-0.9,-1.9,0.9,"Opposite (HZ Up, RZV Down)"
LINC00092,0.044,-4.7,-3.7,-3.2,"Opposite (HZ Up, RZV Down)"
LIN7C,0.96,-0.6,-0.2,-0.0,"Opposite (HZ Up, RZV Down)"
LIN7B,0.047,-1.7,0.2,1.1,"Opposite (HZ Up, RZV Down)"
LIMS2,0.35,-0.7,0.5,-2.1,"Opposite (HZ Up, RZV Down)"
LILRB1,0.119,-2.7,-2.7,-1.4,"Opposite (HZ Up, RZV Down)"
LIG3,0.427,-0.8,-0.1,-0.5,"Opposite (HZ Up, RZV Down)"
LGMN,0.007,-2.3,1.1,-0.6,"Opposite (HZ Up, RZV Down)"
LGALS1,0.121,-0.9,-0.7,0.3,"Opposite (HZ Up, RZV Down)"
LEF1-AS1,0.207,-1.3,-3.0,-3.9,"Opposite (HZ Up, RZV Down)"
LEAP2,0.003,-1.0,-3.8,-1.7,"Opposite (HZ Up, RZV Down)"
LDOC1,0.306,-1.4,0.1,0.7,"Opposite (HZ Up, RZV Down)"
LCMT2,0.092,-0.7,0.7,-0.1,"Opposite (HZ Up, RZV Down)"
LARGE2,0.041,-3.1,-1.7,-1.4,"Opposite (HZ Up, RZV Down)"
LINC01128,0.351,-0.8,-0.6,-0.4,"Opposite (HZ Up, RZV Down)"
LINC01176,0.064,-2.3,2.3,-0.8,"Opposite (HZ Up, RZV Down)"
LINC01215,0.473,-0.9,-0.4,-1.3,"Opposite (HZ Up, RZV Down)"
LINC01278,0.046,-2.4,-0.7,0.0,"Opposite (HZ Up, RZV Down)"
LPGAT1,0.201,-0.8,-0.0,0.5,"Opposite (HZ Up, RZV Down)"
LPAR6,1.354,-1.2,-2.3,-0.2,"Opposite (HZ Up, RZV Down)"
LOXL2,0.036,-0.9,-0.3,-1.6,"Opposite (HZ Up, RZV Down)"
LOXL1-AS1,0.003,-3.8,-0.8,-2.8,"Opposite (HZ Up, RZV Down)"
LONRF3,0.117,-2.4,-1.5,-1.3,"Opposite (HZ Up, RZV Down)"
LONRF1,0.004,-1.4,-1.6,-0.9,"Opposite (HZ Up, RZV Down)"
LONP1,0.003,-0.6,-0.8,-0.5,"Opposite (HZ Up, RZV Down)"
LNP1,0.039,-2.6,1.2,-1.7,"Opposite (HZ Up, RZV Down)"
LAPTM4B,0.063,-1.7,-2.7,-1.4,"Opposite (HZ Up, RZV Down)"
LMLN,0.236,-3.0,-0.2,-1.3,"Opposite (HZ Up, RZV Down)"
LIPC,0.048,-2.5,-0.5,-2.4,"Opposite (HZ Up, RZV Down)"
LINS1,0.752,-0.7,-0.2,-0.6,"Opposite (HZ Up, RZV Down)"
LINC02273,0.737,-2.6,-1.1,-0.6,"Opposite (HZ Up, RZV Down)"
LINC02166,0.052,-1.5,-1.2,2.3,"Opposite (HZ Up, RZV Down)"
LINC02132,0.056,-0.7,-0.8,-0.6,"Opposite (HZ Up, RZV Down)"
LINC02035,0.094,-1.5,-1.3,-0.1,"Opposite (HZ Up, RZV Down)"
LINC01816,0.02,-1.5,-0.4,-2.5,"Opposite (HZ Up, RZV Down)"
LINC01679,0.006,-2.0,-0.0,-0.9,"Opposite (HZ Up, RZV Down)"
LMBR1,0.011,-0.7,-0.6,-0.3,"Opposite (HZ Up, RZV Down)"
LRIF1,1.072,-0.7,-1.6,-0.3,"Opposite (HZ Up, RZV Down)"
LAMP3,0.173,-0.8,-1.2,0.6,"Opposite (HZ Up, RZV Down)"
LACTB,0.232,-1.0,0.3,0.6,"Opposite (HZ Up, RZV Down)"
KIAA1958,0.027,-1.1,-1.6,-0.4,"Opposite (HZ Up, RZV Down)"
KIAA0319L,0.275,-0.9,0.1,0.1,"Opposite (HZ Up, RZV Down)"
KIAA0040,0.91,-0.7,0.2,-0.1,"Opposite (HZ Up, RZV Down)"
KHNYN,0.308,-0.9,0.2,-0.1,"Opposite (HZ Up, RZV Down)"
KHK,0.01,-2.5,-1.1,-1.3,"Opposite (HZ Up, RZV Down)"
KDM7A,0.403,-0.6,0.4,0.0,"Opposite (HZ Up, RZV Down)"
KCTD7,0.674,-0.9,-1.9,0.0,"Opposite (HZ Up, RZV Down)"
KCTD21,0.057,-0.7,2.1,-3.0,"Opposite (HZ Up, RZV Down)"
KCTD15,0.036,-0.7,-1.6,0.7,"Opposite (HZ Up, RZV Down)"
KCTD12,0.244,-2.5,-2.5,-2.7,"Opposite (HZ Up, RZV Down)"
KCNJ14,0.0,-1.1,-1.6,-1.4,"Opposite (HZ Up, RZV Down)"
KCNAB3,0.014,-0.9,1.4,0.0,"Opposite (HZ Up, RZV Down)"
KBTBD8,0.139,-0.8,-0.6,-0.2,"Opposite (HZ Up, RZV Down)"
KBTBD7,0.41,-1.2,0.4,-2.9,"Opposite (HZ Up, RZV Down)"
KAT2B,0.544,-0.7,-0.3,-0.7,"Opposite (HZ Up, RZV Down)"
JMJD1C,0.195,-0.6,-0.1,-0.4,"Opposite (HZ Up, RZV Down)"
JAM3,0.03,-2.2,-6.0,-1.4,"Opposite (HZ Up, RZV Down)"
KIF11,0.182,-0.6,-0.9,-1.1,"Opposite (HZ Up, RZV Down)"
KIF16B,0.282,-1.4,-0.0,1.6,"Opposite (HZ Up, RZV Down)"
KIF21A,0.156,-0.7,-0.1,0.0,"Opposite (HZ Up, RZV Down)"
KIF21B,0.084,-0.6,-2.0,-1.5,"Opposite (HZ Up, RZV Down)"
LACC1,0.101,-2.0,-1.5,1.2,"Opposite (HZ Up, RZV Down)"
L3MBTL1,0.095,-1.0,-1.4,-3.1,"Opposite (HZ Up, RZV Down)"
KYAT1,0.272,-0.8,-0.5,-2.5,"Opposite (HZ Up, RZV Down)"
KRTCAP2,0.118,-0.8,-0.7,-0.8,"Opposite (HZ Up, RZV Down)"
KRT8P12,0.084,-1.2,0.1,1.5,"Opposite (HZ Up, RZV Down)"
KRT18,0.145,-2.3,-3.9,-1.9,"Opposite (HZ Up, RZV Down)"
KRI1,0.761,-0.6,-0.9,-0.5,"Opposite (HZ Up, RZV Down)"
KNTC1,0.503,-0.8,0.7,-0.6,"Opposite (HZ Up, RZV Down)"
LACTB2,0.412,-1.4,-1.0,-0.3,"Opposite (HZ Up, RZV Down)"
KMT2C,1.228,-0.1,-0.1,-0.4,"Opposite (HZ Up, RZV Down)"
KLHL9,0.341,-0.7,-0.7,-0.3,"Opposite (HZ Up, RZV Down)"
KLHL8,0.13,-0.6,-1.0,-1.0,"Opposite (HZ Up, RZV Down)"
KLHL35,0.001,-3.8,-4.0,-0.7,"Opposite (HZ Up, RZV Down)"
KLF6,0.1,-0.8,-0.4,-0.3,"Opposite (HZ Up, RZV Down)"
KLC4,0.0,-0.9,0.4,-1.6,"Opposite (HZ Up, RZV Down)"
KLC2,0.114,-1.7,-1.5,-0.5,"Opposite (HZ Up, RZV Down)"
KIR3DL2,0.043,-0.8,-0.9,4.1,"Opposite (HZ Up, RZV Down)"
KIF3A,0.164,-0.8,-0.3,-0.0,"Opposite (HZ Up, RZV Down)"
KLRG1,0.084,-1.1,0.2,-1.2,"Opposite (HZ Up, RZV Down)"
LRP11,0.082,-3.5,-2.2,-2.8,"Opposite (HZ Up, RZV Down)"
LRP6,0.3,-3.0,-3.9,-4.3,"Opposite (HZ Up, RZV Down)"
LRRC37A2,0.568,-1.1,0.3,-0.7,"Opposite (HZ Up, RZV Down)"
MROH8,0.097,-1.7,-1.0,-2.7,"Opposite (HZ Up, RZV Down)"
MRC1,0.031,-1.4,-0.6,-0.2,"Opposite (HZ Up, RZV Down)"
MPZL2,0.062,-1.1,-4.7,-1.4,"Opposite (HZ Up, RZV Down)"
MPP1,0.031,-1.7,-2.5,-0.5,"Opposite (HZ Up, RZV Down)"
MORC4,0.141,-1.4,-1.7,-0.5,"Opposite (HZ Up, RZV Down)"
MNAT1,0.199,-1.2,-0.9,-0.2,"Opposite (HZ Up, RZV Down)"
MMACHC,0.116,-0.9,-0.9,0.2,"Opposite (HZ Up, RZV Down)"
MLXIP,0.235,-0.8,-0.3,-0.3,"Opposite (HZ Up, RZV Down)"
MLLT10,0.361,-0.8,-0.9,-0.5,"Opposite (HZ Up, RZV Down)"
MKLN1-AS,0.068,-2.5,-1.2,-2.6,"Opposite (HZ Up, RZV Down)"
MIRLET7D,0.021,-1.0,-1.8,0.2,"Opposite (HZ Up, RZV Down)"
MIR9-3HG,0.017,-0.6,-0.2,-1.1,"Opposite (HZ Up, RZV Down)"
MIR616,0.085,-1.9,-0.6,1.4,"Opposite (HZ Up, RZV Down)"
MIR4482,0.07,-1.4,-0.9,-1.9,"Opposite (HZ Up, RZV Down)"
MIR3682,0.003,-2.5,-2.1,-2.3,"Opposite (HZ Up, RZV Down)"
MIR3671,0.128,-2.1,-0.9,0.5,"Opposite (HZ Up, RZV Down)"
MIPEP,0.0,-0.7,-1.4,-0.4,"Opposite (HZ Up, RZV Down)"
MSANTD3,0.014,-3.2,-0.0,0.3,"Opposite (HZ Up, RZV Down)"
MSRB2,0.186,-2.6,-2.5,-1.0,"Opposite (HZ Up, RZV Down)"
MSTO1,0.212,-0.9,-1.0,0.2,"Opposite (HZ Up, RZV Down)"
MT-ND2,0.032,-0.6,-0.5,-0.3,"Opposite (HZ Up, RZV Down)"
NABP1,0.754,-0.7,-0.5,-0.6,"Opposite (HZ Up, RZV Down)"
NAALADL1,0.177,-1.6,-0.1,-0.3,"Opposite (HZ Up, RZV Down)"
N4BP3,0.025,-2.1,-2.8,-0.7,"Opposite (HZ Up, RZV Down)"
MZB1,0.602,-0.8,1.0,0.3,"Opposite (HZ Up, RZV Down)"
MYO1G,0.184,-2.9,-3.0,-3.3,"Opposite (HZ Up, RZV Down)"
MYO1C,0.136,-0.6,2.3,0.1,"Opposite (HZ Up, RZV Down)"
MYO1B,0.019,-5.7,-4.0,-1.1,"Opposite (HZ Up, RZV Down)"
MYO18A,0.205,-1.3,1.7,-2.3,"Opposite (HZ Up, RZV Down)"
MINCR,0.02,-0.8,0.0,1.6,"Opposite (HZ Up, RZV Down)"
MYLIP,0.405,-1.3,-0.8,-0.6,"Opposite (HZ Up, RZV Down)"
MVK,0.183,-1.6,-1.2,-0.2,"Opposite (HZ Up, RZV Down)"
MTUS1,0.175,-1.7,-3.1,-2.4,"Opposite (HZ Up, RZV Down)"
MTND2P28,0.566,-0.6,-0.5,-0.2,"Opposite (HZ Up, RZV Down)"
MTMR12,0.265,-0.9,-0.3,-0.8,"Opposite (HZ Up, RZV Down)"
MTMR1,0.089,-1.1,-0.6,-0.0,"Opposite (HZ Up, RZV Down)"
MTM1,0.312,-1.0,-1.3,-0.5,"Opposite (HZ Up, RZV Down)"
MTHFR,0.233,-1.9,-2.0,-0.6,"Opposite (HZ Up, RZV Down)"
MT-ND6,0.687,-0.6,-0.3,-0.2,"Opposite (HZ Up, RZV Down)"
MYD88,0.246,-0.7,-0.1,-0.1,"Opposite (HZ Up, RZV Down)"
MIF,2.19,-0.9,-1.0,-1.1,"Opposite (HZ Up, RZV Down)"
MID2,0.142,-0.6,-1.1,-0.2,"Opposite (HZ Up, RZV Down)"
MICAL3,0.021,-0.9,-2.4,0.5,"Opposite (HZ Up, RZV Down)"
MAP10,0.068,-1.0,3.8,0.3,"Opposite (HZ Up, RZV Down)"
MAN1B1,0.053,-2.7,-2.1,-2.1,"Opposite (HZ Up, RZV Down)"
MAMSTR,0.044,-0.6,0.7,1.6,"Opposite (HZ Up, RZV Down)"
MAMLD1,0.006,-1.6,-1.3,-0.4,"Opposite (HZ Up, RZV Down)"
MAL,0.518,-2.1,-6.7,-0.6,"Opposite (HZ Up, RZV Down)"
MAGED2,0.264,-1.2,-1.0,-0.9,"Opposite (HZ Up, RZV Down)"
LZTFL1,0.317,-0.7,-1.0,0.8,"Opposite (HZ Up, RZV Down)"
LYSMD2,0.755,-0.9,-0.8,-0.6,"Opposite (HZ Up, RZV Down)"
MAP3K13,0.395,-0.9,-0.3,0.1,"Opposite (HZ Up, RZV Down)"
LYL1,0.105,-2.1,-2.6,-1.3,"Opposite (HZ Up, RZV Down)"
LY75,0.583,-0.7,0.2,0.8,"Opposite (HZ Up, RZV Down)"
LUZP1,0.266,-0.8,-0.2,-0.4,"Opposite (HZ Up, RZV Down)"
LTA4H,0.715,-0.6,-1.0,-0.3,"Opposite (HZ Up, RZV Down)"
LTA,0.463,-1.7,-2.4,-0.4,"Opposite (HZ Up, RZV Down)"
LSS,0.05,-1.6,-0.6,0.4,"Opposite (HZ Up, RZV Down)"
LRWD1,0.131,-1.1,-1.5,-0.2,"Opposite (HZ Up, RZV Down)"
LRRCC1,0.053,-0.8,-0.6,1.0,"Opposite (HZ Up, RZV Down)"
LRRC75A,0.139,-2.0,-1.6,-2.2,"Opposite (HZ Up, RZV Down)"
LY9,0.785,-1.3,-2.7,-0.8,"Opposite (HZ Up, RZV Down)"
ITPR3,0.454,-1.1,0.3,0.0,"Opposite (HZ Up, RZV Down)"
MAP3K6,0.126,-1.4,-1.7,0.3,"Opposite (HZ Up, RZV Down)"
MAP9,0.255,-1.5,-2.0,-1.2,"Opposite (HZ Up, RZV Down)"
MGST3,0.796,-1.1,-0.5,-0.3,"Opposite (HZ Up, RZV Down)"
MGAT2,0.185,-0.7,-0.6,-0.3,"Opposite (HZ Up, RZV Down)"
MFAP3L,0.016,-2.1,-2.3,-1.8,"Opposite (HZ Up, RZV Down)"
MEX3C,0.213,-0.8,-0.6,-0.5,"Opposite (HZ Up, RZV Down)"
METTL4,0.535,-0.9,-0.4,-0.5,"Opposite (HZ Up, RZV Down)"
METTL25,0.241,-1.4,1.6,-0.2,"Opposite (HZ Up, RZV Down)"
METTL15,0.007,-0.9,-1.2,-0.7,"Opposite (HZ Up, RZV Down)"
MED1,0.882,-0.6,0.0,-0.8,"Opposite (HZ Up, RZV Down)"
MAP3K7CL,0.021,-1.0,-1.7,-0.1,"Opposite (HZ Up, RZV Down)"
MCM8,0.318,-0.9,0.4,-1.2,"Opposite (HZ Up, RZV Down)"
MBNL3,0.54,-5.2,-2.3,-0.4,"Opposite (HZ Up, RZV Down)"
MBLAC1,0.021,-0.7,0.6,1.0,"Opposite (HZ Up, RZV Down)"
MBD5,0.122,-0.8,-0.4,-1.0,"Opposite (HZ Up, RZV Down)"
MBD1,0.36,-0.7,-0.5,-0.1,"Opposite (HZ Up, RZV Down)"
MATN1-AS1,0.185,-1.9,-2.4,1.1,"Opposite (HZ Up, RZV Down)"
MAST4,0.152,-1.2,-0.7,-0.7,"Opposite (HZ Up, RZV Down)"
MAPK13,0.22,-1.0,-0.5,0.1,"Opposite (HZ Up, RZV Down)"
MAPK11,0.037,-3.0,0.1,-2.9,"Opposite (HZ Up, RZV Down)"
MCF2L,0.049,-1.7,-3.0,-1.1,"Opposite (HZ Up, RZV Down)"
FAIM,0.117,-4.5,-1.1,1.8,"Opposite (HZ Up, RZV Down)"
ITGAM,0.071,-2.2,1.1,1.2,"Opposite (HZ Up, RZV Down)"
ITGA3,0.032,-2.0,0.2,-1.3,"Opposite (HZ Up, RZV Down)"
GIMAP6,1.062,-1.4,-2.0,-2.4,"Opposite (HZ Up, RZV Down)"
GIMAP5,0.892,-1.8,-0.3,-0.9,"Opposite (HZ Up, RZV Down)"
GHRLOS,0.046,-1.2,-0.0,-3.7,"Opposite (HZ Up, RZV Down)"
GHET1,0.024,-2.0,-3.1,-3.3,"Opposite (HZ Up, RZV Down)"
GHDC,0.156,-2.4,-0.2,-2.4,"Opposite (HZ Up, RZV Down)"
GCSAM,1.078,-2.5,-4.2,-3.3,"Opposite (HZ Up, RZV Down)"
GCNT4,0.258,-2.8,-3.9,-1.1,"Opposite (HZ Up, RZV Down)"
GCNA,0.049,-1.6,-0.2,-0.6,"Opposite (HZ Up, RZV Down)"
GCLM,0.282,-0.7,-0.5,-0.5,"Opposite (HZ Up, RZV Down)"
GCK,0.015,-0.8,-4.3,0.6,"Opposite (HZ Up, RZV Down)"
GCAT,0.009,-0.7,-2.2,-0.4,"Opposite (HZ Up, RZV Down)"
GCA,0.2,-1.5,-2.3,-1.1,"Opposite (HZ Up, RZV Down)"
GBE1,0.089,-1.0,-0.8,-0.5,"Opposite (HZ Up, RZV Down)"
GARNL3,0.011,-0.8,-1.5,1.1,"Opposite (HZ Up, RZV Down)"
GAMT,0.055,-1.1,1.0,0.3,"Opposite (HZ Up, RZV Down)"
GALNT6,0.013,-2.0,-0.8,-0.8,"Opposite (HZ Up, RZV Down)"
GALNT3,0.106,-2.1,1.9,-0.9,"Opposite (HZ Up, RZV Down)"
GLB1L,0.03,-1.2,-2.5,0.7,"Opposite (HZ Up, RZV Down)"
GLCE,0.179,-1.3,0.5,0.2,"Opposite (HZ Up, RZV Down)"
GLI4,0.178,-1.5,1.1,0.4,"Opposite (HZ Up, RZV Down)"
GLIPR2,0.396,-0.8,-0.5,-0.5,"Opposite (HZ Up, RZV Down)"
GPR180,0.337,-0.8,-0.1,0.2,"Opposite (HZ Up, RZV Down)"
GPR171,0.998,-1.0,-0.7,-1.0,"Opposite (HZ Up, RZV Down)"
GPR155,0.356,-1.9,-1.0,-1.2,"Opposite (HZ Up, RZV Down)"
GPR146,0.24,-1.1,0.7,-2.2,"Opposite (HZ Up, RZV Down)"
GPLD1,0.027,-3.0,-2.1,-2.4,"Opposite (HZ Up, RZV Down)"
GPD2,0.264,-1.1,-0.4,-1.1,"Opposite (HZ Up, RZV Down)"
GPC1,0.003,-2.7,0.5,-2.1,"Opposite (HZ Up, RZV Down)"
GPBAR1,0.082,-1.7,-3.0,-2.9,"Opposite (HZ Up, RZV Down)"
GALC,0.022,-0.9,0.3,-0.5,"Opposite (HZ Up, RZV Down)"
GPAT3,0.1,-4.5,-2.7,-1.3,"Opposite (HZ Up, RZV Down)"
GOLGA6L9,0.107,-1.8,-2.6,-2.2,"Opposite (HZ Up, RZV Down)"
GNPDA2,0.433,-0.6,-0.7,-0.1,"Opposite (HZ Up, RZV Down)"
GNL1,0.181,-0.6,-0.8,-0.9,"Opposite (HZ Up, RZV Down)"
GNGT2,0.083,-0.6,0.6,1.3,"Opposite (HZ Up, RZV Down)"
GNG8,0.108,-0.8,-0.7,0.4,"Opposite (HZ Up, RZV Down)"
GNAQ,0.185,-1.0,-0.4,-1.3,"Opposite (HZ Up, RZV Down)"
GNAI1,0.011,-3.2,-3.8,-2.8,"Opposite (HZ Up, RZV Down)"
GMPR,0.015,-2.5,-1.2,-1.8,"Opposite (HZ Up, RZV Down)"
GOLM1,0.019,-1.3,-2.6,-0.8,"Opposite (HZ Up, RZV Down)"
GPR65,0.345,-1.4,-1.0,-0.6,"Opposite (HZ Up, RZV Down)"
GABPB1,0.076,-0.7,-0.5,-0.1,"Opposite (HZ Up, RZV Down)"
G6PC3,0.137,-1.3,-1.9,-0.3,"Opposite (HZ Up, RZV Down)"
FCGBP,0.013,-1.1,-0.6,-1.7,"Opposite (HZ Up, RZV Down)"
FBXW8,0.017,-1.4,1.8,-2.4,"Opposite (HZ Up, RZV Down)"
FBP1,0.216,-3.7,-4.0,-3.2,"Opposite (HZ Up, RZV Down)"
FARP1,0.021,-0.7,-0.3,-0.9,"Opposite (HZ Up, RZV Down)"
FANCI,0.164,-0.8,2.0,-0.6,"Opposite (HZ Up, RZV Down)"
FANCB,0.136,-1.2,-2.0,0.5,"Opposite (HZ Up, RZV Down)"
FAM8A1,0.248,-1.9,-2.8,-1.9,"Opposite (HZ Up, RZV Down)"
FAM89A,0.139,-1.2,-1.7,-0.5,"Opposite (HZ Up, RZV Down)"
FAM53C,0.097,-0.8,0.3,1.0,"Opposite (HZ Up, RZV Down)"
FAM241B,0.318,-0.6,0.9,3.3,"Opposite (HZ Up, RZV Down)"
FAM241A,0.126,-0.6,-0.7,-0.4,"Opposite (HZ Up, RZV Down)"
FAM221A,0.178,-0.7,-2.3,0.9,"Opposite (HZ Up, RZV Down)"
FAM174A,0.09,-2.1,1.7,-0.2,"Opposite (HZ Up, RZV Down)"
FAM171A1,0.127,-0.6,-1.1,-0.3,"Opposite (HZ Up, RZV Down)"
FAM169A,0.366,-0.8,-2.1,-0.3,"Opposite (HZ Up, RZV Down)"
FAM161B,0.116,-2.0,-0.4,-2.3,"Opposite (HZ Up, RZV Down)"
FAM153A,0.064,-2.5,-2.6,-2.1,"Opposite (HZ Up, RZV Down)"
FCHSD1,0.124,-1.3,-1.8,0.2,"Opposite (HZ Up, RZV Down)"
FGFRL1,0.032,-2.3,-0.6,-0.2,"Opposite (HZ Up, RZV Down)"
FGL2,0.825,-1.9,-0.5,-1.4,"Opposite (HZ Up, RZV Down)"
FHIT,1.217,-1.2,-0.0,-2.3,"Opposite (HZ Up, RZV Down)"
FUOM,0.214,-0.7,-0.9,0.1,"Opposite (HZ Up, RZV Down)"
FTH1P22,0.112,-1.1,-1.5,-0.7,"Opposite (HZ Up, RZV Down)"
FRYL,1.067,-0.6,-0.4,-0.7,"Opposite (HZ Up, RZV Down)"
FRMD6,0.026,-3.8,-1.8,-5.8,"Opposite (HZ Up, RZV Down)"
FPGT,0.134,-0.6,-2.8,-3.7,"Opposite (HZ Up, RZV Down)"
FOXN3-AS1,0.003,-0.8,0.3,0.8,"Opposite (HZ Up, RZV Down)"
FOSL1,0.01,-1.5,-1.5,0.0,"Opposite (HZ Up, RZV Down)"
FOCAD,0.044,-1.3,0.5,-0.1,"Opposite (HZ Up, RZV Down)"
GAB3,0.062,-1.0,2.7,0.3,"Opposite (HZ Up, RZV Down)"
FNIP2,0.077,-0.7,-0.4,-1.3,"Opposite (HZ Up, RZV Down)"
FNDC3A,0.316,-0.7,-0.4,-0.8,"Opposite (HZ Up, RZV Down)"
FLOT1,0.174,-2.2,-0.9,-0.8,"Opposite (HZ Up, RZV Down)"
FLI1,0.107,-1.1,0.0,-0.6,"Opposite (HZ Up, RZV Down)"
FKBP11,0.854,-1.0,-1.0,0.1,"Opposite (HZ Up, RZV Down)"
FIZ1,0.115,-0.7,-0.6,-0.5,"Opposite (HZ Up, RZV Down)"
FITM2,0.081,-1.6,0.8,-1.3,"Opposite (HZ Up, RZV Down)"
FIG4,0.101,-0.6,-0.7,0.3,"Opposite (HZ Up, RZV Down)"
FHOD1,0.004,-1.1,1.0,-1.2,"Opposite (HZ Up, RZV Down)"
FNIP1,0.676,-1.0,-0.7,-0.7,"Opposite (HZ Up, RZV Down)"
GPR82,0.03,-2.2,-0.9,-3.0,"Opposite (HZ Up, RZV Down)"
GPRASP1,0.62,-2.2,-2.7,-2.3,"Opposite (HZ Up, RZV Down)"
GPT2,0.028,-2.1,0.2,0.3,"Opposite (HZ Up, RZV Down)"
IGSF8,0.269,-1.0,-2.2,2.3,"Opposite (HZ Up, RZV Down)"
IGHV1-3,0.014,-2.7,-2.7,-3.3,"Opposite (HZ Up, RZV Down)"
IGFBP3,0.015,-2.3,-3.6,-1.4,"Opposite (HZ Up, RZV Down)"
IGF1R,0.177,-2.0,-3.0,-2.1,"Opposite (HZ Up, RZV Down)"
IFT88,0.316,-2.8,-1.8,-0.4,"Opposite (HZ Up, RZV Down)"
IFT81,0.059,-2.6,-2.9,1.3,"Opposite (HZ Up, RZV Down)"
IFT74,0.268,-1.1,-2.6,-2.0,"Opposite (HZ Up, RZV Down)"
IFNGR2,0.072,-1.9,-2.0,-0.2,"Opposite (HZ Up, RZV Down)"
IFIT5,0.251,-0.9,-1.0,-0.1,"Opposite (HZ Up, RZV Down)"
IFIT3,0.88,-2.1,-1.0,-0.7,"Opposite (HZ Up, RZV Down)"
IFI44L,0.814,-2.1,-0.4,-0.3,"Opposite (HZ Up, RZV Down)"
IFI44,0.704,-1.0,-1.7,-0.0,"Opposite (HZ Up, RZV Down)"
HYAL2,0.031,-1.0,-2.2,-0.7,"Opposite (HZ Up, RZV Down)"
HVCN1,0.161,-0.8,0.6,-0.7,"Opposite (HZ Up, RZV Down)"
HSPB1,1.035,-0.7,-0.8,0.0,"Opposite (HZ Up, RZV Down)"
HSPA2,0.036,-1.9,-1.6,1.3,"Opposite (HZ Up, RZV Down)"
HSPA1L,0.268,-1.4,-2.3,-2.4,"Opposite (HZ Up, RZV Down)"
IKZF2,0.262,-3.3,-2.5,-2.3,"Opposite (HZ Up, RZV Down)"
IKZF4,0.051,-0.7,-2.2,-2.4,"Opposite (HZ Up, RZV Down)"
IL10RA,0.575,-0.9,0.2,-1.6,"Opposite (HZ Up, RZV Down)"
IL12A,0.004,-0.9,-0.7,1.7,"Opposite (HZ Up, RZV Down)"
ITGA2,0.056,-2.0,-0.4,-0.7,"Opposite (HZ Up, RZV Down)"
ITGA10,0.057,-2.1,0.2,-1.2,"Opposite (HZ Up, RZV Down)"
ITGA1,0.098,-4.2,-7.3,-3.1,"Opposite (HZ Up, RZV Down)"
ISM1,0.028,-2.9,-2.6,-0.6,"Opposite (HZ Up, RZV Down)"
IRF1,1.16,-0.6,-0.9,-0.4,"Opposite (HZ Up, RZV Down)"
IRAK2,0.023,-2.2,1.8,0.2,"Opposite (HZ Up, RZV Down)"
IQCK,0.089,-1.3,-3.2,-0.8,"Opposite (HZ Up, RZV Down)"
IPMK,0.06,-1.4,-0.1,-1.1,"Opposite (HZ Up, RZV Down)"
HSPA13,0.395,-0.6,-0.2,0.1,"Opposite (HZ Up, RZV Down)"
INTS5,0.333,-0.6,0.8,-1.2,"Opposite (HZ Up, RZV Down)"
INPP5E,0.058,-0.7,-1.0,-0.7,"Opposite (HZ Up, RZV Down)"
IL7R,0.822,-1.2,-0.7,-1.0,"Opposite (HZ Up, RZV Down)"
IL6ST,1.108,-0.6,-0.5,-0.7,"Opposite (HZ Up, RZV Down)"
IL32,0.073,-0.9,-1.2,-0.3,"Opposite (HZ Up, RZV Down)"
IL2RB,0.377,-0.9,0.1,-1.6,"Opposite (HZ Up, RZV Down)"
IL23A,0.322,-1.4,-1.1,0.3,"Opposite (HZ Up, RZV Down)"
IL20RB,0.002,-0.9,-2.8,-1.4,"Opposite (HZ Up, RZV Down)"
IL15,0.128,-1.6,-2.3,-0.5,"Opposite (HZ Up, RZV Down)"
INTS1,0.237,-0.6,0.6,-0.5,"Opposite (HZ Up, RZV Down)"
HSBP1L1,0.125,-2.1,-0.0,-2.2,"Opposite (HZ Up, RZV Down)"
HS2ST1,0.391,-1.0,-2.0,-0.9,"Opposite (HZ Up, RZV Down)"
HS1BP3,0.037,-0.9,0.8,1.6,"Opposite (HZ Up, RZV Down)"
HCG11,0.19,-0.9,-0.8,-0.1,"Opposite (HZ Up, RZV Down)"
HCFC2,0.359,-1.5,-1.5,-1.2,"Opposite (HZ Up, RZV Down)"
HBEGF,0.004,-0.8,-0.0,-0.5,"Opposite (HZ Up, RZV Down)"
HAUS7,0.18,-0.8,-0.7,-0.9,"Opposite (HZ Up, RZV Down)"
HARS2,0.3,-2.0,-0.4,-0.7,"Opposite (HZ Up, RZV Down)"
HAPLN3,0.506,-0.8,-0.3,-0.9,"Opposite (HZ Up, RZV Down)"
H6PD,0.045,-0.8,0.4,-4.6,"Opposite (HZ Up, RZV Down)"
GYS1,0.078,-1.8,2.6,-4.3,"Opposite (HZ Up, RZV Down)"
HCG18,0.763,-0.1,-0.1,-0.0,"Opposite (HZ Up, RZV Down)"
GXYLT1,0.312,-0.7,-0.0,0.9,"Opposite (HZ Up, RZV Down)"
GTF2A1,0.665,-0.7,-0.4,-0.2,"Opposite (HZ Up, RZV Down)"
GSTM3,0.722,-1.5,-2.7,-0.8,"Opposite (HZ Up, RZV Down)"
GSEC,0.012,-1.5,-0.4,-0.0,"Opposite (HZ Up, RZV Down)"
GSAP,0.368,-2.5,-0.9,-1.1,"Opposite (HZ Up, RZV Down)"
GRPEL1,0.164,-0.6,-0.6,-0.0,"Opposite (HZ Up, RZV Down)"
GRK3,0.024,-0.6,0.3,-1.0,"Opposite (HZ Up, RZV Down)"
GRIP1,0.032,-1.2,-3.2,-3.3,"Opposite (HZ Up, RZV Down)"
GRB10,0.019,-3.5,-2.4,-2.9,"Opposite (HZ Up, RZV Down)"
GTPBP2,0.214,-1.8,0.3,-1.7,"Opposite (HZ Up, RZV Down)"
ITGA6,0.806,-4.5,-2.3,-0.4,"Opposite (HZ Up, RZV Down)"
HDDC3,0.521,-0.9,-1.6,-0.5,"Opposite (HZ Up, RZV Down)"
HEBP1,0.51,-1.6,-3.9,-3.5,"Opposite (HZ Up, RZV Down)"
HPS5,0.547,-0.8,-0.3,-0.4,"Opposite (HZ Up, RZV Down)"
HOOK1,0.593,-2.4,-2.6,-1.7,"Opposite (HZ Up, RZV Down)"
HMGB3P22,0.046,-1.5,0.7,-1.4,"Opposite (HZ Up, RZV Down)"
HLA-DQB2,0.013,-1.1,0.2,0.1,"Opposite (HZ Up, RZV Down)"
HLA-DQB1,0.126,-1.4,-0.4,-0.5,"Opposite (HZ Up, RZV Down)"
HLA-DQA1,0.308,-1.2,0.0,-0.6,"Opposite (HZ Up, RZV Down)"
HLA-DPB1,0.226,-1.3,-0.2,-0.0,"Opposite (HZ Up, RZV Down)"
HIRA,0.115,-0.6,-1.4,-0.1,"Opposite (HZ Up, RZV Down)"
HDX,0.047,-5.1,-0.7,1.5,"Opposite (HZ Up, RZV Down)"
HIPK3,0.369,-1.0,-0.0,-0.1,"Opposite (HZ Up, RZV Down)"
HIBCH,0.171,-0.7,-0.0,0.2,"Opposite (HZ Up, RZV Down)"
HEXIM2,0.07,-0.8,-0.8,-2.7,"Opposite (HZ Up, RZV Down)"
HEXA-AS1,0.06,-1.4,0.2,-1.2,"Opposite (HZ Up, RZV Down)"
HERC6,0.498,-2.0,-1.9,-0.4,"Opposite (HZ Up, RZV Down)"
HERC5,0.136,-3.0,-0.7,-1.0,"Opposite (HZ Up, RZV Down)"
HERC3,0.758,-1.7,-0.3,-1.1,"Opposite (HZ Up, RZV Down)"
HEMK1,0.033,-2.1,-5.8,-2.7,"Opposite (HZ Up, RZV Down)"
HELZ2,0.083,-2.4,-6.5,-2.0,"Opposite (HZ Up, RZV Down)"
HIPK2,0.493,-1.2,-0.8,-0.7,"Opposite (HZ Up, RZV Down)"
ZYG11B,0.332,-2.4,-0.9,0.2,"Opposite (HZ Up, RZV Down)"
